{
"type": "FeatureCollection",
"name": "buildings",
"crs": { "type": "name", "properties": { "name": "urn:ogc:def:crs:OGC:1.3:CRS84" } },
"features": [
{ "type": "Feature", "properties": { "gid": 461516, "building_name": "National Constitution Center", "num_birds_near": 316, "approx_hgt": 67.0, "lights_out": 0, "address": "501 ARCH ST" }, "geometry": { "type": "Polygon", "coordinates": [ [ [ -75.149297864845877, 39.954411250616467 ], [ -75.148528008966423, 39.954311686938411 ], [ -75.148561396807906, 39.954158783559635 ], [ -75.148554385023502, 39.954076840887112 ], [ -75.148603131011711, 39.953967412163976 ], [ -75.148720405742736, 39.953430339194689 ], [ -75.148652352038411, 39.953263873406833 ], [ -75.149258041007002, 39.953342206680084 ], [ -75.149716400848561, 39.952851691773077 ], [ -75.149766322672747, 39.952858147594362 ], [ -75.149746783563145, 39.952947636182593 ], [ -75.149730826787774, 39.952945572426621 ], [ -75.149581820499648, 39.953699085782887 ], [ -75.149338118545316, 39.953667568963446 ], [ -75.149102069502575, 39.95391598775096 ], [ -75.149188905400123, 39.954017766108961 ], [ -75.149206003033385, 39.954090501046608 ], [ -75.14919914712776, 39.954155243244664 ], [ -75.149297864845877, 39.954411250616467 ] ], [ [ -75.149711817060549, 39.952873296091511 ], [ -75.149662867141117, 39.952923669677219 ], [ -75.149733273815158, 39.952931894580111 ], [ -75.149711817060549, 39.952873296091511 ] ], [ [ -75.149379891475306, 39.953228997536364 ], [ -75.149336976081074, 39.953276287571946 ], [ -75.149401348756115, 39.953283999237236 ], [ -75.149379891475306, 39.953228997536364 ] ], [ [ -75.149445606793265, 39.953159605245375 ], [ -75.149402689655759, 39.953205352720879 ], [ -75.149467062515512, 39.953213577935074 ], [ -75.149445606793265, 39.953159605245375 ] ], [ [ -75.149577706735698, 39.95302081951418 ], [ -75.149534120744875, 39.953065540929138 ], [ -75.149599499895743, 39.953074022249346 ], [ -75.149577706735698, 39.95302081951418 ] ], [ [ -75.149511991652489, 39.953090212781667 ], [ -75.149468407198086, 39.953135962270181 ], [ -75.149532777519084, 39.953143671107853 ], [ -75.149511991652489, 39.953090212781667 ] ], [ [ -75.149643421193048, 39.952950399036887 ], [ -75.149601846722689, 39.952995118323742 ], [ -75.149664878176168, 39.953004371716681 ], [ -75.149643421193048, 39.952950399036887 ] ], [ [ -75.149314179891917, 39.953298135789964 ], [ -75.149273276060214, 39.953342084484099 ], [ -75.149334294654665, 39.953349794020511 ], [ -75.149314179891917, 39.953298135789964 ] ] ] } },
{ "type": "Feature", "properties": { "gid": 545713, "building_name": null, "num_birds_near": 268, "approx_hgt": null, "lights_out": 0, "address": "1400 S 33RD ST" }, "geometry": { "type": "Polygon", "coordinates": [ [ [ -75.198675165386121, 39.935718253567778 ], [ -75.199060781643468, 39.935766449305781 ], [ -75.19897860409003, 39.9361434261425 ], [ -75.198878838708239, 39.936119711521549 ], [ -75.198613029199038, 39.9368418746771 ], [ -75.198205818289438, 39.936754117754816 ], [ -75.198412430227208, 39.936186907684423 ], [ -75.198675165386121, 39.935718253567778 ] ] ] } },
{ "type": "Feature", "properties": { "gid": 436328, "building_name": "Comcast Center", "num_birds_near": 210, "approx_hgt": 976.0, "lights_out": 1, "address": "1701 JOHN F KENNEDY BLVD # 1" }, "geometry": { "type": "Polygon", "coordinates": [ [ [ -75.16909039879836, 39.954746139085216 ], [ -75.169025059293602, 39.955043348319798 ], [ -75.168742436026207, 39.955014034558481 ], [ -75.168734952003391, 39.955046647692349 ], [ -75.168175743509309, 39.954970645456264 ], [ -75.168183237486019, 39.954937992932706 ], [ -75.16812519162977, 39.954930103618956 ], [ -75.168137786169254, 39.954875221683956 ], [ -75.168086719592196, 39.954868281432425 ], [ -75.168140281576356, 39.954634875881737 ], [ -75.168185856116963, 39.954641070798793 ], [ -75.168211447609409, 39.954529553594242 ], [ -75.168301153452276, 39.95454174688895 ], [ -75.168354762433253, 39.95436050375443 ], [ -75.168802120597775, 39.954421304774101 ], [ -75.168780400952045, 39.954600332003523 ], [ -75.168880484171211, 39.954619626782296 ], [ -75.168871871682512, 39.954681976783405 ], [ -75.16901888634564, 39.954701957168844 ], [ -75.169035299321706, 39.954630429263332 ], [ -75.169193970864754, 39.954651992597647 ], [ -75.169171348029465, 39.954756227220685 ], [ -75.16909039879836, 39.954746139085216 ] ], [ [ -75.169076501392368, 39.954770710558648 ], [ -75.168917267136649, 39.954748143290999 ], [ -75.168907204787104, 39.954790196893491 ], [ -75.169066437934092, 39.954812765049056 ], [ -75.169076501392368, 39.954770710558648 ] ], [ [ -75.169041685824951, 39.954932331127843 ], [ -75.168880634218795, 39.954912566522083 ], [ -75.16887781133876, 39.95492619118729 ], [ -75.169038863010641, 39.954945954896786 ], [ -75.169041685824951, 39.954932331127843 ] ] ] } },
{ "type": "Feature", "properties": { "gid": 7073, "building_name": null, "num_birds_near": 162, "approx_hgt": 166.0, "lights_out": 0, "address": "1835-99 N 12TH ST" }, "geometry": { "type": "Polygon", "coordinates": [ [ [ -75.152210132602747, 39.981132308814068 ], [ -75.152237870337132, 39.981009480343815 ], [ -75.152222426950715, 39.981007416087003 ], [ -75.152235053205089, 39.980957129660027 ], [ -75.152182976644468, 39.980949783231232 ], [ -75.152190266643402, 39.980917504457814 ], [ -75.152131384208801, 39.980909634507476 ], [ -75.152118820347638, 39.980965268971218 ], [ -75.152021606163103, 39.980952276529351 ], [ -75.152095979909234, 39.980622939401783 ], [ -75.152111060817916, 39.980624954925332 ], [ -75.152122550234552, 39.980574076032106 ], [ -75.152232821887452, 39.980588813745413 ], [ -75.152227975281107, 39.980610279771817 ], [ -75.152321017353074, 39.980622714476851 ], [ -75.152282198428551, 39.980794609255597 ], [ -75.152416218725676, 39.98081252079151 ], [ -75.152433681916264, 39.980696429959742 ], [ -75.152448805977031, 39.980698450920357 ], [ -75.152459394094436, 39.980651562922404 ], [ -75.152568217533926, 39.980666106243952 ], [ -75.152590786630114, 39.980566162762671 ], [ -75.152478111016165, 39.980551103373941 ], [ -75.15249491870064, 39.980476675128379 ], [ -75.152713175585845, 39.980505845698353 ], [ -75.152689155890528, 39.980612211248847 ], [ -75.152758657249493, 39.980621499801039 ], [ -75.152773903779675, 39.980553983023732 ], [ -75.152976722436094, 39.980581088114057 ], [ -75.152970116689573, 39.980610338781297 ], [ -75.1532722446413, 39.980650716668229 ], [ -75.153163327839579, 39.981133045595435 ], [ -75.152994996227221, 39.981110549815781 ], [ -75.152901453021329, 39.981492691046995 ], [ -75.15270384849417, 39.981467113993325 ], [ -75.152696007643186, 39.981501979759628 ], [ -75.152652992151744, 39.981496357762921 ], [ -75.152660410620157, 39.981460409327532 ], [ -75.152458723115359, 39.981434745736564 ], [ -75.152483585198922, 39.981319448591535 ], [ -75.152387809860315, 39.981307804527361 ], [ -75.152417673204852, 39.981159007279189 ], [ -75.152210132602747, 39.981132308814068 ] ] ] } },
{ "type": "Feature", "properties": { "gid": 6629, "building_name": null, "num_birds_near": 132, "approx_hgt": 127.0, "lights_out": 0, "address": "1801-35 N BROAD ST" }, "geometry": { "type": "Polygon", "coordinates": [ [ [ -75.155903318659327, 39.981018853416927 ], [ -75.155697214581053, 39.980992887533674 ], [ -75.155694245336164, 39.981006321224186 ], [ -75.155408109775578, 39.98095592717727 ], [ -75.15541586890123, 39.980920832352354 ], [ -75.155391816112484, 39.98091768545261 ], [ -75.155430268679382, 39.980743770438657 ], [ -75.155399221543973, 39.980733200497404 ], [ -75.155414081307597, 39.980665990035511 ], [ -75.155448320283298, 39.980660948159979 ], [ -75.155486469515012, 39.980488404827632 ], [ -75.15550960859629, 39.98049142923648 ], [ -75.1555147478621, 39.980468192006498 ], [ -75.155428211404526, 39.980456867481131 ], [ -75.155520961540347, 39.980037375690486 ], [ -75.156171127088967, 39.980120639944062 ], [ -75.15607878117315, 39.980538329370539 ], [ -75.156036720771411, 39.980532825732467 ], [ -75.156027270406256, 39.980575565321182 ], [ -75.156054893177185, 39.980597136571475 ], [ -75.156049031704612, 39.980623648005199 ], [ -75.15601351597293, 39.980636790160389 ], [ -75.156008093479343, 39.980661313964063 ], [ -75.156037034476299, 39.980681551781053 ], [ -75.15603069455446, 39.980710224747369 ], [ -75.155994917241188, 39.980722701440904 ], [ -75.155992497599158, 39.980733645441319 ], [ -75.156011507628307, 39.980736133104706 ], [ -75.155993997991629, 39.980815332110836 ], [ -75.155975423779893, 39.980812902051071 ], [ -75.155936849475793, 39.980987372194967 ], [ -75.155911026433458, 39.980983992568227 ], [ -75.155903318659327, 39.981018853416927 ] ] ] } },
{ "type": "Feature", "properties": { "gid": 367040, "building_name": "Independence Visitor Center", "num_birds_near": 130, "approx_hgt": 47.0, "lights_out": 0, "address": "501-35 MARKET ST" }, "geometry": { "type": "Polygon", "coordinates": [ [ [ -75.149614201736398, 39.952103371429587 ], [ -75.149779372490045, 39.95136189361854 ], [ -75.149865232898151, 39.951373222316846 ], [ -75.149896496931063, 39.951232870328973 ], [ -75.149842182839976, 39.951225704079327 ], [ -75.149903065465608, 39.950952383595727 ], [ -75.149954335628635, 39.950959148344879 ], [ -75.149964060760226, 39.9509154928149 ], [ -75.149999722362637, 39.950901866882923 ], [ -75.150054693024984, 39.950917934688135 ], [ -75.150066843635756, 39.950863422800495 ], [ -75.15020286337986, 39.950881372723181 ], [ -75.149996778685335, 39.951806421494254 ], [ -75.150021079798876, 39.951809626740101 ], [ -75.149960058374191, 39.952083537912166 ], [ -75.149938042648017, 39.952080633141804 ], [ -75.149923959803672, 39.952143807759604 ], [ -75.149805158785838, 39.952128130122681 ], [ -75.149802248415853, 39.952141251449447 ], [ -75.149614201736398, 39.952103371429587 ] ] ] } },
{ "type": "Feature", "properties": { "gid": 499616, "building_name": "Three Logan Square", "num_birds_near": 128, "approx_hgt": 728.0, "lights_out": 1, "address": "1717 ARCH ST" }, "geometry": { "type": "Polygon", "coordinates": [ [ [ -75.168677380368266, 39.955488643218928 ], [ -75.168623276033742, 39.955479798592755 ], [ -75.168628776508086, 39.955455637377469 ], [ -75.168562211857946, 39.95544666098143 ], [ -75.168601538200292, 39.95532202950627 ], [ -75.168587473030925, 39.955320133503584 ], [ -75.168603885626425, 39.955248046110384 ], [ -75.168672107641285, 39.955257245391721 ], [ -75.168678569245074, 39.955228863835373 ], [ -75.16873489148405, 39.95523645908888 ], [ -75.168742239806065, 39.955204182582868 ], [ -75.168806396599152, 39.95521283349148 ], [ -75.168813254545015, 39.955182708377521 ], [ -75.16932299968208, 39.955251440722336 ], [ -75.169315695212148, 39.955283525429557 ], [ -75.169460653189617, 39.955303070610512 ], [ -75.169447424345861, 39.955361177539466 ], [ -75.169471448699667, 39.955364417443562 ], [ -75.169431023024828, 39.955489182128851 ], [ -75.169446537277892, 39.955491273709903 ], [ -75.169430464131381, 39.955561874963202 ], [ -75.169367884118941, 39.955553436484479 ], [ -75.169360725574521, 39.955584884758707 ], [ -75.169303674936984, 39.955577192341245 ], [ -75.169296887524411, 39.955607006415867 ], [ -75.16924117294586, 39.955599493594541 ], [ -75.169235270783901, 39.955625419891255 ], [ -75.168728853156168, 39.955557136014725 ], [ -75.168735688486834, 39.955527114912833 ], [ -75.168670619328083, 39.955518341624987 ], [ -75.168677380368266, 39.955488643218928 ] ] ] } },
{ "type": "Feature", "properties": { "gid": 7375, "building_name": "New Library", "num_birds_near": 93, "approx_hgt": 73.0, "lights_out": 0, "address": "1901-47 N PARK AVE" }, "geometry": { "type": "Polygon", "coordinates": [ [ [ -75.155571951688174, 39.982774486685926 ], [ -75.15503521112835, 39.982704915767812 ], [ -75.15507276246386, 39.982539985215304 ], [ -75.155293037379522, 39.982565676078735 ], [ -75.155317513520615, 39.982452639350441 ], [ -75.155268563078636, 39.982445959710468 ], [ -75.155350201854745, 39.98205945162519 ], [ -75.155276443222093, 39.982052256983593 ], [ -75.155264373292098, 39.982107747933007 ], [ -75.155018616421231, 39.982102608652973 ], [ -75.155054490998594, 39.981989828839104 ], [ -75.15507326629259, 39.981842108373094 ], [ -75.15538674892376, 39.981910446264109 ], [ -75.155450787422964, 39.981622713180542 ], [ -75.155676092252023, 39.981650459689959 ], [ -75.15561104810844, 39.981940504674419 ], [ -75.155595793225913, 39.981939476803134 ], [ -75.155623116751102, 39.981947185560259 ], [ -75.155613562194375, 39.98198893074877 ], [ -75.155586741035606, 39.981985976295363 ], [ -75.155599145209251, 39.981993041394382 ], [ -75.155493197959487, 39.982475247426791 ], [ -75.155412731247097, 39.982465227898608 ], [ -75.155405355149696, 39.982496056065635 ], [ -75.155434524197645, 39.982499396119159 ], [ -75.155425471323099, 39.982542812309958 ], [ -75.155396638137972, 39.982538958160532 ], [ -75.155386914342358, 39.982577493692894 ], [ -75.155608532279771, 39.982606266954392 ], [ -75.155571951688174, 39.982774486685926 ] ] ] } },
{ "type": "Feature", "properties": { "gid": 542689, "building_name": "Science Education and Research Center", "num_birds_near": 83, "approx_hgt": 144.0, "lights_out": 1, "address": "1835-99 N 12TH ST" }, "geometry": { "type": "Polygon", "coordinates": [ [ [ -75.15301497814437, 39.981355070325279 ], [ -75.153031269378317, 39.981326419985876 ], [ -75.153303777087061, 39.981362338581242 ], [ -75.153204633892258, 39.981822080393833 ], [ -75.153239332756044, 39.981825921878297 ], [ -75.153152785085496, 39.982208358558964 ], [ -75.152900108653327, 39.98217358770362 ], [ -75.152905462095092, 39.982146614396385 ], [ -75.152684852365837, 39.982119228225393 ], [ -75.152771935315684, 39.981722126396704 ], [ -75.15284814961791, 39.981731706467968 ], [ -75.152933855870273, 39.981345176546853 ], [ -75.15301497814437, 39.981355070325279 ] ] ] } },
{ "type": "Feature", "properties": { "gid": 479349, "building_name": "BNY Mellon Center", "num_birds_near": 83, "approx_hgt": 732.0, "lights_out": 1, "address": "1735 MARKET ST" }, "geometry": { "type": "Polygon", "coordinates": [ [ [ -75.169573757991017, 39.953980145391469 ], [ -75.169587688676927, 39.953910639314572 ], [ -75.169366007563752, 39.953884324267044 ], [ -75.16935126053157, 39.953957901651755 ], [ -75.169165165671473, 39.953935810685863 ], [ -75.169197729706795, 39.953773341136952 ], [ -75.169173672610469, 39.953770485158877 ], [ -75.169236730646901, 39.953455865629252 ], [ -75.16926526206376, 39.95345804829477 ], [ -75.169301730068767, 39.953276654292303 ], [ -75.169488814304444, 39.953300299054121 ], [ -75.169482779612139, 39.953330369738175 ], [ -75.169695679375891, 39.953356071691964 ], [ -75.169702384403436, 39.953326258450566 ], [ -75.169893826395267, 39.953350674532402 ], [ -75.1698415235021, 39.953525955931916 ], [ -75.169877061979193, 39.953531096407779 ], [ -75.16980801241796, 39.953848617864722 ], [ -75.169784394661207, 39.953845814245994 ], [ -75.169752624798036, 39.954004332836391 ], [ -75.169573757991017, 39.953980145391469 ] ] ] } },
{ "type": "Feature", "properties": { "gid": 1022, "building_name": "Temple University TECH Center & Welcome Center", "num_birds_near": 83, "approx_hgt": 81.0, "lights_out": 0, "address": "1801-33 N 12TH ST" }, "geometry": { "type": "Polygon", "coordinates": [ [ [ -75.152650556232402, 39.980408273597199 ], [ -75.152693223059572, 39.980171657484391 ], [ -75.15272094334928, 39.980086553194631 ], [ -75.152757976085184, 39.98009142167043 ], [ -75.152809679820678, 39.979858715052259 ], [ -75.152770361983002, 39.97985354528646 ], [ -75.152786225341671, 39.979782144673258 ], [ -75.152823206599592, 39.979787007461212 ], [ -75.152844108546219, 39.979705895298601 ], [ -75.153030658741102, 39.979728227056341 ], [ -75.153033522102803, 39.979715338845899 ], [ -75.153339699470408, 39.979755599252606 ], [ -75.153351007024057, 39.979769978572456 ], [ -75.153357385849091, 39.97974126516452 ], [ -75.153448543193662, 39.979753250869173 ], [ -75.153441798166142, 39.979783609359842 ], [ -75.153646747511445, 39.979811235460076 ], [ -75.153494362290317, 39.980505896719656 ], [ -75.152791354374045, 39.980413458095754 ], [ -75.152650556232402, 39.980408273597199 ] ] ] } },
{ "type": "Feature", "properties": { "gid": 467540, "building_name": "Independence Blue Cross", "num_birds_near": 79, "approx_hgt": 538.0, "lights_out": 0, "address": "1901-17 MARKET ST" }, "geometry": { "type": "Polygon", "coordinates": [ [ [ -75.172155527199209, 39.953882856479773 ], [ -75.172320634078602, 39.953902953628933 ], [ -75.172286576175239, 39.954068673622039 ], [ -75.171991798498027, 39.954032792988642 ], [ -75.171996450755799, 39.954010155107568 ], [ -75.171862660855254, 39.953993869879014 ], [ -75.17185914574857, 39.954010974971965 ], [ -75.171592219850467, 39.953978483607692 ], [ -75.171596917109852, 39.953955619696622 ], [ -75.171556332910455, 39.953950679890845 ], [ -75.17164900499408, 39.953499759423437 ], [ -75.172173161910052, 39.953561592470123 ], [ -75.172165411260366, 39.953599305832363 ], [ -75.172209950091215, 39.953604183831189 ], [ -75.172155527199209, 39.953882856479773 ] ] ] } },
{ "type": "Feature", "properties": { "gid": 536519, "building_name": "Arch Street Presbyterian Church", "num_birds_near": 76, "approx_hgt": 52.0, "lights_out": 0, "address": "1726-32 ARCH ST" }, "geometry": { "type": "Polygon", "coordinates": [ [ [ -75.169163744991607, 39.954816635742723 ], [ -75.169190273853189, 39.954668104218975 ], [ -75.169260160562004, 39.954677601909765 ], [ -75.169263160460261, 39.954664523629162 ], [ -75.169549779833943, 39.954703475863731 ], [ -75.169517368775587, 39.954844728294077 ], [ -75.169547447600138, 39.954848816189866 ], [ -75.169511822066482, 39.955004079132813 ], [ -75.169486310213372, 39.955000612053034 ], [ -75.169468451344997, 39.955105901764945 ], [ -75.169407684285346, 39.95509764374156 ], [ -75.169400765824648, 39.955127797257234 ], [ -75.169221561762981, 39.955103444059581 ], [ -75.169228018568546, 39.955075305642737 ], [ -75.169168064548856, 39.955067158587994 ], [ -75.169196768056693, 39.954964970020306 ], [ -75.169170304596022, 39.954961374238572 ], [ -75.169202313748102, 39.954821877030426 ], [ -75.169163744991607, 39.954816635742723 ] ] ] } },
{ "type": "Feature", "properties": { "gid": 7074, "building_name": null, "num_birds_near": 76, "approx_hgt": 82.0, "lights_out": 0, "address": "2001-59 N 13TH ST" }, "geometry": { "type": "Polygon", "coordinates": [ [ [ -75.153883821318743, 39.984177972597941 ], [ -75.152997032166027, 39.984058634678419 ], [ -75.153259915299628, 39.982902669876296 ], [ -75.153809003312517, 39.982976563207004 ], [ -75.153790979816009, 39.983055824196377 ], [ -75.153962226686332, 39.983060038157639 ], [ -75.153957807167899, 39.983079472206761 ], [ -75.154040683752143, 39.983090624876404 ], [ -75.154058977010536, 39.983010182417338 ], [ -75.154118558584585, 39.983018199599805 ], [ -75.154127446908689, 39.98297911185707 ], [ -75.154335346653355, 39.983007088878132 ], [ -75.154326993396367, 39.983043825372221 ], [ -75.154381705351099, 39.983051187151098 ], [ -75.154391275059766, 39.983009100003748 ], [ -75.154583076739556, 39.98303491040901 ], [ -75.154483152340504, 39.98347434371577 ], [ -75.154429496886593, 39.983511346695423 ], [ -75.154416834266954, 39.983567027797172 ], [ -75.154400671792231, 39.983564852975611 ], [ -75.154397924874488, 39.983643035083432 ], [ -75.154419419725357, 39.983645926990995 ], [ -75.154401104103442, 39.983752764262078 ], [ -75.154374007726744, 39.983749117640677 ], [ -75.154358713328946, 39.983816377633815 ], [ -75.154004855575067, 39.983768759825637 ], [ -75.154062854883918, 39.983513708461672 ], [ -75.153935999171779, 39.983463571326872 ], [ -75.153958038039249, 39.98336665384015 ], [ -75.15362071703052, 39.983321259590554 ], [ -75.153517365906765, 39.98377573191474 ], [ -75.153970742307735, 39.983836742837923 ], [ -75.153883821318743, 39.984177972597941 ] ] ] } },
{ "type": "Feature", "properties": { "gid": 538647, "building_name": "Comcast Innovation and Technology Center", "num_birds_near": 70, "approx_hgt": 914.0, "lights_out": 1, "address": "1800 ARCH ST" }, "geometry": { "type": "Polygon", "coordinates": [ [ [ -75.169769623731298, 39.954725245910097 ], [ -75.171071931023533, 39.954887270967205 ], [ -75.170992097076294, 39.95526690511943 ], [ -75.170802746184691, 39.955241287407787 ], [ -75.170783196464342, 39.955338494124945 ], [ -75.169940620224381, 39.955234105193284 ], [ -75.169951553507474, 39.955155013361882 ], [ -75.169702953340334, 39.955123483993845 ], [ -75.169769623731298, 39.954725245910097 ] ] ] } },
{ "type": "Feature", "properties": { "gid": 542690, "building_name": "Gladfelter Hall", "num_birds_near": 64, "approx_hgt": 174.0, "lights_out": 0, "address": "1835-99 N 12TH ST" }, "geometry": { "type": "Polygon", "coordinates": [ [ [ -75.152173795874518, 39.98112506102747 ], [ -75.152417673204852, 39.981159007279189 ], [ -75.152387809860315, 39.981307804527361 ], [ -75.152483585198922, 39.981319448591535 ], [ -75.152458723115359, 39.981434745736564 ], [ -75.152660410620157, 39.981460409327532 ], [ -75.152652992151744, 39.981496357762921 ], [ -75.152696007643186, 39.981501979759628 ], [ -75.15270384849417, 39.981467113993325 ], [ -75.152901453021329, 39.981492691046995 ], [ -75.152859552990492, 39.981678473909696 ], [ -75.152662036847303, 39.981652440178401 ], [ -75.152669373588083, 39.981616179041723 ], [ -75.152630405194145, 39.981610910839528 ], [ -75.15262356696698, 39.981648591547241 ], [ -75.152420742225615, 39.981621993934766 ], [ -75.152446169708597, 39.981501655791824 ], [ -75.152409752927881, 39.981497291328282 ], [ -75.152396308221356, 39.981554308762036 ], [ -75.152278663232494, 39.981538375359548 ], [ -75.152291349884365, 39.98148216340482 ], [ -75.152270092819549, 39.981479015170223 ], [ -75.152264014986571, 39.981507406472332 ], [ -75.152174780366991, 39.981496263505711 ], [ -75.152219178993576, 39.981291534074082 ], [ -75.152140225956927, 39.981281641987074 ], [ -75.152173795874518, 39.98112506102747 ] ] ] } },
{ "type": "Feature", "properties": { "gid": 368488, "building_name": "Two Logan Square", "num_birds_near": 64, "approx_hgt": 447.0, "lights_out": 1, "address": "100-20 N 18TH ST" }, "geometry": { "type": "Polygon", "coordinates": [ [ [ -75.169479308267427, 39.956051758693299 ], [ -75.169636245577394, 39.955323303838099 ], [ -75.170017599917102, 39.955371648946716 ], [ -75.170013831786676, 39.955388095970058 ], [ -75.170091694984109, 39.955398634811147 ], [ -75.169937466557798, 39.956093310892577 ], [ -75.169861694703314, 39.956083545220068 ], [ -75.169857482958889, 39.956101651837443 ], [ -75.169479308267427, 39.956051758693299 ] ] ] } },
{ "type": "Feature", "properties": { "gid": 440816, "building_name": null, "num_birds_near": 62, "approx_hgt": 28.0, "lights_out": 0, "address": "1717 JOHN F KENNEDY BLVD" }, "geometry": { "type": "Polygon", "coordinates": [ [ [ -75.16917074138324, 39.954411599651849 ], [ -75.169200161783991, 39.95428140842666 ], [ -75.169324930486766, 39.954298107389249 ], [ -75.169295509113937, 39.954428299520728 ], [ -75.16917074138324, 39.954411599651849 ] ] ] } },
{ "type": "Feature", "properties": { "gid": 6579, "building_name": "Beury Hall", "num_birds_near": 57, "approx_hgt": 55.0, "lights_out": 0, "address": "1901-59 N 13TH ST" }, "geometry": { "type": "Polygon", "coordinates": [ [ [ -75.154567332629895, 39.982770181769716 ], [ -75.154005215013626, 39.98269623514873 ], [ -75.154069553103696, 39.982406812865634 ], [ -75.154018898047681, 39.982400148187864 ], [ -75.154050687313116, 39.982257142639959 ], [ -75.15431808574354, 39.982292319646206 ], [ -75.154323777604432, 39.982266712672278 ], [ -75.154289992853293, 39.982262267795328 ], [ -75.154346316316506, 39.982008895754689 ], [ -75.154458463194118, 39.982023458344116 ], [ -75.154467851021536, 39.981984408909668 ], [ -75.154152357368048, 39.981990573989449 ], [ -75.153998130917046, 39.981948441307409 ], [ -75.154043392012369, 39.98173624064799 ], [ -75.15422980682294, 39.981738551189451 ], [ -75.15439375596354, 39.981797126290068 ], [ -75.154549658357681, 39.981827183990241 ], [ -75.154859118044214, 39.981817679161864 ], [ -75.154818885179409, 39.981947158896354 ], [ -75.154802791279977, 39.982078180175762 ], [ -75.154505067130614, 39.981989289954704 ], [ -75.154495678758678, 39.982027312220978 ], [ -75.154539273441657, 39.982034279219974 ], [ -75.154483120248585, 39.982286892030849 ], [ -75.154449871551989, 39.982282517892507 ], [ -75.15444410353841, 39.982308463733219 ], [ -75.154663550982619, 39.982337332112145 ], [ -75.154567332629895, 39.982770181769716 ] ] ] } },
{ "type": "Feature", "properties": { "gid": 479351, "building_name": null, "num_birds_near": 56, "approx_hgt": 234.0, "lights_out": 0, "address": "1701 MARKET ST" }, "geometry": { "type": "Polygon", "coordinates": [ [ [ -75.168774600836358, 39.953921653258384 ], [ -75.168348651973929, 39.953873642657314 ], [ -75.168329911905488, 39.953853516622857 ], [ -75.168488175122249, 39.953138271203798 ], [ -75.168957358935415, 39.953196597760019 ], [ -75.168907642634892, 39.953430113578641 ], [ -75.168879993174983, 39.953426627082166 ], [ -75.168774600836358, 39.953921653258384 ] ] ] } },
{ "type": "Feature", "properties": { "gid": 1128, "building_name": "TEMPLE STUDENT SERVICES", "num_birds_near": 52, "approx_hgt": 80.0, "lights_out": 0, "address": "1801-35 N BROAD ST" }, "geometry": { "type": "Polygon", "coordinates": [ [ [ -75.156569320808146, 39.980724688190975 ], [ -75.156402357675347, 39.980711842176255 ], [ -75.156272271366589, 39.980683582364556 ], [ -75.156299093214145, 39.980636824946032 ], [ -75.156278306354025, 39.980634769299009 ], [ -75.15638492485175, 39.980143045121494 ], [ -75.156440915744241, 39.980140475946655 ], [ -75.156523729381206, 39.98015589087791 ], [ -75.156534457334757, 39.980169763912464 ], [ -75.156683990530524, 39.980189289714964 ], [ -75.156710812116131, 39.980225770725546 ], [ -75.156702095103427, 39.980272014765362 ], [ -75.156669237767687, 39.980267904182604 ], [ -75.156569320808146, 39.980724688190975 ] ] ] } },
{ "type": "Feature", "properties": { "gid": 7867, "building_name": null, "num_birds_near": 47, "approx_hgt": 93.0, "lights_out": 0, "address": "1801-59 N 13TH ST" }, "geometry": { "type": "Polygon", "coordinates": [ [ [ -75.154509124831705, 39.981161770461448 ], [ -75.153872070941929, 39.98107866476844 ], [ -75.153968957826635, 39.980639134398636 ], [ -75.15398207689509, 39.980640845797922 ], [ -75.153986703124176, 39.980619860371249 ], [ -75.154624001314019, 39.980702991767394 ], [ -75.15464538632105, 39.980605971992702 ], [ -75.154144010135838, 39.980540566184111 ], [ -75.154167480693289, 39.980434074427592 ], [ -75.153976291591263, 39.980409132989593 ], [ -75.154001334594199, 39.980295520965093 ], [ -75.154757783507861, 39.980394202048174 ], [ -75.154856365211415, 39.97994695344903 ], [ -75.154998784788489, 39.979965527688989 ], [ -75.154992971552858, 39.979991901411474 ], [ -75.155056093312822, 39.980000137881696 ], [ -75.155047389575373, 39.980039629905647 ], [ -75.155073028527426, 39.980042974036721 ], [ -75.155066178035071, 39.980074057342584 ], [ -75.155087893054855, 39.980076890155708 ], [ -75.155080779262633, 39.980109163156271 ], [ -75.155124979600174, 39.980114930887162 ], [ -75.155021780538732, 39.980583134709768 ], [ -75.155086346898486, 39.980591556993346 ], [ -75.155057385438639, 39.980722949553574 ], [ -75.154678726280125, 39.98067355443812 ], [ -75.154670627432793, 39.980710296704025 ], [ -75.154984405624049, 39.980751228187216 ], [ -75.154980133959938, 39.980770605243251 ], [ -75.155033513643858, 39.98077756810477 ], [ -75.154936967692493, 39.981215586023183 ], [ -75.15458997622315, 39.981170323495618 ], [ -75.154567141599045, 39.981273915824964 ], [ -75.154486720220461, 39.981263424506913 ], [ -75.154509124831705, 39.981161770461448 ] ] ] } },
{ "type": "Feature", "properties": { "gid": 436449, "building_name": "1835 Market", "num_birds_near": 44, "approx_hgt": 421.0, "lights_out": 0, "address": "1835 MARKET ST" }, "geometry": { "type": "Polygon", "coordinates": [ [ [ -75.170720167759228, 39.953900377749747 ], [ -75.170782879345154, 39.953598182798707 ], [ -75.171099643933772, 39.953419356877504 ], [ -75.171495184074985, 39.95346797207273 ], [ -75.171431736300562, 39.953773734119373 ], [ -75.171112842591967, 39.953950399329315 ], [ -75.170720167759228, 39.953900377749747 ] ] ] } },
{ "type": "Feature", "properties": { "gid": 471002, "building_name": "The Sterling", "num_birds_near": 43, "approx_hgt": 312.0, "lights_out": 0, "address": "1801 JOHN F KENNEDY BLVD" }, "geometry": { "type": "Polygon", "coordinates": [ [ [ -75.171184506666648, 39.954791906069254 ], [ -75.170574667667907, 39.954718069552634 ], [ -75.170577414073875, 39.954704908055668 ], [ -75.170510442791951, 39.954696633633091 ], [ -75.17050716554381, 39.954748352824296 ], [ -75.17045599469202, 39.954742028478833 ], [ -75.170475914953357, 39.954692178339009 ], [ -75.170372036469558, 39.954679335555291 ], [ -75.17036928442279, 39.954692521248624 ], [ -75.170323140747342, 39.95468681807008 ], [ -75.170325856995561, 39.954673804566845 ], [ -75.170269949276587, 39.954666894268748 ], [ -75.170267603945106, 39.954678124900127 ], [ -75.169787258288324, 39.954617616593318 ], [ -75.169777733033655, 39.954603833082217 ], [ -75.169830472411732, 39.954351112281749 ], [ -75.170320017258106, 39.954411621001597 ], [ -75.170327923115451, 39.954373734633016 ], [ -75.170388376464246, 39.954381205749996 ], [ -75.170379880955394, 39.954421918852262 ], [ -75.170703584849988, 39.954461925653071 ], [ -75.170711868287384, 39.954422229510193 ], [ -75.170771941812447, 39.954429654039906 ], [ -75.170762875243838, 39.954473110521363 ], [ -75.171238755112824, 39.954531926766833 ], [ -75.171184506666648, 39.954791906069254 ] ] ] } },
{ "type": "Feature", "properties": { "gid": 436448, "building_name": "Ten Penn Center", "num_birds_near": 39, "approx_hgt": 312.0, "lights_out": 1, "address": "1801-21 MARKET ST" }, "geometry": { "type": "Polygon", "coordinates": [ [ [ -75.17001226785176, 39.95376064853545 ], [ -75.170099543292295, 39.953336185785147 ], [ -75.170752442515791, 39.953415696652868 ], [ -75.170665169883222, 39.953840159877537 ], [ -75.17001226785176, 39.95376064853545 ] ] ] } },
{ "type": "Feature", "properties": { "gid": 524404, "building_name": "Liberty Bell Pavilion", "num_birds_near": 37, "approx_hgt": 47.0, "lights_out": 0, "address": "530 MARKET ST" }, "geometry": { "type": "Polygon", "coordinates": [ [ [ -75.15023211552645, 39.950295508099558 ], [ -75.150051884264428, 39.950272201402932 ], [ -75.150188058929558, 39.94964843714731 ], [ -75.150223867689064, 39.949653067321449 ], [ -75.150254999267219, 39.949598072916615 ], [ -75.15023085958434, 39.949450540871304 ], [ -75.150324066159513, 39.94942946488375 ], [ -75.1504025197831, 39.949565688464595 ], [ -75.150415248037632, 39.949543430771882 ], [ -75.15044491873654, 39.949547267621256 ], [ -75.150442572286963, 39.949558017646993 ], [ -75.150463541109971, 39.949553351683207 ], [ -75.150462870330315, 39.949581623942734 ], [ -75.150420625667493, 39.949635085278985 ], [ -75.150341452953057, 39.949671127284283 ], [ -75.150367682491066, 39.94967451944315 ], [ -75.15023211552645, 39.950295508099558 ] ] ] } },
{ "type": "Feature", "properties": { "gid": 452109, "building_name": null, "num_birds_near": 34, "approx_hgt": 124.0, "lights_out": 1, "address": "1900 MARKET ST" }, "geometry": { "type": "Polygon", "coordinates": [ [ [ -75.173097771959448, 39.953435786151147 ], [ -75.171696940353684, 39.953261250622958 ], [ -75.17179440235553, 39.952797959624199 ], [ -75.173091402285976, 39.952944061939355 ], [ -75.17308818870535, 39.952959338476028 ], [ -75.173195187586032, 39.952972668817353 ], [ -75.173097771959448, 39.953435786151147 ] ] ] } },
{ "type": "Feature", "properties": { "gid": 441371, "building_name": null, "num_birds_near": 30, "approx_hgt": 21.0, "lights_out": 0, "address": "1701 JOHN F KENNEDY BLVD" }, "geometry": { "type": "Polygon", "coordinates": [ [ [ -75.16879277426078, 39.954346240115179 ], [ -75.168577493709321, 39.954321127190482 ], [ -75.168593807153059, 39.954238301101597 ], [ -75.168809087413791, 39.954263414895699 ], [ -75.16879277426078, 39.954346240115179 ] ] ] } },
{ "type": "Feature", "properties": { "gid": 79055, "building_name": null, "num_birds_near": 30, "approx_hgt": 17.0, "lights_out": 0, "address": "2500 SPRING GARDEN ST" }, "geometry": { "type": "Polygon", "coordinates": [ [ [ -75.181687800231856, 39.96689747567423 ], [ -75.181791733526751, 39.966896463193748 ], [ -75.181793060735927, 39.966977100758946 ], [ -75.181689127283676, 39.966978114140801 ], [ -75.181687800231856, 39.96689747567423 ] ] ] } },
{ "type": "Feature", "properties": { "gid": 446983, "building_name": "New College House", "num_birds_near": 29, "approx_hgt": 85.0, "lights_out": 0, "address": "3300 CHESTNUT ST" }, "geometry": { "type": "Polygon", "coordinates": [ [ [ -75.190116555349221, 39.953997750679989 ], [ -75.190123259778446, 39.953960227406689 ], [ -75.190287545691262, 39.95395817136265 ], [ -75.190306321960406, 39.953923218641343 ], [ -75.190274135324344, 39.953908312225465 ], [ -75.190319061644885, 39.953890321556642 ], [ -75.19036667092611, 39.953845087533693 ], [ -75.190386117034208, 39.953851769951747 ], [ -75.190376059026306, 39.953871816358891 ], [ -75.190521566739278, 39.953898546181556 ], [ -75.190638243682187, 39.953911911221127 ], [ -75.190672441810122, 39.953880041603696 ], [ -75.190726083952057, 39.953891864038056 ], [ -75.190724745757421, 39.953911911311209 ], [ -75.190952060750789, 39.953949435338323 ], [ -75.190946697547119, 39.953977191928473 ], [ -75.190998330236127, 39.953988500878921 ], [ -75.191015093700599, 39.953945837381113 ], [ -75.191267221124008, 39.953992613538567 ], [ -75.191318182314745, 39.953946865546655 ], [ -75.191357074780313, 39.95396023005727 ], [ -75.191343661710292, 39.953986959252951 ], [ -75.191596460080348, 39.954029109462468 ], [ -75.19164473840803, 39.953792661156633 ], [ -75.191621940517877, 39.953791632794655 ], [ -75.191619258965488, 39.953806539602361 ], [ -75.191350368780576, 39.953743828110362 ], [ -75.191377192251863, 39.953610697261794 ], [ -75.191792262095589, 39.95366210059909 ], [ -75.191776169781747, 39.953716585954446 ], [ -75.191762087569032, 39.953715043811222 ], [ -75.191756722680154, 39.95374639901366 ], [ -75.191779522108007, 39.95374999795461 ], [ -75.191722524406643, 39.953972053780625 ], [ -75.191707101350772, 39.954109810645967 ], [ -75.191681621246389, 39.954107753894419 ], [ -75.191682291091695, 39.954192567047265 ], [ -75.191612553585841, 39.954181258253918 ], [ -75.191607189519914, 39.954200276890376 ], [ -75.191558909748977, 39.954194622936875 ], [ -75.191562933320014, 39.954175604136672 ], [ -75.19131080607724, 39.954145276524734 ], [ -75.191306782437366, 39.954164295316062 ], [ -75.191241068719464, 39.954155042949104 ], [ -75.191244421999244, 39.954137566145064 ], [ -75.190984248336065, 39.954108266566301 ], [ -75.190988271326873, 39.954084107527613 ], [ -75.190928592860615, 39.954075883420394 ], [ -75.190923898557585, 39.95409850027437 ], [ -75.190889029747936, 39.954101584061256 ], [ -75.190667077845831, 39.954066630320135 ], [ -75.190663725343725, 39.954080508507197 ], [ -75.190602034111677, 39.954075368516037 ], [ -75.19060404569133, 39.954059947620614 ], [ -75.19034655448354, 39.954027050151609 ], [ -75.190344542616202, 39.954038872416369 ], [ -75.190282852615908, 39.954033732279719 ], [ -75.190284193412452, 39.954018311736696 ], [ -75.190116555349221, 39.953997750679989 ] ] ] } },
{ "type": "Feature", "properties": { "gid": 526489, "building_name": "1700 Market", "num_birds_near": 29, "approx_hgt": 426.0, "lights_out": 0, "address": "1700-40 MARKET ST" }, "geometry": { "type": "Polygon", "coordinates": [ [ [ -75.169835857276311, 39.952617565515226 ], [ -75.169755476581244, 39.953014381541472 ], [ -75.169460908578216, 39.952974917471394 ], [ -75.169440090673632, 39.952944981500572 ], [ -75.169398971089834, 39.952942721096228 ], [ -75.169374664432866, 39.952971409398344 ], [ -75.168758810320853, 39.952888673268262 ], [ -75.168768809168753, 39.952844588270224 ], [ -75.168741905872452, 39.952840974364506 ], [ -75.168746151565557, 39.952822254057949 ], [ -75.168682665602518, 39.952813724483107 ], [ -75.168757547676421, 39.952483590033779 ], [ -75.168822812000656, 39.952492357815174 ], [ -75.168828440065397, 39.952467541727117 ], [ -75.168846153004679, 39.952469921650533 ], [ -75.16885670432832, 39.952423401928407 ], [ -75.169392739379788, 39.952495414626192 ], [ -75.169383711380675, 39.952535219176305 ], [ -75.169418303360032, 39.952539866380853 ], [ -75.169413035787088, 39.952563087702245 ], [ -75.169446476972965, 39.952567580162629 ], [ -75.169450190777937, 39.952551206719058 ], [ -75.169536871140821, 39.952562850793001 ], [ -75.169533667962625, 39.952576969679654 ], [ -75.169835857276311, 39.952617565515226 ] ] ] } },
{ "type": "Feature", "properties": { "gid": 499615, "building_name": null, "num_birds_near": 27, "approx_hgt": 189.0, "lights_out": 0, "address": "100 N 17TH ST" }, "geometry": { "type": "Polygon", "coordinates": [ [ [ -75.167995916200155, 39.955425144879086 ], [ -75.168072330977168, 39.955103211145349 ], [ -75.168288961012365, 39.955133665010329 ], [ -75.168284694106717, 39.955151642392714 ], [ -75.168422459209779, 39.955171008986362 ], [ -75.168353361494908, 39.955462121766935 ], [ -75.168290089512638, 39.955453227427576 ], [ -75.168287040932967, 39.955466071229154 ], [ -75.167995916200155, 39.955425144879086 ] ], [ [ -75.168226052157721, 39.955405012741849 ], [ -75.168291573898117, 39.955413826204939 ], [ -75.1683176867855, 39.955298850910467 ], [ -75.168252167526447, 39.955290036614777 ], [ -75.168226052157721, 39.955405012741849 ] ] ] } },
{ "type": "Feature", "properties": { "gid": 545715, "building_name": null, "num_birds_near": 26, "approx_hgt": null, "lights_out": 0, "address": "3900-46 WALNUT ST" }, "geometry": { "type": "Polygon", "coordinates": [ [ [ -75.202341877884237, 39.953923589330252 ], [ -75.201777552087989, 39.953873402880099 ], [ -75.201804632434971, 39.953751543680085 ], [ -75.201840943625214, 39.953755804781423 ], [ -75.201882826796862, 39.953551625355381 ], [ -75.201842624665929, 39.953546414666832 ], [ -75.201857741890706, 39.953472478970646 ], [ -75.201777848359683, 39.953463363647913 ], [ -75.201865668396692, 39.953075927883951 ], [ -75.201936124776239, 39.953084497441843 ], [ -75.201945832338964, 39.953040142245698 ], [ -75.202068401512662, 39.953056483619946 ], [ -75.20198411945394, 39.953459309759495 ], [ -75.202386463496609, 39.95351014236077 ], [ -75.202460128671831, 39.953157510237553 ], [ -75.202531722694999, 39.953166529065676 ], [ -75.202537743777043, 39.953134649237867 ], [ -75.202661503431386, 39.953149503626818 ], [ -75.202570987108729, 39.953583366391115 ], [ -75.202494476842134, 39.953573625728822 ], [ -75.202482748218117, 39.953627646191691 ], [ -75.202404402477754, 39.953617429520946 ], [ -75.202341877884237, 39.953923589330252 ] ], [ [ -75.201984481201166, 39.953771576773491 ], [ -75.202256883478526, 39.953805964944344 ], [ -75.202302746820692, 39.953586713512195 ], [ -75.202266373822297, 39.953582198000817 ], [ -75.202260731608305, 39.953608278364676 ], [ -75.202058915813993, 39.95358333381796 ], [ -75.202064411505049, 39.953557010540919 ], [ -75.20203068344594, 39.953552551904103 ], [ -75.201984481201166, 39.953771576773491 ] ] ] } },
{ "type": "Feature", "properties": { "gid": 1932, "building_name": "Biology-Life Sciences Building", "num_birds_near": 25, "approx_hgt": 58.0, "lights_out": 0, "address": "1901-59 N 13TH ST" }, "geometry": { "type": "Polygon", "coordinates": [ [ [ -75.153691418439792, 39.982495088332712 ], [ -75.15338446857308, 39.982455129714765 ], [ -75.153397199297444, 39.982397255376291 ], [ -75.15341342000859, 39.982399369493521 ], [ -75.153419039802216, 39.982373818591384 ], [ -75.153348867764635, 39.982364683793335 ], [ -75.153455308320304, 39.981880784954448 ], [ -75.15343704790935, 39.981878412947026 ], [ -75.153462900475134, 39.981760880990223 ], [ -75.153479453279189, 39.981763035953577 ], [ -75.153545553365859, 39.981462517233858 ], [ -75.153613743267002, 39.98147139354127 ], [ -75.153619334616451, 39.981445969932508 ], [ -75.153602871648587, 39.981443826030699 ], [ -75.153615940672452, 39.981384414986643 ], [ -75.153923200660628, 39.981424409837466 ], [ -75.153910254906492, 39.9814832686736 ], [ -75.153894163708898, 39.98148117286965 ], [ -75.153888849211725, 39.981505331419008 ], [ -75.15396252589079, 39.981514927223593 ], [ -75.153895802777939, 39.981818279260743 ], [ -75.153862846150375, 39.981813992645733 ], [ -75.153837551243043, 39.981928995527859 ], [ -75.153873525104544, 39.981933679282704 ], [ -75.153766802359129, 39.982418877634636 ], [ -75.15369259770371, 39.982409219322221 ], [ -75.153687290186838, 39.982433344685113 ], [ -75.153704506312309, 39.982435585800744 ], [ -75.153691418439792, 39.982495088332712 ] ] ] } },
{ "type": "Feature", "properties": { "gid": 542688, "building_name": "Engineering Building", "num_birds_near": 24, "approx_hgt": 162.0, "lights_out": 0, "address": "1835-99 N 12TH ST" }, "geometry": { "type": "Polygon", "coordinates": [ [ [ -75.152860156466929, 39.982140990210382 ], [ -75.15290578343037, 39.982146481110512 ], [ -75.152900108653327, 39.98217358770362 ], [ -75.153152785085496, 39.982208358558964 ], [ -75.153106895533412, 39.982431736234361 ], [ -75.153035870753513, 39.982421928709947 ], [ -75.152994043672223, 39.982614558294557 ], [ -75.152805797856047, 39.982589008583332 ], [ -75.152830714910849, 39.982477169815859 ], [ -75.152742135041848, 39.982466940452547 ], [ -75.152721286688987, 39.98256154024066 ], [ -75.15243111222334, 39.982513117987992 ], [ -75.15245454532031, 39.982402794545024 ], [ -75.152369443586466, 39.982391571413785 ], [ -75.152397757953523, 39.9822670548388 ], [ -75.152336060091457, 39.982259697937003 ], [ -75.152342326850388, 39.982225511062929 ], [ -75.152404643739317, 39.982232881974902 ], [ -75.152419515217034, 39.982160031733777 ], [ -75.152843849436991, 39.98221445493737 ], [ -75.152860156466929, 39.982140990210382 ] ] ] } },
{ "type": "Feature", "properties": { "gid": 433054, "building_name": "1818 Beneficial Bank Place", "num_birds_near": 23, "approx_hgt": 500.0, "lights_out": 0, "address": "1818-28 MARKET ST" }, "geometry": { "type": "Polygon", "coordinates": [ [ [ -75.170662268761603, 39.953154042273411 ], [ -75.170768010025512, 39.952654610261739 ], [ -75.171394985959793, 39.952730223459248 ], [ -75.171293199907723, 39.953230133207434 ], [ -75.170662268761603, 39.953154042273411 ] ] ] } },
{ "type": "Feature", "properties": { "gid": 525644, "building_name": "James Byrne U.S. Courthouse", "num_birds_near": 21, "approx_hgt": 320.0, "lights_out": 0, "address": "601 MARKET ST" }, "geometry": { "type": "Polygon", "coordinates": [ [ [ -75.151500285562292, 39.952771679983236 ], [ -75.150225627846851, 39.952604367696495 ], [ -75.150349679103002, 39.952044613365274 ], [ -75.150689635247616, 39.95208924060821 ], [ -75.150765710712562, 39.951745948581653 ], [ -75.150627267236644, 39.951727775048433 ], [ -75.150646627602441, 39.951640409593047 ], [ -75.150565564999681, 39.951629768674522 ], [ -75.150698392506982, 39.951030373536618 ], [ -75.150780383980688, 39.95104113633947 ], [ -75.150806647614914, 39.950922618727965 ], [ -75.151740104697311, 39.951045141363231 ], [ -75.151561386034942, 39.951851736608049 ], [ -75.151296233159428, 39.951816935707157 ], [ -75.151220687233277, 39.952157868548021 ], [ -75.151624549378724, 39.952210875119135 ], [ -75.151500285562292, 39.952771679983236 ] ], [ [ -75.150872645292537, 39.951761091441391 ], [ -75.150855211211123, 39.95184796267143 ], [ -75.151162993794941, 39.951888059872623 ], [ -75.151183781189573, 39.951802730537196 ], [ -75.150872645292537, 39.951761091441391 ] ], [ [ -75.150814977984453, 39.952020160844064 ], [ -75.150797541389295, 39.95210189170372 ], [ -75.151113371297114, 39.95214404638844 ], [ -75.151132147766432, 39.952061801632489 ], [ -75.150814977984453, 39.952020160844064 ] ] ] } },
{ "type": "Feature", "properties": { "gid": 444886, "building_name": "WHYY", "num_birds_near": 20, "approx_hgt": 43.0, "lights_out": 0, "address": "170 N INDEPENDENCE W MALL" }, "geometry": { "type": "Polygon", "coordinates": [ [ [ -75.15072012392676, 39.954356706108115 ], [ -75.149905582227959, 39.954259861194686 ], [ -75.149916448063649, 39.954204002900369 ], [ -75.149828703926005, 39.95419389484433 ], [ -75.149893005672851, 39.953881934181382 ], [ -75.149985661594684, 39.953893214030963 ], [ -75.149988525572937, 39.953878491439667 ], [ -75.149926332381781, 39.953871326883146 ], [ -75.149930977770751, 39.953847439872028 ], [ -75.149995633907409, 39.95385488821163 ], [ -75.149998844943852, 39.953838377757748 ], [ -75.150808977800054, 39.953945674933266 ], [ -75.150804789031, 39.953960725225791 ], [ -75.150853695393224, 39.95396635834107 ], [ -75.150858881032221, 39.953939694890828 ], [ -75.151163184032853, 39.95397474663099 ], [ -75.151127180984545, 39.954159873953337 ], [ -75.151093455713166, 39.954155988707903 ], [ -75.151084573496476, 39.954187777196147 ], [ -75.150882067050929, 39.954176468955922 ], [ -75.150843971504571, 39.954129030320253 ], [ -75.150785394933422, 39.95412228336572 ], [ -75.150792127074212, 39.954087666536857 ], [ -75.150778129461642, 39.954086011338802 ], [ -75.15072012392676, 39.954356706108115 ] ] ] } },
{ "type": "Feature", "properties": { "gid": 502527, "building_name": "1650 Arch", "num_birds_near": 19, "approx_hgt": 370.0, "lights_out": 0, "address": "1622-50 ARCH ST" }, "geometry": { "type": "Polygon", "coordinates": [ [ [ -75.167343370170627, 39.95487078547476 ], [ -75.167439350878567, 39.954436374968424 ], [ -75.168037292304476, 39.954519442727829 ], [ -75.167946441378788, 39.954942999293294 ], [ -75.167343370170627, 39.95487078547476 ] ] ] } },
{ "type": "Feature", "properties": { "gid": 505179, "building_name": "One Penn Center", "num_birds_near": 19, "approx_hgt": 278.0, "lights_out": 0, "address": "1601 JOHN F KENNEDY BLVD" }, "geometry": { "type": "Polygon", "coordinates": [ [ [ -75.167867001936315, 39.95441521858703 ], [ -75.166667863826021, 39.954265139231637 ], [ -75.166670189688645, 39.954254128070097 ], [ -75.166613576291354, 39.954247042404859 ], [ -75.166650903424298, 39.954011538256168 ], [ -75.166663880412997, 39.954013163117899 ], [ -75.16667359108321, 39.953967213891289 ], [ -75.166734446779856, 39.953974831162952 ], [ -75.166737833129616, 39.953958806317978 ], [ -75.168122655606084, 39.954132123870181 ], [ -75.168059996353989, 39.954425222176837 ], [ -75.167867001936315, 39.95441521858703 ] ] ] } },
{ "type": "Feature", "properties": { "gid": 3735, "building_name": "Howard Gittis Student Center / Bookstore", "num_birds_near": 19, "approx_hgt": 55.0, "lights_out": 0, "address": "1713-55 N 13TH ST" }, "geometry": { "type": "Polygon", "coordinates": [ [ [ -75.154596032137945, 39.97977488103696 ], [ -75.154599881597534, 39.979750095554863 ], [ -75.154585419674305, 39.979748221399625 ], [ -75.154617147081268, 39.979666349184981 ], [ -75.154478817840754, 39.979648424707307 ], [ -75.154495738091498, 39.979571140741143 ], [ -75.154466356298713, 39.979567333387251 ], [ -75.154476908479722, 39.979519137948913 ], [ -75.154508137476043, 39.979523184405998 ], [ -75.154556290157743, 39.979303240797165 ], [ -75.15462913545899, 39.979312679563044 ], [ -75.15464371869308, 39.979246066614358 ], [ -75.154581079150162, 39.979237949831294 ], [ -75.154593876010068, 39.97917949753159 ], [ -75.154621327722026, 39.979183053966764 ], [ -75.154640686663896, 39.979094630919008 ], [ -75.154652705186123, 39.979085107812608 ], [ -75.154812985364416, 39.979105875718659 ], [ -75.154824652696391, 39.979052579595006 ], [ -75.154873239363056, 39.979058875527166 ], [ -75.154913080291607, 39.978876893737713 ], [ -75.154948744678762, 39.978881513425932 ], [ -75.154956384966567, 39.978846616868829 ], [ -75.15505083914536, 39.978858855183887 ], [ -75.155043508145795, 39.978892340541577 ], [ -75.155324536634453, 39.978928753571893 ], [ -75.155331658819065, 39.978896223960362 ], [ -75.155416811861599, 39.978907256926881 ], [ -75.1554121498895, 39.978928548838589 ], [ -75.155459554666052, 39.978934694359424 ], [ -75.155399966515333, 39.979220844949793 ], [ -75.155326024562584, 39.979211263841954 ], [ -75.155310702843508, 39.979281252489066 ], [ -75.155375461288088, 39.979289642939037 ], [ -75.155364919519656, 39.979337798135653 ], [ -75.155388512582718, 39.979340854467438 ], [ -75.155344817577827, 39.979540449707571 ], [ -75.155381693154467, 39.97954522818911 ], [ -75.155364174852409, 39.979625255849932 ], [ -75.155332769478221, 39.979673309591469 ], [ -75.155350149128736, 39.979684496755603 ], [ -75.155340052796873, 39.979730616717099 ], [ -75.155286501531265, 39.979749869666314 ], [ -75.155270407593136, 39.979740620819257 ], [ -75.155210538700459, 39.97977900450752 ], [ -75.155193250502151, 39.979857968745705 ], [ -75.155068677558688, 39.979841828327572 ], [ -75.155071819150209, 39.979827472304152 ], [ -75.154959969295987, 39.979834837775734 ], [ -75.154596032137945, 39.97977488103696 ] ] ] } },
{ "type": "Feature", "properties": { "gid": 419616, "building_name": "Court Arbitration", "num_birds_near": 18, "approx_hgt": 304.0, "lights_out": 0, "address": "1800 JOHN F KENNEDY BLVD" }, "geometry": { "type": "Polygon", "coordinates": [ [ [ -75.170626734034741, 39.95399391378529 ], [ -75.170605534683887, 39.954092203335648 ], [ -75.170564303280131, 39.954086948588284 ], [ -75.17045980326013, 39.9541605278012 ], [ -75.169967616292467, 39.954097805892218 ], [ -75.169894923610883, 39.954016542932941 ], [ -75.16992455260673, 39.953878844504985 ], [ -75.170359297697161, 39.953951076152322 ], [ -75.170363300903986, 39.953932472878712 ], [ -75.170590386554522, 39.953961413237018 ], [ -75.170584549618411, 39.953988537601184 ], [ -75.170626734034741, 39.95399391378529 ] ] ] } },
{ "type": "Feature", "properties": { "gid": 422153, "building_name": "Federal Reserve Bank of Pennsylvania", "num_birds_near": 18, "approx_hgt": 168.0, "lights_out": 0, "address": "150 N INDEPENDENCE W MALL" }, "geometry": { "type": "Polygon", "coordinates": [ [ [ -75.151216273597953, 39.953860643510701 ], [ -75.150870127049757, 39.953814751484103 ], [ -75.150866698492848, 39.953830067685324 ], [ -75.150436219280522, 39.953772991003831 ], [ -75.150439287781808, 39.953759284881819 ], [ -75.15029280048482, 39.95373986102674 ], [ -75.150289726173568, 39.953753595846514 ], [ -75.150190490020435, 39.953740437141718 ], [ -75.150179127898099, 39.953826130431118 ], [ -75.150137504181359, 39.953820610733914 ], [ -75.150159457403774, 39.953722548654937 ], [ -75.149957985819938, 39.953695832270952 ], [ -75.150140538471902, 39.952880385143537 ], [ -75.150197779783468, 39.95288797527391 ], [ -75.150204149904368, 39.952859519540141 ], [ -75.151406505500475, 39.953018938217888 ], [ -75.151216273597953, 39.953860643510701 ] ], [ [ -75.151103928040513, 39.953524868392577 ], [ -75.151153535920102, 39.953309447158546 ], [ -75.15087884423501, 39.953271979422091 ], [ -75.150829235546055, 39.953487399636259 ], [ -75.151103928040513, 39.953524868392577 ] ], [ [ -75.151211980520003, 39.953487170786495 ], [ -75.15119923984679, 39.953538572615692 ], [ -75.151254895289412, 39.953545768569732 ], [ -75.151266964848915, 39.953493852366698 ], [ -75.151211980520003, 39.953487170786495 ] ], [ [ -75.151236119788649, 39.953373571358071 ], [ -75.151291104475831, 39.953381281898963 ], [ -75.151301834193546, 39.95333090761396 ], [ -75.151247519877643, 39.953322169787924 ], [ -75.151236119788649, 39.953373571358071 ] ] ] } },
{ "type": "Feature", "properties": { "gid": 508986, "building_name": "PECO Energy", "num_birds_near": 18, "approx_hgt": 410.0, "lights_out": 0, "address": "2301 MARKET ST" }, "geometry": { "type": "Polygon", "coordinates": [ [ [ -75.179071466423792, 39.955198177127606 ], [ -75.1787080956137, 39.955137333150759 ], [ -75.178700449321454, 39.955171236144935 ], [ -75.178450646059076, 39.955137872499314 ], [ -75.178459066699943, 39.955100527000241 ], [ -75.178402828290018, 39.955093015906272 ], [ -75.178399848485071, 39.955106228188647 ], [ -75.177726204547682, 39.955016255318704 ], [ -75.177851329995036, 39.954461408816783 ], [ -75.178266466024624, 39.954516855945613 ], [ -75.17824504262245, 39.954611858370789 ], [ -75.178422318506335, 39.954635535214472 ], [ -75.17843224722867, 39.954591503794312 ], [ -75.1783369403975, 39.954578774819083 ], [ -75.178384087670111, 39.954369700965152 ], [ -75.179022653933899, 39.954454986109525 ], [ -75.178976004964355, 39.954661863879771 ], [ -75.178943741274409, 39.954657554697583 ], [ -75.178932400622159, 39.954707843556825 ], [ -75.17917473567536, 39.954740208072472 ], [ -75.179071466423792, 39.955198177127606 ] ] ] } },
{ "type": "Feature", "properties": { "gid": 393929, "building_name": "School of Veterinary Medicine", "num_birds_near": 17, "approx_hgt": 52.0, "lights_out": 0, "address": "3800 SPRUCE ST" }, "geometry": { "type": "Polygon", "coordinates": [ [ [ -75.200562503119968, 39.950236423340328 ], [ -75.200575989791801, 39.95026271437014 ], [ -75.200563695688786, 39.950266634381215 ], [ -75.200633560188663, 39.950402908055018 ], [ -75.20062108026876, 39.950419205538715 ], [ -75.20078220558085, 39.950691598489449 ], [ -75.200144860046279, 39.950883698544317 ], [ -75.200133382332893, 39.950938575826484 ], [ -75.200148813136067, 39.95094091909084 ], [ -75.200123672538354, 39.951064072563192 ], [ -75.200344464771476, 39.951090595795982 ], [ -75.200300889374319, 39.951283444837287 ], [ -75.200086247691274, 39.951256788865891 ], [ -75.200082405660908, 39.951273472040604 ], [ -75.199856301352952, 39.951246327450718 ], [ -75.199859546909622, 39.951229879698168 ], [ -75.199524524839646, 39.95119102708685 ], [ -75.199563553437727, 39.950994924580712 ], [ -75.199499129026847, 39.950985937127982 ], [ -75.199509088680244, 39.95093833148497 ], [ -75.199580260450588, 39.950936322640594 ], [ -75.19958624211398, 39.950912697966302 ], [ -75.199797362109123, 39.950941354316143 ], [ -75.199778402995051, 39.951017606437979 ], [ -75.199900598089201, 39.951034292389558 ], [ -75.199907803813787, 39.950997920478336 ], [ -75.199931293931883, 39.951001099782864 ], [ -75.199942943258662, 39.95094452433586 ], [ -75.199904059721234, 39.950957438915552 ], [ -75.199628453247058, 39.950413169248044 ], [ -75.199761717212411, 39.950372965210505 ], [ -75.199769060204559, 39.950386926452481 ], [ -75.200218329203551, 39.950254610027301 ], [ -75.200321649107522, 39.950217048176242 ], [ -75.200314918304272, 39.950204365589613 ], [ -75.200436740485742, 39.950167246463508 ], [ -75.200443413272282, 39.950181226099765 ], [ -75.200503528733236, 39.95016538379808 ], [ -75.200550191960886, 39.950240298821591 ], [ -75.200562503119968, 39.950236423340328 ] ], [ [ -75.200415399881962, 39.950393220531183 ], [ -75.200010086776757, 39.950518722182665 ], [ -75.199970331369954, 39.95051747433461 ], [ -75.199950794104794, 39.950493976974492 ], [ -75.199844930684861, 39.950526583194446 ], [ -75.19987687442017, 39.950587928279269 ], [ -75.199931162107617, 39.950576343687516 ], [ -75.20002136576322, 39.950643479988223 ], [ -75.200028740913012, 39.950664041781742 ], [ -75.200004091369706, 39.950729969862472 ], [ -75.199949947193403, 39.950745213956331 ], [ -75.199979853850721, 39.950802479923802 ], [ -75.200539669357468, 39.950634956046784 ], [ -75.200415399881962, 39.950393220531183 ] ] ] } },
{ "type": "Feature", "properties": { "gid": 378707, "building_name": null, "num_birds_near": 17, "approx_hgt": 162.0, "lights_out": 0, "address": "100 S INDEPENDENCE W MALL" }, "geometry": { "type": "Polygon", "coordinates": [ [ [ -75.15065213227733, 39.950633466538569 ], [ -75.150819719870583, 39.949851341513764 ], [ -75.151400359750227, 39.949925037356834 ], [ -75.151232779864756, 39.950707162362548 ], [ -75.15065213227733, 39.950633466538569 ] ] ] } },
{ "type": "Feature", "properties": { "gid": 538332, "building_name": null, "num_birds_near": 17, "approx_hgt": 115.0, "lights_out": 0, "address": "461 UNIVERSITY AVE" }, "geometry": { "type": "Polygon", "coordinates": [ [ [ -75.197349935321171, 39.949764121475852 ], [ -75.197379775681554, 39.949629697919477 ], [ -75.197444147609602, 39.949638951223747 ], [ -75.197453536056742, 39.949595770468633 ], [ -75.197492187233308, 39.949601934836792 ], [ -75.197484134055131, 39.949645627347401 ], [ -75.197550765146602, 39.949651802578238 ], [ -75.19754204874711, 39.94969601102509 ], [ -75.197562164517436, 39.949700123058406 ], [ -75.197601727743816, 39.949510952726193 ], [ -75.197633243449559, 39.949515065249699 ], [ -75.197627208364281, 39.949542309784078 ], [ -75.197649337065684, 39.949546936020042 ], [ -75.197656042315145, 39.949517121414949 ], [ -75.197689569828285, 39.949521748114336 ], [ -75.197683535373969, 39.949549506237958 ], [ -75.197694933880882, 39.949522775689935 ], [ -75.197724438965693, 39.949526374023677 ], [ -75.197718403897341, 39.949554647509942 ], [ -75.197738520196665, 39.949558245952019 ], [ -75.197743884462596, 39.949531000901771 ], [ -75.197782106355149, 39.949533571423316 ], [ -75.197761318877653, 39.949632268945159 ], [ -75.197785458780871, 39.949634839664711 ], [ -75.197792834052862, 39.949592172713025 ], [ -75.197860560529094, 39.949599884024337 ], [ -75.197871289647438, 39.949554133673068 ], [ -75.197907499230837, 39.949558759618988 ], [ -75.197897440318357, 39.949602967949389 ], [ -75.197967178064673, 39.949611706945227 ], [ -75.197957119261616, 39.949662084461671 ], [ -75.198000705323935, 39.949666710520475 ], [ -75.198010763963936, 39.949611193666449 ], [ -75.198087877036201, 39.949623016841961 ], [ -75.198091230001069, 39.94959885621833 ], [ -75.198122074409255, 39.9496034825602 ], [ -75.198118051214195, 39.949626101069882 ], [ -75.198194494613716, 39.949634840451921 ], [ -75.198180413057358, 39.94968881539743 ], [ -75.198206564250086, 39.949692413770933 ], [ -75.198217292957281, 39.949636382019257 ], [ -75.198292394840479, 39.949647177315413 ], [ -75.198296418534753, 39.949624045239254 ], [ -75.198332628174981, 39.949629699998084 ], [ -75.198325921895844, 39.949653346336255 ], [ -75.198402364772249, 39.949661571093387 ], [ -75.198388953564262, 39.949716061031303 ], [ -75.198432539231305, 39.94972634162044 ], [ -75.198440586046502, 39.949684704105742 ], [ -75.198538486971486, 39.949697555245884 ], [ -75.198521051796291, 39.94977980303144 ], [ -75.198485512892375, 39.949776204931176 ], [ -75.198489536555329, 39.949754100894964 ], [ -75.198469419656391, 39.949753072238231 ], [ -75.198462044112645, 39.949790083613031 ], [ -75.198409740509277, 39.949784943044023 ], [ -75.198414434727596, 39.94975153010185 ], [ -75.198382248103172, 39.949749474280274 ], [ -75.198372189721297, 39.949803963120203 ], [ -75.198189129386762, 39.949781344272566 ], [ -75.198200528945208, 39.94972736912348 ], [ -75.198172365950469, 39.949724284613062 ], [ -75.198161637105116, 39.949776204173318 ], [ -75.197980588744883, 39.949755127222545 ], [ -75.197993329457248, 39.949699609677772 ], [ -75.197949742778462, 39.949693441082921 ], [ -75.197938344140795, 39.949744332092628 ], [ -75.197869947886844, 39.949737649290924 ], [ -75.197861900560241, 39.949770034344233 ], [ -75.197825691477547, 39.949765921970041 ], [ -75.19783306682244, 39.949732509237322 ], [ -75.197764671153053, 39.949723255818931 ], [ -75.197773387986999, 39.949679561841542 ], [ -75.197753272259405, 39.949676476991783 ], [ -75.197725108341572, 39.949782371578429 ], [ -75.197785458570792, 39.949790082776651 ], [ -75.197775812931681, 39.949844073492947 ], [ -75.197818985871336, 39.949849197691513 ], [ -75.197811609830765, 39.949877984649817 ], [ -75.197770705661696, 39.949873358731992 ], [ -75.197768023965125, 39.949939670673245 ], [ -75.197689568852937, 39.949915509700787 ], [ -75.197679510959063, 39.949962802177822 ], [ -75.197639670568137, 39.949957156522174 ], [ -75.197650677090977, 39.949911911517148 ], [ -75.197585634049531, 39.949901630671086 ], [ -75.197597033572919, 39.949850225236432 ], [ -75.197547412577705, 39.949845598977667 ], [ -75.197554788131271, 39.94981732649692 ], [ -75.197601056854268, 39.949822467411813 ], [ -75.197613796746822, 39.949769005977167 ], [ -75.197666770524123, 39.949776717073064 ], [ -75.19767012319555, 39.949763351390182 ], [ -75.197533330592478, 39.949739704958603 ], [ -75.19752528499501, 39.949784941061772 ], [ -75.197452194314295, 39.949777230012479 ], [ -75.197444818732379, 39.94980961557394 ], [ -75.19741129050783, 39.949806531310003 ], [ -75.197414643044212, 39.949771575752479 ], [ -75.197349935321171, 39.949764121475852 ] ] ] } },
{ "type": "Feature", "properties": { "gid": 5496, "building_name": "Shusterman Hall", "num_birds_near": 15, "approx_hgt": 39.0, "lights_out": 0, "address": "1801-35 N BROAD ST" }, "geometry": { "type": "Polygon", "coordinates": [ [ [ -75.156500169731913, 39.981143010261384 ], [ -75.156176531557662, 39.981101167219478 ], [ -75.156195919950633, 39.98101242475137 ], [ -75.156277038190737, 39.981030427975874 ], [ -75.156289819230039, 39.98097193100697 ], [ -75.15654628925428, 39.981005089896108 ], [ -75.156500169731913, 39.981143010261384 ] ] ] } },
{ "type": "Feature", "properties": { "gid": 513596, "building_name": "One Liberty Place", "num_birds_near": 15, "approx_hgt": 578.0, "lights_out": 0, "address": "1650 MARKET ST" }, "geometry": { "type": "Polygon", "coordinates": [ [ [ -75.168371164920941, 39.952840978560268 ], [ -75.167785292505314, 39.952764270275637 ], [ -75.167847667245979, 39.952425357304108 ], [ -75.167758921146728, 39.952414293445393 ], [ -75.167797789345641, 39.952213579392691 ], [ -75.168492898553509, 39.952299361505744 ], [ -75.168371164920941, 39.952840978560268 ] ] ] } },
{ "type": "Feature", "properties": { "gid": 361752, "building_name": "Embassy Suites", "num_birds_near": 14, "approx_hgt": 273.0, "lights_out": 0, "address": "1776 BEN FRANKLIN PKWY" }, "geometry": { "type": "Polygon", "coordinates": [ [ [ -75.169100922362418, 39.956545453987744 ], [ -75.169002198930798, 39.95651004481352 ], [ -75.168997404893616, 39.95647197367748 ], [ -75.1688984239142, 39.956440173478349 ], [ -75.168829867545398, 39.956377432261952 ], [ -75.168778906359393, 39.956355329770261 ], [ -75.168778235586117, 39.956339395583214 ], [ -75.16872794489845, 39.956317550528269 ], [ -75.168731967377255, 39.956304957488783 ], [ -75.168722244418589, 39.95631292439532 ], [ -75.168673964864567, 39.9562777147991 ], [ -75.168681006370306, 39.956266921445987 ], [ -75.168670612534456, 39.956274888568394 ], [ -75.168621997808629, 39.956239165037459 ], [ -75.168632391289449, 39.956230683433127 ], [ -75.168541532580747, 39.956162063802907 ], [ -75.168586459705125, 39.956100896865479 ], [ -75.168952070127034, 39.956141025292013 ], [ -75.168960786902147, 39.956162099693685 ], [ -75.169011930651337, 39.956146418643392 ], [ -75.169124599760494, 39.956158783739546 ], [ -75.169211573547287, 39.956217098908169 ], [ -75.169252373449723, 39.956294277650841 ], [ -75.169236340371896, 39.956380796173086 ], [ -75.169176542593036, 39.956442197322566 ], [ -75.169143015489496, 39.956537800890068 ], [ -75.169100922362418, 39.956545453987744 ] ] ] } },
{ "type": "Feature", "properties": { "gid": 545829, "building_name": "PIER 67S", "num_birds_near": 13, "approx_hgt": 19.0, "lights_out": 0, "address": "1701 S CHRISTOPHER COLUMBUS BLVD" }, "geometry": { "type": "Polygon", "coordinates": [ [ [ -75.139597366866141, 39.926045684612951 ], [ -75.137871231076048, 39.925798281549476 ], [ -75.137903473400655, 39.925635556265185 ], [ -75.139449945613876, 39.925847293115162 ], [ -75.139597366866141, 39.926045684612951 ] ] ] } },
{ "type": "Feature", "properties": { "gid": 420565, "building_name": "", "num_birds_near": 13, "approx_hgt": 403.0, "lights_out": 1, "address": "130 N 18TH ST" }, "geometry": { "type": "Polygon", "coordinates": [ [ [ -75.170781852722186, 39.956612313136397 ], [ -75.169981913920594, 39.956513049818497 ], [ -75.169633681976336, 39.956254818323956 ], [ -75.169672574266798, 39.956222956711578 ], [ -75.170838604084793, 39.956368672439282 ], [ -75.170781852722186, 39.956612313136397 ] ] ] } },
{ "type": "Feature", "properties": { "gid": 3181, "building_name": "The View at Montgomery", "num_birds_near": 13, "approx_hgt": 163.0, "lights_out": 0, "address": "1100 W MONTGOMERY AVE" }, "geometry": { "type": "Polygon", "coordinates": [ [ [ -75.152955961823864, 39.979478780310657 ], [ -75.152934710899956, 39.979455609932877 ], [ -75.152912788210202, 39.979506697853679 ], [ -75.1523527554086, 39.97943465841243 ], [ -75.152394331130438, 39.979234266501322 ], [ -75.152662550971272, 39.979274860622787 ], [ -75.152695408642884, 39.979153597698222 ], [ -75.152849466862634, 39.979175289816823 ], [ -75.15284402815314, 39.979211205582146 ], [ -75.15316638895915, 39.979302409565015 ], [ -75.153193481383695, 39.979239275774717 ], [ -75.153694029093003, 39.9793663994582 ], [ -75.153687153204174, 39.979404351469178 ], [ -75.153703020284141, 39.979443392926534 ], [ -75.153778115073251, 39.979462463637702 ], [ -75.153715369161745, 39.979608686292053 ], [ -75.153063000736083, 39.979443004282331 ], [ -75.152999298858973, 39.979502607331668 ], [ -75.152967111670378, 39.979470236040044 ], [ -75.152955961823864, 39.979478780310657 ] ] ] } },
{ "type": "Feature", "properties": { "gid": 520453, "building_name": "Academy of Natural Sciences", "num_birds_near": 13, "approx_hgt": 71.0, "lights_out": 0, "address": "1900 RACE ST" }, "geometry": { "type": "Polygon", "coordinates": [ [ [ -75.171059676661002, 39.957192154736099 ], [ -75.171054597498113, 39.957216339939905 ], [ -75.170912143827309, 39.95719862186246 ], [ -75.170916272934733, 39.957178954602469 ], [ -75.170845451086223, 39.957170146051318 ], [ -75.17100286561508, 39.956379637717355 ], [ -75.171346950598604, 39.956422433441347 ], [ -75.171329130862446, 39.956507294719088 ], [ -75.171408367884368, 39.956517149917232 ], [ -75.171392621756738, 39.956592138575949 ], [ -75.171685062391177, 39.956620256226422 ], [ -75.171596310661386, 39.957050265911803 ], [ -75.171545500718722, 39.957043947500907 ], [ -75.171496929528772, 39.957269571937758 ], [ -75.171357821226593, 39.957252271100543 ], [ -75.171362574486338, 39.957229636409231 ], [ -75.171059676661002, 39.957192154736099 ] ] ] } },
{ "type": "Feature", "properties": { "gid": 459985, "building_name": "PNC Center", "num_birds_near": 13, "approx_hgt": 496.0, "lights_out": 0, "address": "1600-22 MARKET ST" }, "geometry": { "type": "Polygon", "coordinates": [ [ [ -75.167615295308735, 39.952715848395393 ], [ -75.167554035242944, 39.952750807049789 ], [ -75.167041892769802, 39.952688357356344 ], [ -75.166996635005077, 39.952639377262138 ], [ -75.167013561619797, 39.952557153532155 ], [ -75.167063758458028, 39.952528936097757 ], [ -75.167064637913185, 39.952491421489441 ], [ -75.167030107400677, 39.952453751015547 ], [ -75.167052531866219, 39.952344823415253 ], [ -75.167114051107035, 39.952312529757045 ], [ -75.167628361811751, 39.952375244245914 ], [ -75.167671312217706, 39.952423364831176 ], [ -75.167649352803025, 39.952530031547298 ], [ -75.167588048720376, 39.952561532938667 ], [ -75.167582994683215, 39.952586080783242 ], [ -75.167632130631361, 39.952634066733886 ], [ -75.167615295308735, 39.952715848395393 ] ] ] } },
{ "type": "Feature", "properties": { "gid": 496262, "building_name": "Stinger Square Playground Building", "num_birds_near": 12, "approx_hgt": 12.0, "lights_out": 0, "address": "1400 S 32ND ST" }, "geometry": { "type": "Polygon", "coordinates": [ [ [ -75.19735801450048, 39.936508623222004 ], [ -75.197588624106729, 39.936530694193053 ], [ -75.197573956393526, 39.936598808070805 ], [ -75.197344888959933, 39.936569576877204 ], [ -75.19735801450048, 39.936508623222004 ] ] ] } },
{ "type": "Feature", "properties": { "gid": 479350, "building_name": null, "num_birds_near": 12, "approx_hgt": 49.0, "lights_out": 1, "address": "1735 MARKET ST" }, "geometry": { "type": "Polygon", "coordinates": [ [ [ -75.168986179487419, 39.953478421715516 ], [ -75.169167791413415, 39.953500142731542 ], [ -75.169125959664143, 39.953707303011328 ], [ -75.168944347231943, 39.953685581028246 ], [ -75.168986179487419, 39.953478421715516 ] ] ] } },
{ "type": "Feature", "properties": { "gid": 4376, "building_name": "PGW Headquarters 1", "num_birds_near": 12, "approx_hgt": 80.0, "lights_out": 0, "address": "800-16 W MONTGOMERY AVE" }, "geometry": { "type": "Polygon", "coordinates": [ [ [ -75.149023120251485, 39.979026401081711 ], [ -75.148391246096821, 39.978945412700575 ], [ -75.148536608962743, 39.978278628596343 ], [ -75.149115689351561, 39.978353345115785 ], [ -75.14904761802083, 39.978665603199509 ], [ -75.149063176381588, 39.978680276643082 ], [ -75.149039369221896, 39.978708236189711 ], [ -75.148998984507017, 39.978893486358025 ], [ -75.149048275675014, 39.978911005796355 ], [ -75.149023120251485, 39.979026401081711 ] ] ] } },
{ "type": "Feature", "properties": { "gid": 368489, "building_name": null, "num_birds_near": 11, "approx_hgt": 58.0, "lights_out": 0, "address": "1815-25 ARCH ST" }, "geometry": { "type": "Polygon", "coordinates": [ [ [ -75.170344629287584, 39.956206728865382 ], [ -75.169940785288105, 39.956154828278585 ], [ -75.170109242777855, 39.955378530548806 ], [ -75.170513082290498, 39.955430430538286 ], [ -75.170344629287584, 39.956206728865382 ] ] ] } },
{ "type": "Feature", "properties": { "gid": 387032, "building_name": null, "num_birds_near": 11, "approx_hgt": 12.0, "lights_out": 0, "address": "501-35 MARKET ST" }, "geometry": { "type": "Polygon", "coordinates": [ [ [ -75.149886421337655, 39.952187492351804 ], [ -75.149878848907619, 39.952293464241933 ], [ -75.149814599062609, 39.952353965390671 ], [ -75.149719643251316, 39.952357958637627 ], [ -75.149673951059413, 39.952336744488321 ], [ -75.149642435382034, 39.952299348660453 ], [ -75.149646123913342, 39.952230597190436 ], [ -75.149690212394503, 39.952189860627172 ], [ -75.149757435302689, 39.952173026317674 ], [ -75.149886421337655, 39.952187492351804 ] ] ] } },
{ "type": "Feature", "properties": { "gid": 532230, "building_name": "The Windsor", "num_birds_near": 11, "approx_hgt": 253.0, "lights_out": 0, "address": "1700-20 BEN FRANKLIN PKWY" }, "geometry": { "type": "Polygon", "coordinates": [ [ [ -75.168380474772775, 39.955960111812537 ], [ -75.168196522436318, 39.95592318827903 ], [ -75.168203416617487, 39.955889438334403 ], [ -75.168063419001768, 39.955825575188626 ], [ -75.168021126215294, 39.955787843871377 ], [ -75.168025843138281, 39.955775772855091 ], [ -75.167970856730989, 39.955790164115889 ], [ -75.167943365758944, 39.955753926455635 ], [ -75.167980969944423, 39.955737796028345 ], [ -75.16796479000422, 39.955699278429215 ], [ -75.167973520251408, 39.955686718402291 ], [ -75.167960106156926, 39.955690054745567 ], [ -75.167950383689373, 39.955591605656529 ], [ -75.16796602493659, 39.955593497568969 ], [ -75.167952450504842, 39.955584233239243 ], [ -75.167972022963212, 39.955495778968285 ], [ -75.167993184800224, 39.95549833935614 ], [ -75.168003456352253, 39.95544805707258 ], [ -75.168480372848435, 39.955505756500848 ], [ -75.168444926519115, 39.955679276821897 ], [ -75.168471713966682, 39.955682517849873 ], [ -75.168425748844442, 39.955907531289171 ], [ -75.168392047925025, 39.955903454393763 ], [ -75.168380474772775, 39.955960111812537 ] ] ] } },
{ "type": "Feature", "properties": { "gid": 538350, "building_name": "Court Arbitration", "num_birds_near": 11, "approx_hgt": 293.0, "lights_out": 0, "address": "1880 JOHN F KENNEDY BLVD" }, "geometry": { "type": "Polygon", "coordinates": [ [ [ -75.170605534683887, 39.954092203335648 ], [ -75.170626734034741, 39.95399391378529 ], [ -75.170699160374326, 39.954003144255573 ], [ -75.170704890634156, 39.95397651574747 ], [ -75.171120710911552, 39.954044080566852 ], [ -75.171124354441091, 39.954027144166076 ], [ -75.171343713619464, 39.954055098397184 ], [ -75.171313827057887, 39.954194012212376 ], [ -75.171217919665722, 39.954252515819867 ], [ -75.170744349006512, 39.95419216648979 ], [ -75.170676095467257, 39.954114926873274 ], [ -75.170678971311176, 39.954101561953401 ], [ -75.170605534683887, 39.954092203335648 ] ] ] } },
{ "type": "Feature", "properties": { "gid": 504449, "building_name": "Wells Fargo", "num_birds_near": 11, "approx_hgt": 191.0, "lights_out": 0, "address": "101 N INDEPENDENCE E MALL" }, "geometry": { "type": "Polygon", "coordinates": [ [ [ -75.148627344296727, 39.951018810505218 ], [ -75.147292231990093, 39.950855567339218 ], [ -75.147364411227329, 39.950505907804853 ], [ -75.148699516800548, 39.95066915102425 ], [ -75.148627344296727, 39.951018810505218 ] ] ] } },
{ "type": "Feature", "properties": { "gid": 5382, "building_name": "The Shops on Liacouras Walk", "num_birds_near": 10, "approx_hgt": 39.0, "lights_out": 0, "address": "1901R-39 N BROAD ST" }, "geometry": { "type": "Polygon", "coordinates": [ [ [ -75.156361558334865, 39.981772916498976 ], [ -75.156234096990374, 39.981750210412706 ], [ -75.156251910176351, 39.98178303069939 ], [ -75.156227813681582, 39.981806012448644 ], [ -75.156286249339004, 39.981813835032483 ], [ -75.156277596871007, 39.98185208939951 ], [ -75.156215187526897, 39.981843735493406 ], [ -75.156231335941641, 39.981889784707036 ], [ -75.156206833836663, 39.981898545564292 ], [ -75.156221854335598, 39.981924937954389 ], [ -75.156194861602174, 39.981929971773724 ], [ -75.156190297199942, 39.981950151363364 ], [ -75.156246292946179, 39.981961785071029 ], [ -75.156237630663369, 39.98200008066064 ], [ -75.156185681989825, 39.981993127302886 ], [ -75.156204842212773, 39.982007208986914 ], [ -75.156174679520575, 39.982027436156088 ], [ -75.156188875546547, 39.982076120863489 ], [ -75.156139192202545, 39.982081919408515 ], [ -75.156125351172406, 39.982143106264516 ], [ -75.155932492944132, 39.982117289826476 ], [ -75.156043320461549, 39.981627328816572 ], [ -75.156158459066148, 39.981634482554426 ], [ -75.156218658328925, 39.981654023105634 ], [ -75.15625753324538, 39.981647546835262 ], [ -75.156383516087047, 39.981675840017026 ], [ -75.156361558334865, 39.981772916498976 ] ] ] } },
{ "type": "Feature", "properties": { "gid": 498417, "building_name": "1601", "num_birds_near": 10, "approx_hgt": 481.0, "lights_out": 0, "address": "1601-23 MARKET ST" }, "geometry": { "type": "Polygon", "coordinates": [ [ [ -75.166873043835807, 39.953238757473642 ], [ -75.166935603272776, 39.952940200035904 ], [ -75.167732220570457, 39.953039063922439 ], [ -75.167669193880755, 39.953339870942813 ], [ -75.167337678021426, 39.953314968829069 ], [ -75.167238042245074, 39.95328405695502 ], [ -75.166873043835807, 39.953238757473642 ] ] ] } },
{ "type": "Feature", "properties": { "gid": 367038, "building_name": "Free Quaker Meeting House", "num_birds_near": 9, "approx_hgt": 39.0, "lights_out": 0, "address": "501-35 MARKET ST" }, "geometry": { "type": "Polygon", "coordinates": [ [ [ -75.148628866354812, 39.952503619073738 ], [ -75.148660042202124, 39.952363571706563 ], [ -75.148795593459326, 39.952381444138126 ], [ -75.148764417883385, 39.952521491542342 ], [ -75.148628866354812, 39.952503619073738 ] ] ] } },
{ "type": "Feature", "properties": { "gid": 440817, "building_name": null, "num_birds_near": 9, "approx_hgt": 20.0, "lights_out": 0, "address": "1701 JOHN F KENNEDY BLVD" }, "geometry": { "type": "Polygon", "coordinates": [ [ [ -75.168427205884626, 39.954271060714838 ], [ -75.168434008888042, 39.954243277018371 ], [ -75.1684737493038, 39.954249039584667 ], [ -75.16847739539935, 39.954234148610695 ], [ -75.168583750287624, 39.954260332494897 ], [ -75.168575844397338, 39.954292617166232 ], [ -75.168427205884626, 39.954271060714838 ] ] ] } },
{ "type": "Feature", "properties": { "gid": 378272, "building_name": "Rodin College House\r", "num_birds_near": 8, "approx_hgt": 274.0, "lights_out": 0, "address": "3900-46 WALNUT ST" }, "geometry": { "type": "Polygon", "coordinates": [ [ [ -75.201036846337317, 39.953144485716081 ], [ -75.201073471785293, 39.953139611566584 ], [ -75.201094928060002, 39.953043083593592 ], [ -75.201135478610325, 39.953048422127509 ], [ -75.20113217587587, 39.953063279269578 ], [ -75.201250148559978, 39.953078811192313 ], [ -75.201291140614842, 39.952894397289896 ], [ -75.201494361346178, 39.952921152131573 ], [ -75.201454081177133, 39.953102363527087 ], [ -75.201622599281578, 39.95312354293273 ], [ -75.201625920157525, 39.953108605091472 ], [ -75.201667888542474, 39.953114130809098 ], [ -75.201646282469227, 39.953211334000045 ], [ -75.201681669959726, 39.953215992702141 ], [ -75.201665535448484, 39.953288580401534 ], [ -75.20145944772554, 39.953261447737724 ], [ -75.201443358064097, 39.95333383187959 ], [ -75.20138587547072, 39.953326263882985 ], [ -75.20138179506209, 39.953344625775522 ], [ -75.201225620941813, 39.953324064498197 ], [ -75.201229405522596, 39.953307035829383 ], [ -75.201182425310165, 39.953300849875518 ], [ -75.201197820785964, 39.953231592139204 ], [ -75.201022851928656, 39.953207444116245 ], [ -75.201036846337317, 39.953144485716081 ] ] ] } },
{ "type": "Feature", "properties": { "gid": 467533, "building_name": "Calhoun Hall", "num_birds_near": 8, "approx_hgt": 91.0, "lights_out": 0, "address": "3301 ARCH ST" }, "geometry": { "type": "Polygon", "coordinates": [ [ [ -75.189646115210735, 39.958205540761668 ], [ -75.189608718597555, 39.958226150032353 ], [ -75.189446646801628, 39.958052787256065 ], [ -75.189459783558064, 39.958045514734117 ], [ -75.189451413581551, 39.958036562007237 ], [ -75.189424384273138, 39.958051527165331 ], [ -75.189403252840947, 39.958028924038658 ], [ -75.189439329357029, 39.958008950312085 ], [ -75.18941687297206, 39.958006341590092 ], [ -75.189431290508097, 39.957935669478019 ], [ -75.189380694165948, 39.957930308937314 ], [ -75.189340956906605, 39.957887804395838 ], [ -75.189360379803659, 39.957877051962683 ], [ -75.189505386268891, 39.957894808493336 ], [ -75.189501362482531, 39.95791433990459 ], [ -75.189572777199388, 39.957920507454524 ], [ -75.189566070343574, 39.957967023602087 ], [ -75.18958443488826, 39.958020451455177 ], [ -75.189663634597707, 39.95807856095886 ], [ -75.189730018793526, 39.958090125783635 ], [ -75.189852007811481, 39.958055706205791 ], [ -75.189891622197223, 39.958009173933682 ], [ -75.189904697659784, 39.957961115922622 ], [ -75.189976446351366, 39.957973709445028 ], [ -75.189989284679186, 39.957909229790516 ], [ -75.190040086799058, 39.957881103333051 ], [ -75.190058061468633, 39.957900330098063 ], [ -75.190019026307212, 39.958082160610999 ], [ -75.189997208540973, 39.958079505887973 ], [ -75.190023255039335, 39.958107366940773 ], [ -75.189995348169319, 39.958122817210892 ], [ -75.189976506809359, 39.958102664682407 ], [ -75.189963201486052, 39.958110030809266 ], [ -75.189971069602038, 39.958118446109268 ], [ -75.189747014059151, 39.958242494139093 ], [ -75.189720111062627, 39.958213719206277 ], [ -75.189711913060535, 39.958263082598265 ], [ -75.189634799097306, 39.958253572242931 ], [ -75.189646115210735, 39.958205540761668 ] ] ] } },
{ "type": "Feature", "properties": { "gid": 372451, "building_name": "The Quadrangle", "num_birds_near": 8, "approx_hgt": 65.0, "lights_out": 0, "address": "3600 SPRUCE ST" }, "geometry": { "type": "Polygon", "coordinates": [ [ [ -75.197412076481896, 39.950894768021286 ], [ -75.196924892147862, 39.950833338079477 ], [ -75.196905585492772, 39.95084320231971 ], [ -75.19613660893198, 39.950733210326554 ], [ -75.196134261575907, 39.950746574929454 ], [ -75.196054670067383, 39.950736876609113 ], [ -75.19605725671039, 39.950724994984071 ], [ -75.195569503737516, 39.950661622928138 ], [ -75.1955596817361, 39.950706740072334 ], [ -75.195440774986594, 39.950691404830671 ], [ -75.195453349165788, 39.950633651121464 ], [ -75.19542183822972, 39.95062958766902 ], [ -75.195444138184044, 39.950527160681141 ], [ -75.195465038903563, 39.950522355291305 ], [ -75.195480325665983, 39.950452142523673 ], [ -75.195461574191526, 39.950444652910093 ], [ -75.195485835229817, 39.950333218993727 ], [ -75.195519797248011, 39.950337599212162 ], [ -75.19553026171107, 39.950232141634856 ], [ -75.195629458072489, 39.949820800156481 ], [ -75.195728185070166, 39.949833531541444 ], [ -75.195725865807987, 39.949844185638078 ], [ -75.196339443097315, 39.949913486866819 ], [ -75.196335874706378, 39.949929875090945 ], [ -75.19641466847888, 39.949947910495659 ], [ -75.197146208162451, 39.950042243346196 ], [ -75.19715003393172, 39.950024670601877 ], [ -75.197240648167792, 39.950036355143162 ], [ -75.197258390690706, 39.949954850480005 ], [ -75.197297348326643, 39.94995987385024 ], [ -75.197285036286189, 39.950016428917387 ], [ -75.197326015310523, 39.950021712604716 ], [ -75.19731894958521, 39.950054168126101 ], [ -75.197434583067505, 39.950069079001771 ], [ -75.19744207331135, 39.950034670533256 ], [ -75.197389941379996, 39.950027948454775 ], [ -75.197401189428078, 39.949976279274694 ], [ -75.197518111346255, 39.94999135569514 ], [ -75.197507054234975, 39.950042151555195 ], [ -75.197487386069099, 39.950039615421673 ], [ -75.197479987976791, 39.950073597065085 ], [ -75.198487561037155, 39.950208890347255 ], [ -75.198490914319891, 39.950191670159583 ], [ -75.198579090757661, 39.950201693815053 ], [ -75.198535170138001, 39.95042042046326 ], [ -75.198601219327202, 39.950427617375951 ], [ -75.19869911988286, 39.950398574342643 ], [ -75.198702909789944, 39.950374931590844 ], [ -75.198736466058051, 39.95036490017192 ], [ -75.198760474181285, 39.950379811509862 ], [ -75.198855022397353, 39.950352310182865 ], [ -75.198864074766021, 39.950305275466754 ], [ -75.198844294228536, 39.950302704632982 ], [ -75.198854351752203, 39.950249758259247 ], [ -75.198874133478171, 39.95025232821699 ], [ -75.198878826950178, 39.950239477065658 ], [ -75.199152746601428, 39.95028548549471 ], [ -75.199175210938705, 39.950303476282727 ], [ -75.199176551808577, 39.950325323922605 ], [ -75.199145371196337, 39.950351283097412 ], [ -75.19746128132175, 39.950863780054526 ], [ -75.197416094675006, 39.950879582708914 ], [ -75.197412076481896, 39.950894768021286 ] ], [ [ -75.197118151817364, 39.950163192388544 ], [ -75.19625487648662, 39.950046429553126 ], [ -75.1962299155674, 39.950156742487941 ], [ -75.196293480970752, 39.950164757611304 ], [ -75.196280510220376, 39.9502257020361 ], [ -75.196258289376814, 39.950222900725876 ], [ -75.196209218951182, 39.950453448499303 ], [ -75.196231186954591, 39.950456219860861 ], [ -75.196217985961241, 39.950518241261548 ], [ -75.196060126894565, 39.950497927193474 ], [ -75.196096865751713, 39.950325312537053 ], [ -75.195684346288061, 39.950277041917332 ], [ -75.195656508110417, 39.9504151903026 ], [ -75.195622082260968, 39.950434294410883 ], [ -75.195633755348624, 39.950460541167139 ], [ -75.195609381582841, 39.950469042651832 ], [ -75.195599244165962, 39.950516665678009 ], [ -75.195615402159092, 39.95054260145767 ], [ -75.195589345946757, 39.950567859308869 ], [ -75.196107568055382, 39.950614189650004 ], [ -75.196880121224652, 39.95071803463405 ], [ -75.196884265457513, 39.950698563359836 ], [ -75.196966178294744, 39.950708890316228 ], [ -75.196960566521881, 39.950734112478727 ], [ -75.197089982614386, 39.95075004855714 ], [ -75.197112782081973, 39.950653921429335 ], [ -75.196858111354089, 39.95062272384969 ], [ -75.196941453536397, 39.950231142526739 ], [ -75.19712231958222, 39.950254637138421 ], [ -75.197135731219646, 39.950185241109899 ], [ -75.197114057621363, 39.950182425115777 ], [ -75.197118151817364, 39.950163192388544 ] ], [ [ -75.197437477604893, 39.95077048106743 ], [ -75.197657082553789, 39.950705712210869 ], [ -75.197652389102856, 39.950695431822922 ], [ -75.197749618511338, 39.95066536011722 ], [ -75.197755654345897, 39.950648911431387 ], [ -75.19780091622593, 39.950650453761867 ], [ -75.198022197966083, 39.950582600452144 ], [ -75.198056061210664, 39.950557668935971 ], [ -75.198081876502414, 39.950564608891753 ], [ -75.198334675314186, 39.95047439498699 ], [ -75.198458055646213, 39.950451006059311 ], [ -75.198481402284841, 39.950323325981969 ], [ -75.197268499676241, 39.950171748217137 ], [ -75.197264811568289, 39.950189739391902 ], [ -75.197288951659402, 39.950193338262785 ], [ -75.197279898683263, 39.950266846188889 ], [ -75.197206519971402, 39.950581554984318 ], [ -75.197222231123646, 39.950583754417792 ], [ -75.197213177866587, 39.950635673356366 ], [ -75.197196188560341, 39.95063399688982 ], [ -75.197176340988989, 39.950726809160102 ], [ -75.197378549487198, 39.950762349948967 ], [ -75.197380932471759, 39.950751208897664 ], [ -75.197440160132814, 39.950758658313333 ], [ -75.197437477604893, 39.95077048106743 ] ], [ [ -75.196166115340148, 39.950018430443926 ], [ -75.195791612676999, 39.949977305557219 ], [ -75.19575117045764, 39.949961140118894 ], [ -75.195703296951436, 39.950186869658118 ], [ -75.196120516729906, 39.950236900925262 ], [ -75.19612420550925, 39.950156453016746 ], [ -75.19613895677503, 39.950148742696733 ], [ -75.196142645414014, 39.950081659394932 ], [ -75.196166115340148, 39.950018430443926 ] ] ] } },
{ "type": "Feature", "properties": { "gid": 1004, "building_name": "Food Stands", "num_birds_near": 8, "approx_hgt": 11.0, "lights_out": 0, "address": "1835-99 N 12TH ST" }, "geometry": { "type": "Polygon", "coordinates": [ [ [ -75.153297768380966, 39.980730625167901 ], [ -75.153379687576717, 39.980741468388473 ], [ -75.153372416506471, 39.980773972006666 ], [ -75.153387041377854, 39.980775908564055 ], [ -75.153381091253763, 39.980802505276607 ], [ -75.153364120733784, 39.980806043374848 ], [ -75.153381834913461, 39.980808388623267 ], [ -75.153375083866138, 39.980838564069373 ], [ -75.15335932394045, 39.98083647748507 ], [ -75.153373099303778, 39.980843815335703 ], [ -75.153366521821752, 39.98087321893378 ], [ -75.153351329374701, 39.980871208261178 ], [ -75.153365537244525, 39.980877894553707 ], [ -75.153359000713948, 39.980907115270917 ], [ -75.153343621816305, 39.980905079654875 ], [ -75.153357891576263, 39.980911770952773 ], [ -75.153351121990966, 39.980942032475859 ], [ -75.153336077527101, 39.980940041368719 ], [ -75.15334918502235, 39.980947907421317 ], [ -75.153327957018519, 39.980980454707812 ], [ -75.153342087825379, 39.980982326028666 ], [ -75.15333596701791, 39.981009679334974 ], [ -75.153319391121443, 39.9810119928662 ], [ -75.153248957240521, 39.981002667342423 ], [ -75.153256871062752, 39.980967293221113 ], [ -75.153240263906952, 39.980965094643459 ], [ -75.153247313197184, 39.980933584339503 ], [ -75.153263679108434, 39.980935751327507 ], [ -75.153279787880223, 39.980863745318487 ], [ -75.153259451956743, 39.980861046092095 ], [ -75.153265020739511, 39.980836153587518 ], [ -75.153284940884774, 39.980838791145132 ], [ -75.153266529831882, 39.98082872642032 ], [ -75.153272703208373, 39.98080113193361 ], [ -75.153291449858116, 39.980803614088821 ], [ -75.153276465098926, 39.980794763083338 ], [ -75.153297768380966, 39.980730625167901 ] ] ] } },
{ "type": "Feature", "properties": { "gid": 5732, "building_name": null, "num_birds_near": 8, "approx_hgt": 188.0, "lights_out": 0, "address": "1801-35 N BROAD ST" }, "geometry": { "type": "Polygon", "coordinates": [ [ [ -75.156797837872006, 39.98089552965601 ], [ -75.15683524989845, 39.980605402078282 ], [ -75.156714628303476, 39.980589870864378 ], [ -75.156750975924709, 39.980422800679776 ], [ -75.157037265321634, 39.980463178294414 ], [ -75.157042929032215, 39.980437142590908 ], [ -75.156753169750985, 39.980400897015642 ], [ -75.15678619726576, 39.980215164739718 ], [ -75.157102882058652, 39.980245520555656 ], [ -75.157112118363528, 39.980258586755866 ], [ -75.157216027511637, 39.980271965835243 ], [ -75.157264547346458, 39.980264762010655 ], [ -75.157266912394377, 39.980308991334219 ], [ -75.157250146812075, 39.98030683300513 ], [ -75.157225276688379, 39.980421152320609 ], [ -75.157245878396282, 39.980441156345407 ], [ -75.157240949401697, 39.980463810028269 ], [ -75.157196271595154, 39.98047152053288 ], [ -75.15718018511825, 39.980453506152358 ], [ -75.157102375725131, 39.980443487438727 ], [ -75.157102772834392, 39.980496372503922 ], [ -75.157081735367512, 39.980500359855988 ], [ -75.157052621848081, 39.980634181241172 ], [ -75.156980509411497, 39.980635596224339 ], [ -75.156975344433604, 39.980659335694845 ], [ -75.157053731008986, 39.98066942790031 ], [ -75.157027876158821, 39.980788267849874 ], [ -75.157152199804059, 39.980804275220088 ], [ -75.157097705906381, 39.98105475603726 ], [ -75.156763776884418, 39.981011761274125 ], [ -75.156797837872006, 39.98089552965601 ] ] ] } },
{ "type": "Feature", "properties": { "gid": 498055, "building_name": "Steinberg Conference Center", "num_birds_near": 7, "approx_hgt": 81.0, "lights_out": 0, "address": "3701-45 SPRUCE ST" }, "geometry": { "type": "Polygon", "coordinates": [ [ [ -75.198281359120571, 39.951932296583784 ], [ -75.198297091199194, 39.951861160864532 ], [ -75.198364499336392, 39.951869991003065 ], [ -75.19837055762639, 39.951842593778601 ], [ -75.198471955372085, 39.95178579305928 ], [ -75.198508023172764, 39.951622703559167 ], [ -75.198426882540318, 39.951540467718409 ], [ -75.198432104421954, 39.951516855025595 ], [ -75.198359820020713, 39.951507386652054 ], [ -75.198348633209179, 39.951557967962131 ], [ -75.198314906001087, 39.951553549672191 ], [ -75.198331066582838, 39.951480477313083 ], [ -75.198295434684823, 39.951475809413338 ], [ -75.19827169633335, 39.951580078058328 ], [ -75.198066508327059, 39.95155540360367 ], [ -75.198082936479935, 39.951474185838123 ], [ -75.197991070829929, 39.951453624495201 ], [ -75.198001129786107, 39.951402220731772 ], [ -75.198071537718477, 39.951402734848465 ], [ -75.198078243203611, 39.951370607346291 ], [ -75.197468377108791, 39.951295556204776 ], [ -75.19746267697117, 39.951326655478454 ], [ -75.197553871725859, 39.951342847765844 ], [ -75.197546161229184, 39.951400162991582 ], [ -75.197280603836973, 39.951375157325622 ], [ -75.197326890929631, 39.951144171499074 ], [ -75.198301536274329, 39.95126780048399 ], [ -75.198273372904978, 39.951398623303135 ], [ -75.198301871190679, 39.951402991956456 ], [ -75.198310924217083, 39.951363154513103 ], [ -75.198431050644871, 39.951378509369185 ], [ -75.19844436379006, 39.951308152353079 ], [ -75.198481243633751, 39.951312008232435 ], [ -75.198485266747198, 39.951288362564291 ], [ -75.198749129084817, 39.951322032341665 ], [ -75.198878105641711, 39.951460524728155 ], [ -75.198858092344068, 39.951556433914554 ], [ -75.198930511962757, 39.95156517246248 ], [ -75.1989385656005, 39.951586365707662 ], [ -75.198917101269245, 39.951631997220233 ], [ -75.198721300232805, 39.951607837259736 ], [ -75.198669668016919, 39.951852774746847 ], [ -75.198866138445538, 39.951874621473777 ], [ -75.198871506334271, 39.951897377697378 ], [ -75.19885205728113, 39.95193887696653 ], [ -75.198777508501294, 39.951934857333647 ], [ -75.198707478885638, 39.952251520955201 ], [ -75.19876021914213, 39.952258428018581 ], [ -75.198732175262165, 39.952385239620462 ], [ -75.19856783121682, 39.952363711772144 ], [ -75.198575509569352, 39.952328992971971 ], [ -75.198354232722309, 39.952300006695197 ], [ -75.198283205089027, 39.952230432303871 ], [ -75.198317571479606, 39.952075039223466 ], [ -75.19828249727631, 39.952070445001198 ], [ -75.19831215776621, 39.951936330774693 ], [ -75.198281359120571, 39.951932296583784 ] ], [ [ -75.198673559913274, 39.951404222364538 ], [ -75.198587922662369, 39.951393909311008 ], [ -75.19853910703695, 39.951420459958463 ], [ -75.198526505743388, 39.951487294573958 ], [ -75.198604624814607, 39.951572367970755 ], [ -75.198692874226822, 39.951582834615778 ], [ -75.198739672574931, 39.951557380604811 ], [ -75.198750543113377, 39.951488058543866 ], [ -75.198673559913274, 39.951404222364538 ] ] ] } },
{ "type": "Feature", "properties": { "gid": 421963, "building_name": "Sansom Place West", "num_birds_near": 7, "approx_hgt": 154.0, "lights_out": 0, "address": "3600-48 CHESTNUT ST" }, "geometry": { "type": "Polygon", "coordinates": [ [ [ -75.195886232826552, 39.954747755652818 ], [ -75.195912937443495, 39.954616625114916 ], [ -75.195990693340391, 39.954626004155948 ], [ -75.196000093612923, 39.954579842327867 ], [ -75.195975216554231, 39.954576841293935 ], [ -75.195990852485551, 39.954500059794526 ], [ -75.196015959151367, 39.95450308756206 ], [ -75.196025169749859, 39.954457859455708 ], [ -75.195956426638233, 39.954449567701936 ], [ -75.196025364942642, 39.954111043497505 ], [ -75.196194582745576, 39.954131453551803 ], [ -75.196125464471223, 39.95447086312555 ], [ -75.196049592091001, 39.954461712617316 ], [ -75.196040519357268, 39.95450626353604 ], [ -75.196077934589582, 39.95451077629302 ], [ -75.196062295906898, 39.954587571256198 ], [ -75.196022412140564, 39.954582761161767 ], [ -75.196013006086886, 39.954628952595776 ], [ -75.19635584405502, 39.954670302924242 ], [ -75.196329191892588, 39.954801181532751 ], [ -75.195886232826552, 39.954747755652818 ] ] ] } },
{ "type": "Feature", "properties": { "gid": 421409, "building_name": "Jon M. Huntsman Hall", "num_birds_near": 7, "approx_hgt": 155.0, "lights_out": 0, "address": "3726-34 WALNUT ST" }, "geometry": { "type": "Polygon", "coordinates": [ [ [ -75.198140982248262, 39.953468713829189 ], [ -75.198037869121677, 39.953430194011737 ], [ -75.197967371274686, 39.953371863155063 ], [ -75.197935956058046, 39.953312042079432 ], [ -75.197945400258178, 39.953188246937032 ], [ -75.1979978635908, 39.953118950215611 ], [ -75.198079947243585, 39.95307032648055 ], [ -75.198170053263411, 39.953050300649956 ], [ -75.198272156968258, 39.953054212844606 ], [ -75.198343352044049, 39.952715165576279 ], [ -75.197805701082743, 39.952648293070347 ], [ -75.197842803581054, 39.952471613482125 ], [ -75.198597204851154, 39.952565444117973 ], [ -75.198590993252509, 39.952595022878995 ], [ -75.19864899634517, 39.952602237164037 ], [ -75.198465974634189, 39.953473836095625 ], [ -75.19831885122808, 39.953455538180407 ], [ -75.198248831056333, 39.95347251057256 ], [ -75.198140982248262, 39.953468713829189 ] ] ] } },
{ "type": "Feature", "properties": { "gid": 521740, "building_name": "Sister Cities Park", "num_birds_near": 7, "approx_hgt": 18.0, "lights_out": 0, "address": "200 N 18TH ST" }, "geometry": { "type": "Polygon", "coordinates": [ [ [ -75.169133943450007, 39.958059362945647 ], [ -75.16907422647175, 39.958052365517396 ], [ -75.169076574003967, 39.958005335019564 ], [ -75.169062828051224, 39.958005592481619 ], [ -75.169093233973356, 39.957866271845766 ], [ -75.169146646213264, 39.95787298325719 ], [ -75.169148658576674, 39.95781850105184 ], [ -75.169292156084225, 39.957842144614304 ], [ -75.169245217589918, 39.957967557436397 ], [ -75.169149524267169, 39.957987968563302 ], [ -75.169133943450007, 39.958059362945647 ] ] ] } },
{ "type": "Feature", "properties": { "gid": 374923, "building_name": "PHL - Terminal Building D", "num_birds_near": 7, "approx_hgt": 78.0, "lights_out": 0, "address": "8500 ESSINGTON AVE" }, "geometry": { "type": "Polygon", "coordinates": [ [ [ -75.245296005852254, 39.877773875099891 ], [ -75.244776551378095, 39.877548468614236 ], [ -75.244492787299933, 39.8775934117171 ], [ -75.244364713768803, 39.877211583435496 ], [ -75.24434526803185, 39.877215700112686 ], [ -75.244272848280772, 39.877006773733925 ], [ -75.243845707908761, 39.87709271036136 ], [ -75.2438671657724, 39.877157034836799 ], [ -75.243731177693306, 39.87718286521627 ], [ -75.243526319704131, 39.877256481372676 ], [ -75.243577386550982, 39.87734083844628 ], [ -75.243762293529997, 39.877274391998547 ], [ -75.243897339924914, 39.877246575016798 ], [ -75.243916114834803, 39.877302150726813 ], [ -75.243783493687545, 39.877330190165203 ], [ -75.243609090160689, 39.877392862388703 ], [ -75.244004624182608, 39.878046250371952 ], [ -75.24412117037275, 39.878022469485963 ], [ -75.244131493190352, 39.878048616794608 ], [ -75.244019211844858, 39.878071477347419 ], [ -75.244084251036369, 39.878179545730866 ], [ -75.243246008888065, 39.878477426871179 ], [ -75.242574115039503, 39.877684838450499 ], [ -75.242496857484028, 39.877552207394146 ], [ -75.242424952558608, 39.877578563728775 ], [ -75.24240215431891, 39.87757032888139 ], [ -75.242271408894325, 39.877354702512399 ], [ -75.242394797298701, 39.877312002718561 ], [ -75.24227277051952, 39.87707765709898 ], [ -75.242066228564298, 39.877163447681205 ], [ -75.241424967921077, 39.877476904374717 ], [ -75.241474418212803, 39.877532098830351 ], [ -75.241159402327582, 39.877694514834687 ], [ -75.24142621393645, 39.877902794281006 ], [ -75.24172381353732, 39.877676489780768 ], [ -75.241756160563725, 39.877701740013947 ], [ -75.241883348616682, 39.877605020181122 ], [ -75.241977962965464, 39.877678876869851 ], [ -75.242103271299271, 39.877583586978943 ], [ -75.242422390979314, 39.877832694943997 ], [ -75.243122440832181, 39.878559734936005 ], [ -75.242862657405993, 39.878757286366508 ], [ -75.242946124200259, 39.87882243887065 ], [ -75.242848379262199, 39.878896768428987 ], [ -75.242772998056253, 39.878837926732317 ], [ -75.242634773541013, 39.878943038490824 ], [ -75.242594871811164, 39.878922081325022 ], [ -75.242580570074978, 39.8789561061174 ], [ -75.242638093144109, 39.878971569896024 ], [ -75.242553679462105, 39.879154544351266 ], [ -75.242653053326308, 39.879179786077415 ], [ -75.242611228386053, 39.879278344110098 ], [ -75.242498048357973, 39.87925001346045 ], [ -75.2424015025627, 39.879474560848386 ], [ -75.242498228001921, 39.879500977301376 ], [ -75.242483945465722, 39.879532890577636 ], [ -75.24222685396856, 39.879483302206225 ], [ -75.242233093180545, 39.879468293958652 ], [ -75.241851319760897, 39.879369243262609 ], [ -75.241485940799464, 39.880126175816144 ], [ -75.241245534033197, 39.880047246576666 ], [ -75.240769267096283, 39.879926686332986 ], [ -75.240764002985827, 39.879939249841783 ], [ -75.240828780351038, 39.879958874685158 ], [ -75.240803293274254, 39.880009814672569 ], [ -75.240665156150229, 39.879972236628966 ], [ -75.240649059169897, 39.880010828671516 ], [ -75.240712092609286, 39.880028844958474 ], [ -75.240560512523047, 39.880341175111546 ], [ -75.240451847719228, 39.880665342479354 ], [ -75.239954329641051, 39.880743667382681 ], [ -75.239996495392958, 39.880911772197379 ], [ -75.239734960819177, 39.880954967142443 ], [ -75.239754400409367, 39.881027008489568 ], [ -75.23965246960968, 39.881043463027147 ], [ -75.239495591906433, 39.880475542672599 ], [ -75.239356199704247, 39.880517770830082 ], [ -75.23937824415809, 39.880566942632441 ], [ -75.239132132203238, 39.880625060279399 ], [ -75.239126098418836, 39.880611166285213 ], [ -75.238967836583939, 39.880641507250786 ], [ -75.238970517159771, 39.880653857351888 ], [ -75.238717701229461, 39.880688817628759 ], [ -75.238310811063926, 39.880717936980147 ], [ -75.238308640042035, 39.880702147222259 ], [ -75.238146357845395, 39.880704185208337 ], [ -75.238145685721889, 39.880718078222671 ], [ -75.237890376155377, 39.880710218132322 ], [ -75.237894220960712, 39.880658870960801 ], [ -75.237847260785003, 39.880835362573443 ], [ -75.237616120650046, 39.880926336543695 ], [ -75.237576985804353, 39.88107563012656 ], [ -75.237463658156059, 39.881061207147148 ], [ -75.23743548135829, 39.88116771937419 ], [ -75.237455859070138, 39.881173842450195 ], [ -75.237407295862241, 39.88135604620858 ], [ -75.237390144242681, 39.881354969154636 ], [ -75.237314049453389, 39.881649848531779 ], [ -75.237331484947319, 39.881652423867045 ], [ -75.237285193640105, 39.881837659695954 ], [ -75.237267757478463, 39.881836114176679 ], [ -75.237260378288838, 39.881865957286337 ], [ -75.237281836565401, 39.881869047910364 ], [ -75.237242924514504, 39.882025983120428 ], [ -75.237220125062294, 39.882022378345425 ], [ -75.237169136387948, 39.882222019849465 ], [ -75.237220771754806, 39.882230259171102 ], [ -75.237175822522076, 39.882403144734205 ], [ -75.237110775904895, 39.882391815514111 ], [ -75.23709869866785, 39.882445842801872 ], [ -75.236934404681392, 39.882421121453312 ], [ -75.236944814709958, 39.882367242321543 ], [ -75.236878752620996, 39.882357823332072 ], [ -75.236921019707921, 39.88218699638638 ], [ -75.236975743012152, 39.88219370247289 ], [ -75.237073289022391, 39.881806757947778 ], [ -75.237055182765118, 39.881805212116923 ], [ -75.23710482757933, 39.881619976927979 ], [ -75.237120582898896, 39.881622541579418 ], [ -75.23719472081676, 39.881328231177832 ], [ -75.237177285082765, 39.881326171183559 ], [ -75.237269860192825, 39.881028764686015 ], [ -75.237098862359701, 39.881004556930115 ], [ -75.237171320513383, 39.880708690642116 ], [ -75.237068721061831, 39.880694269158376 ], [ -75.237073417997166, 39.880669570484002 ], [ -75.236967698733949, 39.880654129040806 ], [ -75.236996986464149, 39.880533199239217 ], [ -75.236968152026535, 39.880525476052583 ], [ -75.236955407918302, 39.880552232708105 ], [ -75.236720710437453, 39.880482733593787 ], [ -75.236728087944329, 39.880469870625525 ], [ -75.236575199713968, 39.880417877037395 ], [ -75.236567822450155, 39.880430226434669 ], [ -75.23634586785397, 39.880341688714395 ], [ -75.236134876625769, 39.880245044253193 ], [ -75.236145605343921, 39.88023320899358 ], [ -75.236009218553306, 39.880161869178821 ], [ -75.235996584137993, 39.88017147500053 ], [ -75.235795136303352, 39.880051778283267 ], [ -75.23566792583118, 39.879945227581942 ], [ -75.235826135324388, 39.879837177414174 ], [ -75.235929568911914, 39.879917927962687 ], [ -75.236102483888232, 39.880017473923829 ], [ -75.236395720463264, 39.880163227546298 ], [ -75.236383440904234, 39.880174972947167 ], [ -75.236579451909208, 39.880257394129224 ], [ -75.236588632187889, 39.880241381191155 ], [ -75.236628195212035, 39.880256824359371 ], [ -75.23665770732643, 39.880203827348083 ], [ -75.236858875441115, 39.880271263190537 ], [ -75.236824669204097, 39.880326317884169 ], [ -75.236887032369495, 39.880345365841684 ], [ -75.236878312921917, 39.88035925805697 ], [ -75.237019131174321, 39.880399413264456 ], [ -75.237076827500985, 39.880175067712699 ], [ -75.237269284304006, 39.880194647377401 ], [ -75.237282030491741, 39.880145765014312 ], [ -75.237320924544377, 39.880149372224182 ], [ -75.237328304168301, 39.880120556258184 ], [ -75.237748220508692, 39.880184326646784 ], [ -75.237738021651239, 39.880215290965985 ], [ -75.237784291119652, 39.880221538352586 ], [ -75.237770874694732, 39.880271383649031 ], [ -75.237957294315606, 39.88030897131086 ], [ -75.237898928031683, 39.880542064730655 ], [ -75.238362303579905, 39.880550355369387 ], [ -75.238755272373069, 39.880517470950053 ], [ -75.239023354216059, 39.880474201889385 ], [ -75.239464829089414, 39.880366487234433 ], [ -75.239444660172154, 39.880281362734216 ], [ -75.239305206038338, 39.879995759210637 ], [ -75.239358853577258, 39.879978784123473 ], [ -75.239247902029291, 39.879571788796 ], [ -75.239390774330829, 39.879547922729763 ], [ -75.239217604040363, 39.87889949428142 ], [ -75.239241277222831, 39.878849528503622 ], [ -75.239227866058755, 39.87884541082591 ], [ -75.239200299590081, 39.878906375320128 ], [ -75.239098440800532, 39.878877814516116 ], [ -75.239123258282092, 39.878819154916727 ], [ -75.239102399415088, 39.878814264954002 ], [ -75.239067593829532, 39.878883470756925 ], [ -75.239006571887714, 39.878868026703984 ], [ -75.239127974525331, 39.878593252925477 ], [ -75.239063600627247, 39.878574720721758 ], [ -75.239105184380008, 39.878490333038904 ], [ -75.23871022451624, 39.878386854365132 ], [ -75.238670650947171, 39.878478960637985 ], [ -75.237949674132452, 39.878274532059194 ], [ -75.236708536324016, 39.877959534647005 ], [ -75.236556991698961, 39.877983205289716 ], [ -75.23651143570801, 39.878074215582714 ], [ -75.236427616129674, 39.87804487225673 ], [ -75.236331005753684, 39.877981597922378 ], [ -75.236253286049802, 39.877881723257126 ], [ -75.236235859594601, 39.877812765341638 ], [ -75.236233854936742, 39.877750499563604 ], [ -75.236276114317064, 39.877648102365015 ], [ -75.236387132266117, 39.87754366900365 ], [ -75.23647730335091, 39.877503015566354 ], [ -75.236573756788388, 39.877486625800387 ], [ -75.236705531192655, 39.877490302788992 ], [ -75.236769673437053, 39.877505629135541 ], [ -75.236728757883952, 39.877597220612316 ], [ -75.2368393903282, 39.877696551824236 ], [ -75.238786687908004, 39.87821447699227 ], [ -75.238746444114398, 39.878302981741072 ], [ -75.2387651135558, 39.878307398520164 ], [ -75.238820220744842, 39.878177431396871 ], [ -75.239119290439021, 39.878255169159225 ], [ -75.239056913362575, 39.878387925161796 ], [ -75.239137939719896, 39.878408772022453 ], [ -75.239174941438563, 39.878322071973869 ], [ -75.239244009167692, 39.878338546385329 ], [ -75.239335228658277, 39.878131178448619 ], [ -75.239261466727086, 39.878111100869596 ], [ -75.239281588444115, 39.878061187915876 ], [ -75.239241355499914, 39.87805089186385 ], [ -75.239344641981276, 39.877866680790305 ], [ -75.239486822952301, 39.877667035442336 ], [ -75.239660532861294, 39.877467802275902 ], [ -75.239866458140483, 39.877311214958674 ], [ -75.23988395714467, 39.87732487534371 ], [ -75.239931657037857, 39.877288603803954 ], [ -75.239995204725105, 39.877338213439849 ], [ -75.240262366512297, 39.877135059192739 ], [ -75.240275025583827, 39.87714494195852 ], [ -75.240296979760288, 39.877128248076588 ], [ -75.239925309693078, 39.87683810211454 ], [ -75.239815819741636, 39.876821078630499 ], [ -75.238164784469902, 39.875532142312196 ], [ -75.238042641155261, 39.8756250195853 ], [ -75.237994390742926, 39.875587349880831 ], [ -75.237912772373093, 39.875649412169423 ], [ -75.237655541507536, 39.875448589017509 ], [ -75.238159888302349, 39.87506508388725 ], [ -75.238413704802667, 39.87526324070609 ], [ -75.23835436492017, 39.87530836369929 ], [ -75.238440406648607, 39.875375537568807 ], [ -75.238374611744078, 39.875425568254713 ], [ -75.238692668800326, 39.875673874531778 ], [ -75.238639433608114, 39.875714355304069 ], [ -75.238653509374714, 39.875727218263741 ], [ -75.238708480716269, 39.87568541773809 ], [ -75.238729176172967, 39.875704779583053 ], [ -75.238677352309182, 39.875744186686035 ], [ -75.23879685271109, 39.875837479999433 ], [ -75.238847765776853, 39.875798765567723 ], [ -75.239996530441431, 39.876695578042629 ], [ -75.240328505056965, 39.876628797876052 ], [ -75.240301337935364, 39.876547364786305 ], [ -75.241196197085628, 39.876369954601522 ], [ -75.241224050111654, 39.876442995306682 ], [ -75.241301836520648, 39.876426020812644 ], [ -75.241270998076814, 39.876332874868176 ], [ -75.2407948866136, 39.876429057902932 ], [ -75.240774773712999, 39.876377081525611 ], [ -75.241278378827474, 39.876277813678634 ], [ -75.241370246378267, 39.876288628640133 ], [ -75.24137992752145, 39.876310260812296 ], [ -75.241583488671836, 39.876267551213886 ], [ -75.241595556928601, 39.876287621044547 ], [ -75.241781588064327, 39.876253140830741 ], [ -75.241059903122277, 39.874751980083943 ], [ -75.240962000010384, 39.874770496053294 ], [ -75.24094859250944, 39.87472984065311 ], [ -75.240431772808705, 39.874823560096885 ], [ -75.240406107491239, 39.874744194356346 ], [ -75.240463777197718, 39.874730819913403 ], [ -75.240410816471396, 39.874574371894354 ], [ -75.240350464943802, 39.874586716296861 ], [ -75.240324320372181, 39.874508491507022 ], [ -75.241238309457373, 39.874319720970547 ], [ -75.241221548280734, 39.874274433146908 ], [ -75.24132347543744, 39.874253858911011 ], [ -75.241336882703436, 39.87429966073379 ], [ -75.241501842257577, 39.874266741557584 ], [ -75.241542736838767, 39.874386136406024 ], [ -75.24156956009702, 39.874378419182143 ], [ -75.241589002005185, 39.874429882480726 ], [ -75.24145771560849, 39.874454067774415 ], [ -75.241481703899296, 39.874539999921133 ], [ -75.241201565184909, 39.874599189361881 ], [ -75.241231574173781, 39.87466245465577 ], [ -75.241337525430794, 39.874635704798465 ], [ -75.241820920404294, 39.875627919611972 ], [ -75.241713863728606, 39.875658257827766 ], [ -75.241798105136937, 39.875833245790972 ], [ -75.241905397184354, 39.875805981426595 ], [ -75.242011587321471, 39.876030832191667 ], [ -75.242537969367291, 39.87590835772216 ], [ -75.242542426341004, 39.875924397428079 ], [ -75.242577532133978, 39.875917619845183 ], [ -75.242567240240533, 39.875885804906929 ], [ -75.243074409681995, 39.875781249993466 ], [ -75.243086262647907, 39.875818434715995 ], [ -75.243758849286834, 39.875681860657309 ], [ -75.243755832904952, 39.875666165158961 ], [ -75.243730686124948, 39.875669507408467 ], [ -75.243638849068219, 39.87521458665104 ], [ -75.243752336872774, 39.875201544943806 ], [ -75.243724690881322, 39.875057637338045 ], [ -75.243616128620303, 39.875069380306989 ], [ -75.243490703890771, 39.874471475032237 ], [ -75.243605371428572, 39.874454501241722 ], [ -75.24358660111028, 39.874372932819 ], [ -75.243475957944383, 39.874386561842059 ], [ -75.243428364162085, 39.874146232299744 ], [ -75.243371031133307, 39.87415729191703 ], [ -75.24331672689938, 39.873995310911681 ], [ -75.243269451880479, 39.874005728268067 ], [ -75.243244143647161, 39.873930077722129 ], [ -75.243407258855115, 39.873891750979091 ], [ -75.243434498607428, 39.873972902855719 ], [ -75.243593334885119, 39.873939882791227 ], [ -75.243567188387033, 39.87386088662015 ], [ -75.244226689305961, 39.873727649575876 ], [ -75.244219405886113, 39.873700813701731 ], [ -75.244300478396951, 39.873639155915825 ], [ -75.244329289940339, 39.873632966375894 ], [ -75.244352817092093, 39.873701698631834 ], [ -75.244606228367772, 39.873649968465948 ], [ -75.244682656647925, 39.873891845134352 ], [ -75.243734478333536, 39.87408012743748 ], [ -75.243989209872609, 39.875344038054195 ], [ -75.2438752127524, 39.875357409435338 ], [ -75.243894653577684, 39.875449075472595 ], [ -75.244006219203925, 39.875436796952663 ], [ -75.24405079798187, 39.875657567278893 ], [ -75.244097905346933, 39.875652553670285 ], [ -75.244118689264184, 39.875719453717693 ], [ -75.244923208621401, 39.875559209524035 ], [ -75.244917676841553, 39.875543127502624 ], [ -75.245009546168191, 39.875524222162575 ], [ -75.24502060771745, 39.875560760469405 ], [ -75.245284813728219, 39.875507514937937 ], [ -75.245306268246935, 39.875570556039989 ], [ -75.245367290393986, 39.875556922654766 ], [ -75.245353546162463, 39.875512665507536 ], [ -75.245312391021955, 39.875487640013574 ], [ -75.245301915346502, 39.875450716306119 ], [ -75.245318514422209, 39.875415917028285 ], [ -75.245358916583342, 39.875395207009262 ], [ -75.24556327295123, 39.875354951324674 ], [ -75.245603164780874, 39.875472412542855 ], [ -75.245433490254158, 39.875506710404814 ], [ -75.245460160997652, 39.875590377483476 ], [ -75.245719730729732, 39.875538990172394 ], [ -75.245693859897372, 39.875450676206583 ], [ -75.246000646422516, 39.875390034517416 ], [ -75.246023694007235, 39.875448508018607 ], [ -75.246206675520966, 39.875412496266854 ], [ -75.246194942957942, 39.875379303223632 ], [ -75.246359147385036, 39.87536194410815 ], [ -75.246337840831004, 39.875283548144914 ], [ -75.246690915488557, 39.875214268228945 ], [ -75.246708682763227, 39.87526733829791 ], [ -75.246736092853851, 39.875262065368695 ], [ -75.246685386954695, 39.875116298818796 ], [ -75.246572734646051, 39.875089662162139 ], [ -75.2471060577613, 39.873646061035075 ], [ -75.247038333505699, 39.873607203973513 ], [ -75.247134233088957, 39.873344751445792 ], [ -75.247282930625346, 39.873292138043716 ], [ -75.247446796356144, 39.873299350036845 ], [ -75.247513684717902, 39.873327297414178 ], [ -75.247583097353697, 39.873381479096736 ], [ -75.247634713797467, 39.873467640196267 ], [ -75.247658182802866, 39.873472400928726 ], [ -75.247642758162414, 39.87351273392234 ], [ -75.247619121900527, 39.873508101078983 ], [ -75.24750872064952, 39.873799951957515 ], [ -75.247433283978751, 39.873783094691746 ], [ -75.247207493376891, 39.874381947197108 ], [ -75.247324770542306, 39.874473489900552 ], [ -75.247339128932168, 39.874434211238288 ], [ -75.247773145010669, 39.8745316207226 ], [ -75.247761911380934, 39.874563397542587 ], [ -75.24777616100755, 39.874566614428637 ], [ -75.247733911081454, 39.874694108293482 ], [ -75.24774966599621, 39.874775675853272 ], [ -75.247665168907332, 39.874944208062537 ], [ -75.247362089178324, 39.875002886242697 ], [ -75.247438647743721, 39.875062644425547 ], [ -75.247484951821932, 39.875057800201105 ], [ -75.248938737841513, 39.87476748596341 ], [ -75.248914765243441, 39.874757706802022 ], [ -75.251168780183392, 39.874315054054641 ], [ -75.251314714580076, 39.873962799639877 ], [ -75.251332830705167, 39.873967179706717 ], [ -75.251344146164968, 39.873940290379743 ], [ -75.251316810435654, 39.873905934261686 ], [ -75.251905904174279, 39.872527898866387 ], [ -75.252216369713111, 39.87246614395962 ], [ -75.252226093539477, 39.872444529404355 ], [ -75.252616354797254, 39.872372222187735 ], [ -75.252493680245038, 39.872649988313405 ], [ -75.252259855727814, 39.872827853708017 ], [ -75.251687291948627, 39.874167748242748 ], [ -75.251776811896448, 39.874136871227776 ], [ -75.251643368103757, 39.874442553280964 ], [ -75.251552842695872, 39.874481148692134 ], [ -75.251498525198102, 39.874604656206657 ], [ -75.251448248157033, 39.874520264413235 ], [ -75.251023095834654, 39.874691622499306 ], [ -75.250955368165393, 39.874781164640048 ], [ -75.250439401910938, 39.87498341927131 ], [ -75.25069920327941, 39.875420308557395 ], [ -75.250194264376404, 39.87558008760989 ], [ -75.249788905742719, 39.875676824974065 ], [ -75.249847638276322, 39.875861342879816 ], [ -75.249765095816045, 39.875876748919438 ], [ -75.249755373405293, 39.875844843508283 ], [ -75.248751195332574, 39.876044737901722 ], [ -75.248673431343548, 39.876152023359651 ], [ -75.248583654589638, 39.876220305694495 ], [ -75.248358344816523, 39.876288977081273 ], [ -75.248383043858894, 39.876375614168467 ], [ -75.248470888967532, 39.876357864263326 ], [ -75.248500726975706, 39.876445346920498 ], [ -75.248162757286423, 39.876514035192493 ], [ -75.248170133228214, 39.876534876699317 ], [ -75.248589241413583, 39.876449210102024 ], [ -75.248603766414377, 39.876491472845643 ], [ -75.248847410426706, 39.876441499408564 ], [ -75.248924854402929, 39.876669984689023 ], [ -75.249022423203598, 39.876649660735623 ], [ -75.249034157626866, 39.876685168143716 ], [ -75.248931138195459, 39.87670469739102 ], [ -75.248320423474837, 39.877169185481314 ], [ -75.247751000080243, 39.877281024878961 ], [ -75.247748318290917, 39.877268159619746 ], [ -75.247658460640693, 39.877285394730805 ], [ -75.247662647314144, 39.877300933663427 ], [ -75.246927529621544, 39.877446943402852 ], [ -75.24692417801036, 39.877433821122239 ], [ -75.246838677492647, 39.877450284025883 ], [ -75.246843372280665, 39.877464435752792 ], [ -75.245678238777018, 39.877697482342406 ], [ -75.245674215451544, 39.877683330822634 ], [ -75.245590057991691, 39.877699792428317 ], [ -75.245594751269522, 39.877714200961066 ], [ -75.245296005852254, 39.877773875099891 ] ], [ [ -75.240980202278294, 39.879334192440815 ], [ -75.240885562033711, 39.879299552832649 ], [ -75.240878431104491, 39.879314537882678 ], [ -75.24084733111566, 39.879305907414675 ], [ -75.240855047764384, 39.879291244232853 ], [ -75.240781865079214, 39.879270699220875 ], [ -75.24085703122482, 39.879113779325735 ], [ -75.240828863909542, 39.879105793308177 ], [ -75.240879199430239, 39.878997492382616 ], [ -75.240910718161558, 39.879005736477872 ], [ -75.240926826274418, 39.878967149155152 ], [ -75.240263460045256, 39.878793423304344 ], [ -75.240207802053362, 39.879077986827824 ], [ -75.240109902321862, 39.879064607098883 ], [ -75.240103866271241, 39.879089309877472 ], [ -75.240118619808527, 39.879089821343868 ], [ -75.240081066109667, 39.879344538616323 ], [ -75.240000600612532, 39.879336818701198 ], [ -75.240105210741476, 39.878751741478489 ], [ -75.240055255839096, 39.878738875773657 ], [ -75.239962379170905, 39.879365634972586 ], [ -75.239865819212199, 39.879361002406419 ], [ -75.239942266704418, 39.878886560381268 ], [ -75.239953663350278, 39.87888759389277 ], [ -75.239983942626154, 39.878720298410357 ], [ -75.239604648423253, 39.878623090064949 ], [ -75.239594926041576, 39.878643930586769 ], [ -75.239653592337319, 39.878659890346746 ], [ -75.239508756041573, 39.878960140401055 ], [ -75.23950037437659, 39.879003364850121 ], [ -75.239521831182159, 39.879005681085481 ], [ -75.239516131127886, 39.879038099201551 ], [ -75.239317310362594, 39.879016753016806 ], [ -75.239323350071857, 39.878984323429982 ], [ -75.239461478584019, 39.878998742910341 ], [ -75.239486963808744, 39.878916915294589 ], [ -75.239432314715913, 39.878901991314883 ], [ -75.23940348002813, 39.878959109655973 ], [ -75.239303563842725, 39.878931332217185 ], [ -75.239329721299725, 39.878873687623944 ], [ -75.239306922343047, 39.878866483784449 ], [ -75.239282782514593, 39.878920000078345 ], [ -75.23955333658661, 39.879906965178883 ], [ -75.239670012814514, 39.879871460629474 ], [ -75.240013516236615, 39.880450446089228 ], [ -75.24034824626078, 39.880337376925631 ], [ -75.240311166186487, 39.879907694526878 ], [ -75.240541320995206, 39.879590033428599 ], [ -75.240798509037191, 39.879667830611581 ], [ -75.240724686415462, 39.87981497168866 ], [ -75.240748932832332, 39.879822069981941 ], [ -75.240874327143487, 39.879557063049674 ], [ -75.240671465530056, 39.879499001778385 ], [ -75.24070099551875, 39.879438292585526 ], [ -75.240902856034779, 39.879493941551125 ], [ -75.240980202278294, 39.879334192440815 ] ], [ [ -75.246517847735475, 39.876849051733224 ], [ -75.246578869333419, 39.876783698030565 ], [ -75.246602249688848, 39.876795821728528 ], [ -75.246661309707392, 39.876783986396376 ], [ -75.246570732806134, 39.876515684182934 ], [ -75.24636571032886, 39.876556772299502 ], [ -75.24640147045244, 39.876662699419661 ], [ -75.246344856198263, 39.876674044758929 ], [ -75.24623539702317, 39.876349804231111 ], [ -75.246496287161492, 39.87629752044927 ], [ -75.246474441388045, 39.876232809619623 ], [ -75.247033276401737, 39.876120814782908 ], [ -75.246954716405298, 39.875902444364463 ], [ -75.244199759122637, 39.87645383818559 ], [ -75.244294977085474, 39.876742528004407 ], [ -75.244937917524112, 39.876602752375554 ], [ -75.245024801833139, 39.876860140850461 ], [ -75.24499966946189, 39.876865177566998 ], [ -75.245398282917805, 39.877046579970305 ], [ -75.245413718625045, 39.877023948370784 ], [ -75.245497537381482, 39.877063573484001 ], [ -75.245479906259789, 39.877087360833656 ], [ -75.246559159917069, 39.876871083500035 ], [ -75.246517847735475, 39.876849051733224 ] ], [ [ -75.241355118031066, 39.877971115221797 ], [ -75.240602088014342, 39.877378822150781 ], [ -75.240589347597037, 39.877389114492232 ], [ -75.240632263038307, 39.877421534154202 ], [ -75.240368064867596, 39.877623254018651 ], [ -75.240349960869793, 39.877606272011747 ], [ -75.240273516744153, 39.877676770891838 ], [ -75.239874539384886, 39.878180039211429 ], [ -75.23985745641366, 39.878173098545062 ], [ -75.239710020073105, 39.878535200945535 ], [ -75.239650516143058, 39.878519664348623 ], [ -75.23964048378798, 39.878542472160412 ], [ -75.240739833377887, 39.878829520916653 ], [ -75.240814329549153, 39.878660160784158 ], [ -75.240778850289971, 39.878650897402565 ], [ -75.240802316063778, 39.878597548961231 ], [ -75.240843872769275, 39.878608399621122 ], [ -75.240955174594802, 39.8783553600977 ], [ -75.241249299094108, 39.878141443203688 ], [ -75.241197000882892, 39.878101248209568 ], [ -75.241355118031066, 39.877971115221797 ] ], [ [ -75.243090668886467, 39.876871690929988 ], [ -75.244113928011458, 39.876662250999942 ], [ -75.244154160916267, 39.876772375325643 ], [ -75.24418701781633, 39.876764656079729 ], [ -75.24400261754954, 39.876216606623338 ], [ -75.243810160946424, 39.876255684593339 ], [ -75.243818216676686, 39.876277844112394 ], [ -75.243117491160447, 39.87643376721018 ], [ -75.242305620723869, 39.876644740657689 ], [ -75.242282656030682, 39.876593292307902 ], [ -75.242156592852425, 39.87663137258621 ], [ -75.242493206991199, 39.877268444430747 ], [ -75.242661515526365, 39.877212868285461 ], [ -75.242654340255967, 39.877202234528134 ], [ -75.242707783932218, 39.877183536182756 ], [ -75.242621283309987, 39.877040478479827 ], [ -75.243090668886467, 39.876871690929988 ] ], [ [ -75.240679780388959, 39.877319829960626 ], [ -75.240954042173058, 39.877535580777725 ], [ -75.24159113713749, 39.877191067428122 ], [ -75.242190538422747, 39.876922442565323 ], [ -75.24198434511726, 39.876530446620635 ], [ -75.241878445163465, 39.876563661079274 ], [ -75.241849327957624, 39.876474649800812 ], [ -75.241743790676722, 39.876495143741217 ], [ -75.241803599246794, 39.876677977872248 ], [ -75.241998342861564, 39.87662391119953 ], [ -75.242037234879106, 39.876687721167023 ], [ -75.24169927629336, 39.876788067004554 ], [ -75.241523591018762, 39.876860109873014 ], [ -75.24147732410735, 39.876793727209758 ], [ -75.241667915017061, 39.876715992979832 ], [ -75.241629463596439, 39.876598449174899 ], [ -75.240360403466141, 39.87684487546376 ], [ -75.24036901747894, 39.876871209164371 ], [ -75.24032131573837, 39.876881333998206 ], [ -75.240270415005313, 39.876725718529812 ], [ -75.240005121338811, 39.87677723138367 ], [ -75.240374932610621, 39.877067995902529 ], [ -75.240395050173845, 39.877052300622751 ], [ -75.240383985920403, 39.877042266294339 ], [ -75.240646510126211, 39.876845950881666 ], [ -75.24071557553296, 39.876895867458359 ], [ -75.240764862186438, 39.876854443316176 ], [ -75.240841975365342, 39.876911307017238 ], [ -75.240787324414427, 39.876950930666226 ], [ -75.240802747007763, 39.876963281344743 ], [ -75.240858068503712, 39.876924944574839 ], [ -75.240901317959327, 39.876957878712901 ], [ -75.240846671278959, 39.877000081127292 ], [ -75.240862093977867, 39.877010115345243 ], [ -75.240914728807908, 39.876971000722733 ], [ -75.240993854382168, 39.877028636385283 ], [ -75.240939035662834, 39.87707147658395 ], [ -75.241015394198143, 39.877129819284832 ], [ -75.24075387707866, 39.877330122869729 ], [ -75.240711296805301, 39.877296415865501 ], [ -75.240679780388959, 39.877319829960626 ] ], [ [ -75.244081743545138, 39.876106996070298 ], [ -75.244180984448562, 39.876400319493257 ], [ -75.246937282438822, 39.875848410352901 ], [ -75.246866204559112, 39.875639737605695 ], [ -75.246479966535603, 39.875716928621571 ], [ -75.246451133651505, 39.875634591281042 ], [ -75.24637670261842, 39.875650028863355 ], [ -75.246350551024904, 39.875570780117279 ], [ -75.246425652056857, 39.875555341876108 ], [ -75.246419617983577, 39.875542476312866 ], [ -75.245994488184976, 39.87562584274562 ], [ -75.246011252020949, 39.875675759154504 ], [ -75.245997796796175, 39.875719827261314 ], [ -75.245975042312793, 39.875739570783523 ], [ -75.245950103314854, 39.875717322674447 ], [ -75.245968116729657, 39.875770937039846 ], [ -75.245946843765907, 39.875775180730223 ], [ -75.245946168815138, 39.875795040064482 ], [ -75.245893130250295, 39.875785954025488 ], [ -75.245875083146132, 39.875732239801728 ], [ -75.245858338133075, 39.875762591372151 ], [ -75.245807706191925, 39.875738163536525 ], [ -75.245782793601478, 39.875717963021273 ], [ -75.245765843898099, 39.87566750912616 ], [ -75.245442235585983, 39.875732054127283 ], [ -75.245461442644313, 39.875789222957131 ], [ -75.245253410793083, 39.875830714492615 ], [ -75.245268351627516, 39.875875185215698 ], [ -75.245295176534498, 39.875869840366263 ], [ -75.245320426516344, 39.875944994479269 ], [ -75.244434452885244, 39.876123978709821 ], [ -75.244408971915973, 39.876050389761701 ], [ -75.244432441436871, 39.876045758304862 ], [ -75.244406960598809, 39.875967023789961 ], [ -75.244369409700298, 39.87597577209084 ], [ -75.244380137874373, 39.876007163012446 ], [ -75.244227252826107, 39.876037010465694 ], [ -75.244239322547244, 39.876075090877031 ], [ -75.244081743545138, 39.876106996070298 ] ], [ [ -75.246975670440605, 39.87561838058874 ], [ -75.247130371443234, 39.876059207660717 ], [ -75.247513877977454, 39.875982772872739 ], [ -75.247580962409415, 39.876009499990403 ], [ -75.247605132684427, 39.876067123698327 ], [ -75.24830336396866, 39.875926114199572 ], [ -75.247431645857105, 39.875305500679509 ], [ -75.247289638600037, 39.875318706955298 ], [ -75.247308264391819, 39.875379603667717 ], [ -75.247376660770513, 39.87536725292874 ], [ -75.247406165015619, 39.875443415766739 ], [ -75.247388730138397, 39.875447532717047 ], [ -75.247411529380187, 39.875507226739671 ], [ -75.247356149597366, 39.875518836478186 ], [ -75.247362197720463, 39.875537872286898 ], [ -75.246975670440605, 39.87561838058874 ] ], [ [ -75.248297995640471, 39.875964196327793 ], [ -75.247627260362833, 39.876097498249187 ], [ -75.247739350126309, 39.876432316546527 ], [ -75.247665040234409, 39.876447084582075 ], [ -75.247673649299017, 39.876472801290063 ], [ -75.247884097111665, 39.87645818152982 ], [ -75.247889929958035, 39.876475605235932 ], [ -75.24812766821681, 39.876428356896049 ], [ -75.248241670304495, 39.876285308873761 ], [ -75.248203448192598, 39.876283765257881 ], [ -75.24822959984796, 39.876201943279398 ], [ -75.248283914496554, 39.876118577416854 ], [ -75.248297995640471, 39.875964196327793 ] ], [ [ -75.247556428680141, 39.875301307283692 ], [ -75.248318113814221, 39.875791290215183 ], [ -75.248361028329001, 39.875338435600938 ], [ -75.248118435639697, 39.875346664521601 ], [ -75.248033651814708, 39.875292124146384 ], [ -75.247556428680141, 39.875301307283692 ] ], [ [ -75.240491441666364, 39.880347448859801 ], [ -75.240441820183165, 39.880450362928244 ], [ -75.240414156895611, 39.880466895785965 ], [ -75.240368172760128, 39.880447929183049 ], [ -75.240333191033699, 39.880458595746127 ], [ -75.240318453205575, 39.880432390119907 ], [ -75.240274182824322, 39.880446246370468 ], [ -75.24026680688786, 39.880433381712642 ], [ -75.240042842885501, 39.880501818917047 ], [ -75.240062151841045, 39.880537918507926 ], [ -75.24001199758861, 39.880552761210765 ], [ -75.240046865267814, 39.880622228431804 ], [ -75.239924454451199, 39.880658672746122 ], [ -75.239934440652107, 39.88069698280718 ], [ -75.240404269301877, 39.880624288257771 ], [ -75.240502170635011, 39.880355681945268 ], [ -75.240491441666364, 39.880347448859801 ] ], [ [ -75.242220528623662, 39.876980719250859 ], [ -75.24119501774436, 39.877496621073661 ], [ -75.241184434416652, 39.877484449387921 ], [ -75.241006456625541, 39.87757631813507 ], [ -75.24110516218785, 39.877653334832473 ], [ -75.241293288476427, 39.87755622810171 ], [ -75.241282803863342, 39.877544169409013 ], [ -75.241313491186148, 39.877528329669666 ], [ -75.24127647744757, 39.877485762752741 ], [ -75.242020442309268, 39.877101738412584 ], [ -75.242055462824453, 39.877142011677385 ], [ -75.242153195747306, 39.877091561588443 ], [ -75.24214243279178, 39.877079184239506 ], [ -75.242173218678744, 39.877063292376043 ], [ -75.242188687749064, 39.877081082274259 ], [ -75.242255411689257, 39.877046639819021 ], [ -75.242220528623662, 39.876980719250859 ] ], [ [ -75.241291001418688, 39.878179729440362 ], [ -75.241019600146856, 39.878368631462699 ], [ -75.240939580276915, 39.878535775950645 ], [ -75.240963058825486, 39.878543008760651 ], [ -75.240984969044632, 39.878498569485885 ], [ -75.241085551419658, 39.878526357341457 ], [ -75.241174563838854, 39.878335814432994 ], [ -75.241138310164629, 39.878305033797737 ], [ -75.241302981238206, 39.878189901749941 ], [ -75.241291001418688, 39.878179729440362 ] ], [ [ -75.242232205485976, 39.879035878005823 ], [ -75.242190981881748, 39.87902812825898 ], [ -75.242109161049811, 39.879053112340294 ], [ -75.242077153943683, 39.879113676650491 ], [ -75.24208699931178, 39.879149330897313 ], [ -75.242116501422842, 39.879175070153977 ], [ -75.24218931762293, 39.879196966786587 ], [ -75.242258014905815, 39.879175635479442 ], [ -75.242294919054132, 39.879116986585259 ], [ -75.242286210901099, 39.879083535847535 ], [ -75.242232205485976, 39.879035878005823 ] ], [ [ -75.242072102954054, 39.878892617341165 ], [ -75.241890521750307, 39.879266242036316 ], [ -75.241890023117293, 39.879267269066389 ], [ -75.241920089009469, 39.879275942387409 ], [ -75.241955125601407, 39.879262114973365 ], [ -75.242004866905773, 39.879159766058159 ], [ -75.24199813038075, 39.879103421864961 ], [ -75.242020229591432, 39.879043630911745 ], [ -75.242138735211668, 39.87891183966709 ], [ -75.242072102954054, 39.878892617341165 ] ], [ [ -75.242394888380304, 39.878983235206761 ], [ -75.242359958731612, 39.879171039654246 ], [ -75.242301592572588, 39.879228652157572 ], [ -75.242215739729701, 39.879357216352609 ], [ -75.242275367174599, 39.879374322021839 ], [ -75.242455918088368, 39.879000742684006 ], [ -75.242394888380304, 39.878983235206761 ] ], [ [ -75.242032368258251, 39.879306464933904 ], [ -75.242159157756475, 39.879340580949638 ], [ -75.242194738998066, 39.87926208848949 ], [ -75.242116199927224, 39.879251629055318 ], [ -75.242056507934151, 39.879214869423897 ], [ -75.242032368258251, 39.879306464933904 ] ], [ [ -75.241309638546255, 39.87816939403082 ], [ -75.241343429802299, 39.878195185960529 ], [ -75.241492791934746, 39.878079022019641 ], [ -75.241458999478198, 39.878053231008721 ], [ -75.241309638546255, 39.87816939403082 ] ], [ [ -75.240987177746831, 39.878737998305112 ], [ -75.240924565681553, 39.878875944339974 ], [ -75.240972501739847, 39.878888859158451 ], [ -75.241035113686664, 39.878750913997585 ], [ -75.240987177746831, 39.878737998305112 ] ], [ [ -75.2422071882946, 39.878932046044149 ], [ -75.242171644459106, 39.878971150604549 ], [ -75.242232729657161, 39.878971260337551 ], [ -75.242317157947241, 39.879007184508311 ], [ -75.242326548823996, 39.87896499018774 ], [ -75.2422071882946, 39.878932046044149 ] ], [ [ -75.240886341188116, 39.878666783222123 ], [ -75.240792158104355, 39.878840126263967 ], [ -75.240813476008071, 39.878846175636248 ], [ -75.240886341188116, 39.878666783222123 ] ], [ [ -75.241692948372787, 39.877901344469414 ], [ -75.241562725756424, 39.878003239656223 ], [ -75.241572767328393, 39.8780108575368 ], [ -75.241702989911047, 39.877908963238909 ], [ -75.241692948372787, 39.877901344469414 ] ], [ [ -75.241507169499471, 39.877898927270202 ], [ -75.241518154688734, 39.877907752421983 ], [ -75.241608140638846, 39.877841254064187 ], [ -75.241582348134742, 39.877843371691569 ], [ -75.241507169499471, 39.877898927270202 ] ] ] } },
{ "type": "Feature", "properties": { "gid": 70568, "building_name": null, "num_birds_near": 7, "approx_hgt": 100.0, "lights_out": 0, "address": "1901-39 CALLOWHILL ST" }, "geometry": { "type": "Polygon", "coordinates": [ [ [ -75.170871225386463, 39.961156387686458 ], [ -75.170871936853516, 39.961109798833967 ], [ -75.170887621865916, 39.961110295635564 ], [ -75.170884217781875, 39.96102364175659 ], [ -75.170783185273777, 39.961011756442389 ], [ -75.170777651302615, 39.961039614751549 ], [ -75.17066743678248, 39.961026648909588 ], [ -75.170664964362416, 39.961039094861519 ], [ -75.170578203191042, 39.961028888975591 ], [ -75.170581007244962, 39.961014770995398 ], [ -75.170428751956152, 39.961010078775267 ], [ -75.170430904587846, 39.960996496668315 ], [ -75.170270157095388, 39.96097758631786 ], [ -75.170254232334884, 39.961057742654049 ], [ -75.169983049797722, 39.961025846180441 ], [ -75.169994108026231, 39.960960752571367 ], [ -75.170014961713747, 39.960956304752301 ], [ -75.170046212305095, 39.960712562044804 ], [ -75.170066125019702, 39.960702428391379 ], [ -75.170225404228134, 39.960721166366596 ], [ -75.170222658223338, 39.960734987409779 ], [ -75.170416016428092, 39.960744954281886 ], [ -75.1704138895455, 39.960757180043203 ], [ -75.170566893848203, 39.960763809193921 ], [ -75.170564422794243, 39.960776249768557 ], [ -75.170719761855153, 39.960782941123441 ], [ -75.170717276566208, 39.960795448956681 ], [ -75.171056835481821, 39.960824504690997 ], [ -75.171054057752983, 39.960838487219604 ], [ -75.171159780729056, 39.960850923743671 ], [ -75.171162189171596, 39.960838803412173 ], [ -75.171285728326794, 39.960853335133216 ], [ -75.171294727475328, 39.960865463219776 ], [ -75.171258771642286, 39.961036698686854 ], [ -75.171237326680171, 39.961034176725931 ], [ -75.171234308440191, 39.961049375623809 ], [ -75.17112505778988, 39.961036524695167 ], [ -75.171125384169301, 39.961054791941038 ], [ -75.171106557801707, 39.961054662443907 ], [ -75.171106390283981, 39.961087296936157 ], [ -75.171124996898371, 39.961087170110517 ], [ -75.17112533212331, 39.961143697226859 ], [ -75.171108610892531, 39.961143970954666 ], [ -75.171107935048397, 39.9611589981563 ], [ -75.170871225386463, 39.961156387686458 ] ] ] } },
{ "type": "Feature", "properties": { "gid": 367041, "building_name": null, "num_birds_near": 7, "approx_hgt": 7.0, "lights_out": 0, "address": "501-35 MARKET ST" }, "geometry": { "type": "Polygon", "coordinates": [ [ [ -75.149745796016816, 39.952631076187387 ], [ -75.149788754703479, 39.952430449013562 ], [ -75.149853413460278, 39.95243864987247 ], [ -75.149809872078066, 39.952641995744507 ], [ -75.149745796016816, 39.952631076187387 ] ] ] } },
{ "type": "Feature", "properties": { "gid": 480659, "building_name": "Steinberg Hall", "num_birds_near": 7, "approx_hgt": 61.0, "lights_out": 0, "address": "3600 LOCUST WALK" }, "geometry": { "type": "Polygon", "coordinates": [ [ [ -75.196341267888798, 39.95203743532366 ], [ -75.196108523669793, 39.952009715675864 ], [ -75.196114141544044, 39.951981041030955 ], [ -75.196073913812015, 39.95199323964723 ], [ -75.196014019071058, 39.951986288265587 ], [ -75.195982152303699, 39.951964297866688 ], [ -75.195976595517649, 39.951992654009572 ], [ -75.195933295289748, 39.951996550777615 ], [ -75.195771136853494, 39.951977094813863 ], [ -75.195742347572363, 39.951964364031774 ], [ -75.195748027639851, 39.951935378137811 ], [ -75.195715967008894, 39.951931657534359 ], [ -75.19570289292399, 39.951998379557367 ], [ -75.195586395280671, 39.951984857826773 ], [ -75.195649287348289, 39.95166389764011 ], [ -75.19577217558215, 39.95167816079536 ], [ -75.195781737989549, 39.951629360850731 ], [ -75.195846998911904, 39.951636935515829 ], [ -75.195857136543665, 39.951585195780822 ], [ -75.19637126405118, 39.951644866670449 ], [ -75.196385164420889, 39.951573926455815 ], [ -75.196351268098525, 39.951569992165936 ], [ -75.196369312806084, 39.951477901222788 ], [ -75.196403645039155, 39.951481885758284 ], [ -75.196409280029968, 39.951453124986706 ], [ -75.196609104915083, 39.951476317111123 ], [ -75.196601627717641, 39.951514474908684 ], [ -75.196902936763294, 39.951549443850958 ], [ -75.19690990565968, 39.951513873221423 ], [ -75.197027925079809, 39.951527569849674 ], [ -75.196982239140311, 39.951760749392868 ], [ -75.196861787820978, 39.951746770640376 ], [ -75.196869984919701, 39.951704935633529 ], [ -75.196751002408078, 39.951691127309871 ], [ -75.196740638287011, 39.951744020760607 ], [ -75.196755829923546, 39.951745783413685 ], [ -75.1967509106276, 39.9517708921395 ], [ -75.196827886372674, 39.951779825336516 ], [ -75.196809750752706, 39.95187238734357 ], [ -75.196732035898421, 39.951863368306668 ], [ -75.196727349231111, 39.951887301893535 ], [ -75.196709135098075, 39.95188518813935 ], [ -75.196698316095947, 39.951940402361373 ], [ -75.196820241095494, 39.951954551935621 ], [ -75.196827687903124, 39.951916546620218 ], [ -75.196941392833594, 39.951929742734734 ], [ -75.196898886139564, 39.952146686631018 ], [ -75.196796521292782, 39.952134806992319 ], [ -75.196801669565161, 39.95210852754996 ], [ -75.196484460030973, 39.952071713252771 ], [ -75.196480156136417, 39.952093683052752 ], [ -75.196362118364732, 39.952079983669101 ], [ -75.196375477238931, 39.952011803791564 ], [ -75.19634693906437, 39.952008492455491 ], [ -75.196341267888798, 39.95203743532366 ] ] ] } },
{ "type": "Feature", "properties": { "gid": 428860, "building_name": "Harnwell College House", "num_birds_near": 7, "approx_hgt": 263.0, "lights_out": 0, "address": "3817-25 SPRUCE ST" }, "geometry": { "type": "Polygon", "coordinates": [ [ [ -75.200038975532209, 39.952560126046748 ], [ -75.200080818408864, 39.952365723974793 ], [ -75.199930237368449, 39.952346526799559 ], [ -75.199927183065881, 39.952360716385201 ], [ -75.199882629089984, 39.952355036126903 ], [ -75.19990276728619, 39.952261474879414 ], [ -75.199872111224764, 39.952257565926026 ], [ -75.19988764514828, 39.952185397571512 ], [ -75.200505639463302, 39.952264185171963 ], [ -75.200490476206454, 39.952334635511811 ], [ -75.200452786069008, 39.952329830643613 ], [ -75.200432518224332, 39.952423996366882 ], [ -75.200392089949915, 39.952418842296332 ], [ -75.200395325539702, 39.95240381248928 ], [ -75.200271761778808, 39.952388058967593 ], [ -75.200229498402436, 39.952584415038189 ], [ -75.200038975532209, 39.952560126046748 ] ] ] } },
{ "type": "Feature", "properties": { "gid": 7080, "building_name": "Montgomery Garage", "num_birds_near": 7, "approx_hgt": 50.0, "lights_out": 0, "address": "1801-59 N 11TH ST" }, "geometry": { "type": "Polygon", "coordinates": [ [ [ -75.151861274262956, 39.980854360363402 ], [ -75.151704400062911, 39.980834237675523 ], [ -75.151716196338796, 39.980779816658476 ], [ -75.151416115248054, 39.980741322701228 ], [ -75.151412798449712, 39.980756624345709 ], [ -75.151370640884792, 39.98075121590437 ], [ -75.151365162913365, 39.980734598729789 ], [ -75.15136180489931, 39.980750089554206 ], [ -75.151321169476532, 39.980744876847901 ], [ -75.151324512043573, 39.980729453250852 ], [ -75.151311862872859, 39.980743346992348 ], [ -75.151270085263903, 39.980737987664334 ], [ -75.151273513108862, 39.980722172255433 ], [ -75.151255397640071, 39.980719848225988 ], [ -75.151513495534346, 39.979529113738792 ], [ -75.152131338423644, 39.979608369588384 ], [ -75.151861274262956, 39.980854360363402 ] ] ] } },
{ "type": "Feature", "properties": { "gid": 494591, "building_name": "President's House Site", "num_birds_near": 6, "approx_hgt": 13.0, "lights_out": 0, "address": "530 MARKET ST" }, "geometry": { "type": "Polygon", "coordinates": [ [ [ -75.150047397696611, 39.950420101848891 ], [ -75.150060475453444, 39.950361397818398 ], [ -75.150141606573058, 39.950372103752528 ], [ -75.150135173612227, 39.950400983336031 ], [ -75.150099447892998, 39.95042696981988 ], [ -75.150047397696611, 39.950420101848891 ] ] ] } },
{ "type": "Feature", "properties": { "gid": 505019, "building_name": null, "num_birds_near": 6, "approx_hgt": 126.0, "lights_out": 0, "address": "2323 RACE ST" }, "geometry": { "type": "Polygon", "coordinates": [ [ [ -75.177936885443643, 39.959188766015579 ], [ -75.177842150124178, 39.95917632889303 ], [ -75.177863205765192, 39.959081351602215 ], [ -75.177828945502441, 39.959098302667719 ], [ -75.177752373839539, 39.959081592896467 ], [ -75.177771955677898, 39.958993259057756 ], [ -75.177753764527736, 39.958990871634228 ], [ -75.177759648406123, 39.958964329164445 ], [ -75.177790173924677, 39.958968336567338 ], [ -75.177796422018361, 39.958940152513236 ], [ -75.177759459615288, 39.958935299789928 ], [ -75.177765849006676, 39.958906476485367 ], [ -75.177844113613389, 39.958916751355112 ], [ -75.177829366720388, 39.958908281866862 ], [ -75.177836594670993, 39.958875678702981 ], [ -75.177821000472321, 39.958873631536058 ], [ -75.177847985289603, 39.958705113400349 ], [ -75.177864023954413, 39.958689204388349 ], [ -75.177858700756587, 39.958665191141407 ], [ -75.177872344773249, 39.958654701169984 ], [ -75.177892479299686, 39.958519692967606 ], [ -75.177919447772013, 39.95846818593558 ], [ -75.177935307514403, 39.958396634627412 ], [ -75.177924988619409, 39.958382665556279 ], [ -75.177949285683439, 39.958321712798046 ], [ -75.178043135970455, 39.958333713747372 ], [ -75.178073546153712, 39.958236567498822 ], [ -75.178108477556734, 39.958241152944254 ], [ -75.178102975134891, 39.958265974942314 ], [ -75.178219256548871, 39.958281274497338 ], [ -75.178213285896319, 39.958343704072632 ], [ -75.178193750264938, 39.958354042172118 ], [ -75.178177846042544, 39.958425786229967 ], [ -75.178149021448107, 39.958626937405597 ], [ -75.17813271796571, 39.958645885031466 ], [ -75.178139447915299, 39.958669514437553 ], [ -75.178125054137027, 39.958681037306782 ], [ -75.178076223090912, 39.958867189508489 ], [ -75.178086359017769, 39.958868520498214 ], [ -75.178078357748504, 39.958925388558434 ], [ -75.178474196501895, 39.958975266836262 ], [ -75.178471724854688, 39.959034346514692 ], [ -75.17846014193816, 39.959032824544622 ], [ -75.178453848804324, 39.959061215752747 ], [ -75.178584723321691, 39.959070590834905 ], [ -75.178578894887735, 39.959096883201411 ], [ -75.178546225562812, 39.959092594592555 ], [ -75.178544608492928, 39.959150132878349 ], [ -75.1785336837617, 39.959148698652065 ], [ -75.17852660162329, 39.959180643780492 ], [ -75.17795501847344, 39.959106964425231 ], [ -75.177936885443643, 39.959188766015579 ] ] ] } },
{ "type": "Feature", "properties": { "gid": 375463, "building_name": null, "num_birds_near": 6, "approx_hgt": 50.0, "lights_out": 0, "address": "1 DOCK ST" }, "geometry": { "type": "Polygon", "coordinates": [ [ [ -75.144077435475523, 39.946730946558461 ], [ -75.144029770813106, 39.946734840799728 ], [ -75.143130021536848, 39.946606159645128 ], [ -75.143126019933661, 39.946623896277849 ], [ -75.142934765768786, 39.946598336341211 ], [ -75.14297422004222, 39.946423447716533 ], [ -75.143003776966424, 39.946427398372059 ], [ -75.143018923254601, 39.946360259838762 ], [ -75.142991366097348, 39.946356576293248 ], [ -75.143016303054623, 39.946246034707961 ], [ -75.143040544395404, 39.946249274362501 ], [ -75.143055848614409, 39.946181434817738 ], [ -75.143027661425123, 39.946177667580137 ], [ -75.143068043285879, 39.945998666135523 ], [ -75.143093257022855, 39.94600203600568 ], [ -75.143148983497127, 39.945755014802572 ], [ -75.143122610993032, 39.945751490659632 ], [ -75.14316303327999, 39.945572307202617 ], [ -75.143355950098922, 39.945598089316576 ], [ -75.143353504230575, 39.945608933369094 ], [ -75.143642035441346, 39.945637314220917 ], [ -75.143602737040837, 39.945811522699344 ], [ -75.143575549217786, 39.945807890031048 ], [ -75.143518578723231, 39.946060434322042 ], [ -75.143781743695044, 39.946094293159454 ], [ -75.143742702112377, 39.946267363222475 ], [ -75.143714016394057, 39.9462635289633 ], [ -75.14369817822859, 39.946333738745494 ], [ -75.143776113190697, 39.94634415322281 ], [ -75.143750324337034, 39.946458471586261 ], [ -75.143673018183833, 39.946448140762044 ], [ -75.14365711948696, 39.946518614064573 ], [ -75.144306301249657, 39.9466015763401 ], [ -75.144266482334714, 39.946778093318393 ], [ -75.144072642885774, 39.946752190037074 ], [ -75.144077435475523, 39.946730946558461 ] ] ] } },
{ "type": "Feature", "properties": { "gid": 441243, "building_name": null, "num_birds_near": 6, "approx_hgt": 36.0, "lights_out": 0, "address": "1827-35 ARCH ST" }, "geometry": { "type": "Polygon", "coordinates": [ [ [ -75.170426607338598, 39.956210954699735 ], [ -75.170488118327398, 39.955944665222859 ], [ -75.170918986172836, 39.955995782143923 ], [ -75.170859306250648, 39.956266403606726 ], [ -75.170426607338598, 39.956210954699735 ] ] ] } },
{ "type": "Feature", "properties": { "gid": 6573, "building_name": "Pearson and McGonigle Halls", "num_birds_near": 6, "approx_hgt": 96.0, "lights_out": 0, "address": "1800-28 N BROAD ST" }, "geometry": { "type": "Polygon", "coordinates": [ [ [ -75.158393771785001, 39.981353574801666 ], [ -75.158419708928676, 39.981231477480172 ], [ -75.158311818173402, 39.981232187972616 ], [ -75.158309502242417, 39.981243093810889 ], [ -75.158237097242292, 39.981233990845496 ], [ -75.15823383778654, 39.981249333594306 ], [ -75.157837530278144, 39.98119950984924 ], [ -75.157840407306708, 39.981185965006219 ], [ -75.157702487598044, 39.981154788101868 ], [ -75.157706236696981, 39.981137145323061 ], [ -75.15761735048703, 39.981136076104342 ], [ -75.157624075358868, 39.981104420390345 ], [ -75.157547133926428, 39.981094746870951 ], [ -75.157612290791434, 39.980788040145612 ], [ -75.157586534968445, 39.980784802071874 ], [ -75.157602944301047, 39.980707562040195 ], [ -75.157634313761534, 39.980711506286575 ], [ -75.157710287725735, 39.980353882447879 ], [ -75.157859030964318, 39.980372581547932 ], [ -75.157865729910995, 39.980341047775411 ], [ -75.157913331723279, 39.980347032723152 ], [ -75.15791679111517, 39.980330748432856 ], [ -75.158013662751031, 39.980342928038354 ], [ -75.1580100035101, 39.980360152981703 ], [ -75.158091421364063, 39.980370388640772 ], [ -75.158094837946535, 39.980354304305479 ], [ -75.158192857804721, 39.980366627727392 ], [ -75.158189534280481, 39.980382269065672 ], [ -75.158371171032442, 39.980389959425715 ], [ -75.158367620294399, 39.98040667595351 ], [ -75.158542734399575, 39.980412253608328 ], [ -75.158539043704707, 39.980429631027839 ], [ -75.15860297142585, 39.980437668389158 ], [ -75.158608526762265, 39.980411510338847 ], [ -75.159164276892341, 39.980481374240853 ], [ -75.159077108618021, 39.980891747420273 ], [ -75.159039993541214, 39.980887081871295 ], [ -75.159024400818126, 39.981042517971133 ], [ -75.15900494629102, 39.981040072132082 ], [ -75.158961512777623, 39.981244546226542 ], [ -75.158979369232767, 39.981246792002629 ], [ -75.158963555070514, 39.981321240778826 ], [ -75.158944680937694, 39.981318868404578 ], [ -75.158937556902842, 39.98135240640007 ], [ -75.158506471142829, 39.981298217241537 ], [ -75.158492086869444, 39.981365935237903 ], [ -75.158393771785001, 39.981353574801666 ] ] ] } },
{ "type": "Feature", "properties": { "gid": 173769, "building_name": null, "num_birds_near": 6, "approx_hgt": 94.0, "lights_out": 0, "address": "1711 W ALLEGHENY AVE" }, "geometry": { "type": "Polygon", "coordinates": [ [ [ -75.158398261691062, 40.002761537865346 ], [ -75.158002846452675, 40.00270772175778 ], [ -75.158063422556879, 40.002436756207395 ], [ -75.158460772642044, 40.002489873390559 ], [ -75.158398261691062, 40.002761537865346 ] ] ] } },
{ "type": "Feature", "properties": { "gid": 526323, "building_name": "Congregation Mikveh Israel", "num_birds_near": 6, "approx_hgt": 27.0, "lights_out": 0, "address": "121 N INDEPENDENCE E MALL" }, "geometry": { "type": "Polygon", "coordinates": [ [ [ -75.148204752948615, 39.951444980581584 ], [ -75.147404493225196, 39.951347005722049 ], [ -75.147444171019416, 39.951155049232774 ], [ -75.148243428647731, 39.951257856722322 ], [ -75.148204752948615, 39.951444980581584 ] ] ] } },
{ "type": "Feature", "properties": { "gid": 454955, "building_name": "Penn Center House", "num_birds_near": 6, "approx_hgt": 201.0, "lights_out": 0, "address": "1900 JOHN F KENNEDY BLVD" }, "geometry": { "type": "Polygon", "coordinates": [ [ [ -75.172369656099377, 39.954180123461761 ], [ -75.172933026396137, 39.954251527057387 ], [ -75.172889986918889, 39.954452916487654 ], [ -75.172176759041932, 39.954362635889986 ], [ -75.172168283652525, 39.954402291766137 ], [ -75.172098570369641, 39.954393467396415 ], [ -75.172107535337105, 39.954351524046224 ], [ -75.171480405026117, 39.954272132764991 ], [ -75.171523831224746, 39.954068959455448 ], [ -75.171833342118205, 39.954113591499983 ], [ -75.171878330700153, 39.954108446060907 ], [ -75.172111917359913, 39.95414865339108 ], [ -75.172109574512461, 39.954159611102604 ], [ -75.172367073907424, 39.954192206569047 ], [ -75.172369656099377, 39.954180123461761 ] ] ] } },
{ "type": "Feature", "properties": { "gid": 536518, "building_name": "Clinical Research Building", "num_birds_near": 6, "approx_hgt": 128.0, "lights_out": 0, "address": "501 OSLER CIR" }, "geometry": { "type": "Polygon", "coordinates": [ [ [ -75.195720835395846, 39.948618548695187 ], [ -75.195815885842009, 39.948761456502837 ], [ -75.194998051508861, 39.949133159518453 ], [ -75.194976355206833, 39.949139799559909 ], [ -75.194828566517316, 39.948927312725466 ], [ -75.195045567599536, 39.948829246529009 ], [ -75.194967487480866, 39.948732441220585 ], [ -75.195092529024507, 39.948681261799535 ], [ -75.195166959443029, 39.948775848539924 ], [ -75.195656462115394, 39.948554805168641 ], [ -75.195720835395846, 39.948618548695187 ] ] ] } },
{ "type": "Feature", "properties": { "gid": 538691, "building_name": "John Morgan Building/Anatomy Chemistry", "num_birds_near": 6, "approx_hgt": 146.0, "lights_out": 0, "address": "461 UNIVERSITY AVE" }, "geometry": { "type": "Polygon", "coordinates": [ [ [ -75.196084606712247, 39.94969215189375 ], [ -75.196153170707277, 39.94936116707774 ], [ -75.196338914277973, 39.949273007298316 ], [ -75.196658765895151, 39.949313618462298 ], [ -75.196675403663932, 39.94930411112324 ], [ -75.196617192157404, 39.949253987978047 ], [ -75.196640662086295, 39.949138840329134 ], [ -75.197692925080744, 39.948654023628841 ], [ -75.197715053215262, 39.948682810288751 ], [ -75.197739192628163, 39.948673043555907 ], [ -75.197764002835001, 39.948709027647624 ], [ -75.197744556554525, 39.948716738208759 ], [ -75.197792166307906, 39.948780995893948 ], [ -75.197732486931329, 39.948846794567459 ], [ -75.197721086993838, 39.948892546196731 ], [ -75.197550767099401, 39.948970681726124 ], [ -75.197492429408015, 39.948963484599588 ], [ -75.197295621142231, 39.949844313070848 ], [ -75.197124630677024, 39.949822722491902 ], [ -75.197132677172959, 39.949787253324558 ], [ -75.19675381629061, 39.949740474459901 ], [ -75.196741745941793, 39.949807814482021 ], [ -75.196645857532886, 39.949795991404983 ], [ -75.196655916120662, 39.94974972706602 ], [ -75.196631775618386, 39.949746642522655 ], [ -75.19663512850363, 39.949724024449466 ], [ -75.196266493182648, 39.949679107822725 ], [ -75.196259619620818, 39.949713228119954 ], [ -75.196084606712247, 39.94969215189375 ] ], [ [ -75.197147247344091, 39.949081398787307 ], [ -75.196972584534805, 39.949155290395765 ], [ -75.19700544106891, 39.949180479516144 ], [ -75.196983313321311, 39.949294599322222 ], [ -75.196868585437315, 39.949343730832524 ], [ -75.197218005292427, 39.949382502813044 ], [ -75.19723409922598, 39.949300254174744 ], [ -75.197214652641222, 39.949297684178099 ], [ -75.197242815862069, 39.949167114767377 ], [ -75.197207276774805, 39.949163001785109 ], [ -75.197147247344091, 39.949081398787307 ] ] ] } },
{ "type": "Feature", "properties": { "gid": 367039, "building_name": null, "num_birds_near": 6, "approx_hgt": 21.0, "lights_out": 0, "address": "501-35 MARKET ST" }, "geometry": { "type": "Polygon", "coordinates": [ [ [ -75.149003225562808, 39.951833577834613 ], [ -75.148923417358048, 39.951842401871971 ], [ -75.148927347804516, 39.951823770541978 ], [ -75.148903879213506, 39.951820838030002 ], [ -75.1489292932837, 39.951700355307779 ], [ -75.149028706706957, 39.951712775852648 ], [ -75.149003225562808, 39.951833577834613 ] ] ] } },
{ "type": "Feature", "properties": { "gid": 382374, "building_name": "Van Pelt-Dietrich Library Center", "num_birds_near": 5, "approx_hgt": 105.0, "lights_out": 0, "address": "3406-46 WALNUT ST" }, "geometry": { "type": "Polygon", "coordinates": [ [ [ -75.194670800005511, 39.953030403925034 ], [ -75.1940916190715, 39.952959077576963 ], [ -75.194102466011671, 39.952906729374597 ], [ -75.19412820515015, 39.952909887892325 ], [ -75.194130948695687, 39.952896647477928 ], [ -75.193071209159115, 39.952765400297686 ], [ -75.193147944698239, 39.952395072851843 ], [ -75.193655161269263, 39.95245159241918 ], [ -75.193667906781002, 39.952390080988089 ], [ -75.193747284061715, 39.952399823008072 ], [ -75.19373433419031, 39.95246231829551 ], [ -75.193940186221056, 39.952495272085883 ], [ -75.19391038144569, 39.952639114816243 ], [ -75.193990471817017, 39.95263681889714 ], [ -75.193988018479075, 39.952648662008535 ], [ -75.19411907713139, 39.952653817799643 ], [ -75.194116638255736, 39.952665588254121 ], [ -75.19417255395463, 39.952672451055264 ], [ -75.194180965963767, 39.952659837904143 ], [ -75.194158304604017, 39.952657057020907 ], [ -75.19416878835942, 39.95260645588057 ], [ -75.194215053817047, 39.952612133250483 ], [ -75.19421281245053, 39.952622948536394 ], [ -75.194231941459392, 39.952614656631511 ], [ -75.194605719835565, 39.952660526592602 ], [ -75.194609155697478, 39.952643941742728 ], [ -75.194682256851806, 39.952652912581527 ], [ -75.194676927141373, 39.952678639192179 ], [ -75.194744709950712, 39.952677860661574 ], [ -75.19473431549109, 39.952728028649254 ], [ -75.194709361858159, 39.952724966153021 ], [ -75.194707037586483, 39.952736182349618 ], [ -75.194758819125752, 39.952747476712965 ], [ -75.194712730684358, 39.952969930001075 ], [ -75.194660593871376, 39.952963532779933 ], [ -75.194657904729837, 39.952976512224232 ], [ -75.194681369129228, 39.952979391986283 ], [ -75.194670800005511, 39.953030403925034 ] ] ] } },
{ "type": "Feature", "properties": { "gid": 1012, "building_name": "Bell Parking Garage", "num_birds_near": 5, "approx_hgt": 32.0, "lights_out": 0, "address": "1801-33 N 12TH ST" }, "geometry": { "type": "Polygon", "coordinates": [ [ [ -75.152201776201608, 39.980154883074604 ], [ -75.152315451839655, 39.979622837336066 ], [ -75.15275064778659, 39.9796804597555 ], [ -75.152636456202814, 39.980214935929595 ], [ -75.152201776201608, 39.980154883074604 ] ] ] } },
{ "type": "Feature", "properties": { "gid": 16563, "building_name": null, "num_birds_near": 5, "approx_hgt": 28.0, "lights_out": 0, "address": "2001 PENNSYLVANIA AVE" }, "geometry": { "type": "Polygon", "coordinates": [ [ [ -75.172257269531158, 39.961766469158306 ], [ -75.17230420897377, 39.961700168770882 ], [ -75.172204966801743, 39.961678067847267 ], [ -75.172253917577677, 39.961520282507436 ], [ -75.172143947225251, 39.961480706806846 ], [ -75.172208991181733, 39.961378943117765 ], [ -75.172292810234708, 39.961410295064198 ], [ -75.172371264416086, 39.961291055659515 ], [ -75.172489814495947, 39.96135662438688 ], [ -75.172478552758349, 39.961368663853371 ], [ -75.172865322632745, 39.961581740609233 ], [ -75.173014184678365, 39.961643416196772 ], [ -75.172995545972526, 39.96173306350321 ], [ -75.173244320547539, 39.961829688977325 ], [ -75.173224204278668, 39.961892391718955 ], [ -75.173212804808372, 39.961891363497955 ], [ -75.173191347115974, 39.96199723869821 ], [ -75.172964700041703, 39.961972054938471 ], [ -75.172257269531158, 39.961766469158306 ] ] ] } },
{ "type": "Feature", "properties": { "gid": 540125, "building_name": null, "num_birds_near": 5, "approx_hgt": 47.0, "lights_out": 0, "address": "1726-50 N 13TH ST" }, "geometry": { "type": "Polygon", "coordinates": [ [ [ -75.156062321428678, 39.978953143532372 ], [ -75.15610161256383, 39.978958329593226 ], [ -75.15609876811294, 39.978976319846211 ], [ -75.156168474365941, 39.978985913733418 ], [ -75.156139026615008, 39.979121770866143 ], [ -75.156224986055221, 39.979132798026775 ], [ -75.15617736785039, 39.97935247768855 ], [ -75.155975066442693, 39.979326525174187 ], [ -75.155944394266683, 39.979468023778111 ], [ -75.156253398400992, 39.979507416764378 ], [ -75.156191375719331, 39.979793018011236 ], [ -75.155710080137169, 39.979738462475012 ], [ -75.155765331458895, 39.979444007244361 ], [ -75.15584989445243, 39.979447081375426 ], [ -75.155878707232517, 39.979314160774436 ], [ -75.155681281291976, 39.979288833341407 ], [ -75.155729037741921, 39.979068519057932 ], [ -75.15602897253244, 39.979106992234271 ], [ -75.156062321428678, 39.978953143532372 ] ] ] } },
{ "type": "Feature", "properties": { "gid": 470376, "building_name": "Perelman Center for Political Science and Economics", "num_birds_near": 5, "approx_hgt": 97.0, "lights_out": 0, "address": "3457-59 WALNUT ST" }, "geometry": { "type": "Polygon", "coordinates": [ [ [ -75.194432141421004, 39.953320296913127 ], [ -75.194406250937206, 39.953317017964416 ], [ -75.194427896688836, 39.953215769485261 ], [ -75.194658338230738, 39.953244949453556 ], [ -75.194592717281836, 39.9535518909437 ], [ -75.194388165320731, 39.953525988901056 ], [ -75.194432141421004, 39.953320296913127 ] ] ] } },
{ "type": "Feature", "properties": { "gid": 27089, "building_name": null, "num_birds_near": 5, "approx_hgt": 56.0, "lights_out": 0, "address": "1714 MEMPHIS ST" }, "geometry": { "type": "Polygon", "coordinates": [ [ [ -75.130847938225955, 39.975562909599745 ], [ -75.13002735145092, 39.975256007074648 ], [ -75.130174538113707, 39.975002675369488 ], [ -75.130836038832854, 39.975234937678366 ], [ -75.130997136196697, 39.975304825759608 ], [ -75.130847938225955, 39.975562909599745 ] ] ] } },
{ "type": "Feature", "properties": { "gid": 4477, "building_name": null, "num_birds_near": 5, "approx_hgt": 52.0, "lights_out": 0, "address": "3640 STANTON ST" }, "geometry": { "type": "Polygon", "coordinates": [ [ [ -75.193510238109724, 40.01151469931397 ], [ -75.193742504644391, 40.011178158706961 ], [ -75.193745856741288, 40.011165063381121 ], [ -75.193698583455856, 40.011143236281548 ], [ -75.193776031379116, 40.011026137408471 ], [ -75.194020782971478, 40.011127828650281 ], [ -75.193964792410995, 40.011212056600208 ], [ -75.193975521121459, 40.011215908502997 ], [ -75.19395272344947, 40.011248005514183 ], [ -75.193924894572902, 40.011251089010138 ], [ -75.193702128094685, 40.011591829355702 ], [ -75.193510238109724, 40.01151469931397 ] ] ] } },
{ "type": "Feature", "properties": { "gid": 540195, "building_name": null, "num_birds_near": 5, "approx_hgt": 54.0, "lights_out": 0, "address": "1724 ARCH ST" }, "geometry": { "type": "Polygon", "coordinates": [ [ [ -75.169020194880929, 39.955064546916581 ], [ -75.169046847471463, 39.954953111092799 ], [ -75.169068442059654, 39.954955802658951 ], [ -75.169101689675372, 39.954797794103129 ], [ -75.169166152527879, 39.954806238164196 ], [ -75.169104238527026, 39.955075968838649 ], [ -75.169020194880929, 39.955064546916581 ] ] ] } },
{ "type": "Feature", "properties": { "gid": 7246, "building_name": null, "num_birds_near": 5, "approx_hgt": 0.0, "lights_out": 0, "address": "1901-47 N PARK AVE" }, "geometry": { "type": "Polygon", "coordinates": [ [ [ -75.155148670206671, 39.981524897117787 ], [ -75.15514734509496, 39.981491680030963 ], [ -75.155196777261466, 39.981497566023812 ], [ -75.155190280083104, 39.981529852975235 ], [ -75.155148670206671, 39.981524897117787 ] ] ] } },
{ "type": "Feature", "properties": { "gid": 467539, "building_name": null, "num_birds_near": 5, "approx_hgt": 334.0, "lights_out": 0, "address": "1919-43 MARKET ST" }, "geometry": { "type": "Polygon", "coordinates": [ [ [ -75.173014354321907, 39.953894073132076 ], [ -75.172358492721713, 39.953811986786647 ], [ -75.172397415574963, 39.953627792733492 ], [ -75.173053556228254, 39.953709914896123 ], [ -75.173014354321907, 39.953894073132076 ] ] ] } },
{ "type": "Feature", "properties": { "gid": 519296, "building_name": "Mitchell and Hilarie Morgan Hall and Dining Complex", "num_birds_near": 5, "approx_hgt": 312.0, "lights_out": 0, "address": "1603-45 N BROAD ST" }, "geometry": { "type": "Polygon", "coordinates": [ [ [ -75.15701561535144, 39.978438300937988 ], [ -75.157039245005848, 39.978333547650394 ], [ -75.15708710279732, 39.97833993700624 ], [ -75.157102909294892, 39.978269866313838 ], [ -75.157438822639961, 39.978314712649023 ], [ -75.157466056352888, 39.978194039586995 ], [ -75.157484470691244, 39.978196498244174 ], [ -75.157463270299857, 39.978187284796817 ], [ -75.157469132107266, 39.978161296802753 ], [ -75.157490330191678, 39.978164127403964 ], [ -75.157565845887433, 39.97782934667805 ], [ -75.157540732707943, 39.977825993342982 ], [ -75.157546573156395, 39.977800103074102 ], [ -75.157628131831189, 39.977802854873588 ], [ -75.157657559632668, 39.977672397664747 ], [ -75.157692451441122, 39.977677055819655 ], [ -75.157701826122022, 39.977635493840303 ], [ -75.157821889618006, 39.977651522393096 ], [ -75.157849986298487, 39.977610243698038 ], [ -75.157882118789743, 39.977614534015629 ], [ -75.157870281453668, 39.977667014740476 ], [ -75.157889376153292, 39.977669564390787 ], [ -75.157770509008984, 39.978196546313377 ], [ -75.157759532400263, 39.978195081062793 ], [ -75.15774304149447, 39.978249041532074 ], [ -75.157692988213356, 39.97822511954692 ], [ -75.15766841085069, 39.978334079100136 ], [ -75.157710392350069, 39.97833968400122 ], [ -75.157694094160178, 39.978411943935171 ], [ -75.157756720913213, 39.978412712761184 ], [ -75.157726845752507, 39.978545160142588 ], [ -75.157631887189325, 39.97853248285066 ], [ -75.157635901920543, 39.978514689300084 ], [ -75.15701561535144, 39.978438300937988 ] ] ] } },
{ "type": "Feature", "properties": { "gid": 520588, "building_name": "Centre Square", "num_birds_near": 5, "approx_hgt": 492.0, "lights_out": 0, "address": "1500-42 MARKET ST" }, "geometry": { "type": "Polygon", "coordinates": [ [ [ -75.166399712660478, 39.952604447979844 ], [ -75.166310461740267, 39.952560571133965 ], [ -75.166317397797442, 39.952528260248272 ], [ -75.166298159626777, 39.952525814041252 ], [ -75.166284078529102, 39.952591405098751 ], [ -75.16591557287272, 39.952544547615929 ], [ -75.165929677072484, 39.952478850797171 ], [ -75.165828786169442, 39.952475199284521 ], [ -75.165843388425358, 39.952407182773413 ], [ -75.165940057887411, 39.952337195737734 ], [ -75.165883732703051, 39.952285792605309 ], [ -75.165858045149221, 39.952293870828576 ], [ -75.165610486515448, 39.952262391834445 ], [ -75.165513242522053, 39.952212458742316 ], [ -75.165506512356615, 39.952185796569118 ], [ -75.165596542096708, 39.951766436301121 ], [ -75.16561548320287, 39.951742245575737 ], [ -75.165726017623911, 39.951719083260784 ], [ -75.165969298438753, 39.951750018772159 ], [ -75.166058830679276, 39.951799578634642 ], [ -75.16605975217729, 39.951817121405362 ], [ -75.166465080208894, 39.951868660634169 ], [ -75.166591989565347, 39.951831578043326 ], [ -75.166570297189338, 39.951932629177854 ], [ -75.1667881020648, 39.951960323031663 ], [ -75.166889557203248, 39.95203083891149 ], [ -75.166767515476621, 39.952599355455369 ], [ -75.166642002334839, 39.952641249590336 ], [ -75.166399712660478, 39.952604447979844 ] ] ] } },
{ "type": "Feature", "properties": { "gid": 386451, "building_name": "Temple University Center City Campus", "num_birds_near": 5, "approx_hgt": 265.0, "lights_out": 0, "address": "1501-39 MARKET ST" }, "geometry": { "type": "Polygon", "coordinates": [ [ [ -75.166623137163029, 39.95317301909396 ], [ -75.165613013178103, 39.95304891390041 ], [ -75.165665504008871, 39.952795871944254 ], [ -75.166675624326615, 39.9529199766719 ], [ -75.166623137163029, 39.95317301909396 ] ] ] } },
{ "type": "Feature", "properties": { "gid": 1886, "building_name": null, "num_birds_near": 5, "approx_hgt": 17.0, "lights_out": 0, "address": "1915 N 11TH ST" }, "geometry": { "type": "Polygon", "coordinates": [ [ [ -75.15156307098367, 39.981424523780866 ], [ -75.151570014619878, 39.981393837402727 ], [ -75.15155596379941, 39.981391955962607 ], [ -75.151599106832023, 39.981201294709869 ], [ -75.15161282781915, 39.981203132636061 ], [ -75.151620909007988, 39.981167417309365 ], [ -75.151743387756767, 39.981183818558478 ], [ -75.151734897933693, 39.981221338386753 ], [ -75.15175417602525, 39.981223922026054 ], [ -75.151757642881407, 39.981239749401269 ], [ -75.151716830122297, 39.98142011799272 ], [ -75.151694453433265, 39.981417121798998 ], [ -75.151687680311369, 39.98144705699228 ], [ -75.151663994608512, 39.981452957527175 ], [ -75.15156307098367, 39.981424523780866 ] ] ] } },
{ "type": "Feature", "properties": { "gid": 183754, "building_name": "Strawberry Mansion High School", "num_birds_near": 5, "approx_hgt": 60.0, "lights_out": 0, "address": "3133 RIDGE AVE" }, "geometry": { "type": "Polygon", "coordinates": [ [ [ -75.184389987844455, 39.991500477590733 ], [ -75.184456708357146, 39.99118966734121 ], [ -75.184437261859131, 39.99118709813024 ], [ -75.184444973561938, 39.991151650097187 ], [ -75.184465089591527, 39.991153705382878 ], [ -75.184509681981197, 39.99094204465321 ], [ -75.184492247971178, 39.990939476288823 ], [ -75.184499623943623, 39.990906339940928 ], [ -75.184516052379834, 39.99090839477644 ], [ -75.184540388875376, 39.99079628944807 ], [ -75.184264768421087, 39.990761495626579 ], [ -75.184240288394264, 39.990841736269857 ], [ -75.184162337421711, 39.990832489017492 ], [ -75.184167031064206, 39.990805645721615 ], [ -75.183755648576152, 39.990751958466284 ], [ -75.183767718667724, 39.990692878091743 ], [ -75.18359700391008, 39.990671746854211 ], [ -75.183531215421084, 39.990980059208354 ], [ -75.183519516323841, 39.990978582122182 ], [ -75.183442742609159, 39.991376377427976 ], [ -75.183204480703594, 39.991346298106656 ], [ -75.183443172195126, 39.990290808782852 ], [ -75.183517652333762, 39.989894810162788 ], [ -75.18375815463439, 39.989925172399595 ], [ -75.183746709537033, 39.989978814750323 ], [ -75.183920237387909, 39.990000721398964 ], [ -75.183930406911358, 39.989953056628941 ], [ -75.184314068075295, 39.990001491533206 ], [ -75.184283485496266, 39.99014482124845 ], [ -75.184453816826831, 39.990147856994746 ], [ -75.184450083338874, 39.990165351286514 ], [ -75.184467439375851, 39.990167063763487 ], [ -75.184450675325579, 39.990244895547818 ], [ -75.18455561676879, 39.990262106302183 ], [ -75.184539858505147, 39.990304233834635 ], [ -75.184594173143111, 39.990315022095309 ], [ -75.184579420448827, 39.990357663160147 ], [ -75.184633735612621, 39.99036896588801 ], [ -75.184616971698404, 39.990411606148889 ], [ -75.184672627475933, 39.99042342266592 ], [ -75.184656534242365, 39.990465549933745 ], [ -75.184710848005309, 39.990477109378759 ], [ -75.184694754816661, 39.990519235751705 ], [ -75.184749740321777, 39.990531309350764 ], [ -75.184731299549981, 39.990578059482409 ], [ -75.184677990901776, 39.990565472842725 ], [ -75.184666927275757, 39.990613251031824 ], [ -75.18482953576266, 39.990643819541042 ], [ -75.184750410074599, 39.990937421852692 ], [ -75.184626021329109, 39.991530531647044 ], [ -75.184389987844455, 39.991500477590733 ] ] ] } },
{ "type": "Feature", "properties": { "gid": 536727, "building_name": null, "num_birds_near": 5, "approx_hgt": 30.0, "lights_out": 0, "address": "5501-35 E WISTER ST" }, "geometry": { "type": "Polygon", "coordinates": [ [ [ -75.148963902886877, 39.979157631812036 ], [ -75.148993232932142, 39.979023084525103 ], [ -75.149023120251485, 39.979026401081711 ], [ -75.148993671075118, 39.979161491691329 ], [ -75.148963902886877, 39.979157631812036 ] ] ] } },
{ "type": "Feature", "properties": { "gid": 538701, "building_name": null, "num_birds_near": 5, "approx_hgt": 75.0, "lights_out": 0, "address": "4514-22 WOODLAND AVE" }, "geometry": { "type": "Polygon", "coordinates": [ [ [ -75.20950345741511, 39.944372265814799 ], [ -75.209357900961194, 39.94447469566493 ], [ -75.208999346119299, 39.944177251474819 ], [ -75.209012589355169, 39.944167627557107 ], [ -75.208963624903959, 39.944125348926597 ], [ -75.208731235001622, 39.944283830863561 ], [ -75.209207307465348, 39.944685339378815 ], [ -75.209121659043049, 39.944746140846824 ], [ -75.208904862115773, 39.944564299859685 ], [ -75.208894330977643, 39.94455451771379 ], [ -75.208908989949421, 39.94454075083258 ], [ -75.208705778746591, 39.944370304484067 ], [ -75.208745075354614, 39.944338308463756 ], [ -75.208586844377919, 39.944209305401479 ], [ -75.208993674395401, 39.943922981159147 ], [ -75.20950345741511, 39.944372265814799 ] ] ] } },
{ "type": "Feature", "properties": { "gid": 510796, "building_name": null, "num_birds_near": 5, "approx_hgt": 161.0, "lights_out": 0, "address": "1900-24 ARCH ST" }, "geometry": { "type": "Polygon", "coordinates": [ [ [ -75.172262917235955, 39.955031086589429 ], [ -75.172171916215063, 39.955435272624648 ], [ -75.172074292500838, 39.955423214398486 ], [ -75.172082666303837, 39.955383062488977 ], [ -75.172012602514556, 39.955374408611441 ], [ -75.172003773703494, 39.955416738848541 ], [ -75.171232127760817, 39.955321423860269 ], [ -75.171316527196979, 39.954916753967822 ], [ -75.172070114444608, 39.955009838083875 ], [ -75.17200773729688, 39.955264984905874 ], [ -75.172035868130905, 39.955268458922433 ], [ -75.172024234271959, 39.955324238593668 ], [ -75.172092434664606, 39.955332662275985 ], [ -75.172158030656561, 39.955018131784243 ], [ -75.172262917235955, 39.955031086589429 ] ] ] } },
{ "type": "Feature", "properties": { "gid": 496298, "building_name": "Three Parkway Building", "num_birds_near": 5, "approx_hgt": 268.0, "lights_out": 0, "address": "3 BEN FRANKLIN PKWY" }, "geometry": { "type": "MultiPolygon", "coordinates": [ [ [ [ -75.16732627401214, 39.956105747269099 ], [ -75.16739867109645, 39.95611789119949 ], [ -75.16736416144586, 39.956267275275124 ], [ -75.166826346247149, 39.956199067241201 ], [ -75.166831801770755, 39.956159663544348 ], [ -75.16677455223936, 39.956151591474388 ], [ -75.166785485441608, 39.956100038433696 ], [ -75.166472039356648, 39.95606029498056 ], [ -75.166494833362322, 39.955930836275499 ], [ -75.166517580245468, 39.955920658065004 ], [ -75.166534804907641, 39.95594215043846 ], [ -75.166591976673303, 39.955951061526591 ], [ -75.166602488033789, 39.955893793783595 ], [ -75.167289000458965, 39.955971777941642 ], [ -75.167274289880751, 39.956037210775037 ], [ -75.167333778540382, 39.956045697921091 ], [ -75.16732627401214, 39.956105747269099 ] ] ], [ [ [ -75.16735454884514, 39.955973003296734 ], [ -75.16735428432861, 39.955972970310853 ], [ -75.167354157561391, 39.955972547584551 ], [ -75.16735454884514, 39.955973003296734 ] ] ] ] } },
{ "type": "Feature", "properties": { "gid": 368945, "building_name": "Nesbitt Hall", "num_birds_near": 5, "approx_hgt": 114.0, "lights_out": 0, "address": "3201-47 MARKET ST" }, "geometry": { "type": "Polygon", "coordinates": [ [ [ -75.188894635353151, 39.955950310626108 ], [ -75.188623521711889, 39.95592678389464 ], [ -75.188667451626571, 39.955711985314949 ], [ -75.188869176581719, 39.955736418859416 ], [ -75.188864721433546, 39.95575819854313 ], [ -75.188945352747595, 39.955767964606849 ], [ -75.188931759943202, 39.955834429352961 ], [ -75.189047342385834, 39.955848430145402 ], [ -75.189058916892677, 39.955791835910681 ], [ -75.189096391146734, 39.955796375682759 ], [ -75.189099910586535, 39.955779166633327 ], [ -75.189278724045494, 39.955800824611529 ], [ -75.189252467573439, 39.955929216715468 ], [ -75.189316353731712, 39.95593695444461 ], [ -75.189281518575626, 39.956107289739705 ], [ -75.189121316823687, 39.956087886247623 ], [ -75.189126514165693, 39.956062473145394 ], [ -75.189003271831353, 39.956047546381527 ], [ -75.189008117626514, 39.956023850863588 ], [ -75.188936680367405, 39.956015198338982 ], [ -75.188970768621289, 39.956103570637048 ], [ -75.188918464900979, 39.956112823019531 ], [ -75.188817882738817, 39.956053712933318 ], [ -75.188848039993289, 39.956014671680883 ], [ -75.188894336981974, 39.956020278878434 ], [ -75.188882648692498, 39.956008920208184 ], [ -75.188894635353151, 39.955950310626108 ] ] ] } },
{ "type": "Feature", "properties": { "gid": 441244, "building_name": null, "num_birds_near": 5, "approx_hgt": 204.0, "lights_out": 0, "address": "1827-35 ARCH ST" }, "geometry": { "type": "Polygon", "coordinates": [ [ [ -75.170584060766259, 39.955888618210047 ], [ -75.17051632019465, 39.955880130096411 ], [ -75.170608855859086, 39.955443817132249 ], [ -75.170787914655875, 39.955467528752571 ], [ -75.170804453525392, 39.955447936002415 ], [ -75.170850015366867, 39.95545291229157 ], [ -75.170853810379512, 39.955476276171446 ], [ -75.171060472726666, 39.955500795424108 ], [ -75.17097900086209, 39.955883985990027 ], [ -75.170742966851179, 39.95585468765772 ], [ -75.170736260908271, 39.955888354562461 ], [ -75.170632996665304, 39.955876275508956 ], [ -75.170640707994423, 39.955842094213345 ], [ -75.170596786942667, 39.955836697028211 ], [ -75.170584060766259, 39.955888618210047 ] ] ] } },
{ "type": "Feature", "properties": { "gid": 503842, "building_name": "1635 Market", "num_birds_near": 5, "approx_hgt": 266.0, "lights_out": 0, "address": "1625-37 MARKET ST" }, "geometry": { "type": "Polygon", "coordinates": [ [ [ -75.168256021816461, 39.953479553195912 ], [ -75.167799383882937, 39.953421554887797 ], [ -75.167858048801534, 39.953147985452937 ], [ -75.167912472826814, 39.953154897797397 ], [ -75.167916726100515, 39.953135060430789 ], [ -75.167883113519935, 39.953130790725503 ], [ -75.167893963439568, 39.953080192605029 ], [ -75.167972127973826, 39.95309011893363 ], [ -75.167985001179872, 39.953030085892046 ], [ -75.16820803093384, 39.95305841265894 ], [ -75.168195354204073, 39.953117532011689 ], [ -75.16830993117496, 39.953132084471576 ], [ -75.168298838427631, 39.953183812435846 ], [ -75.168263799674207, 39.953179362076206 ], [ -75.168259881220891, 39.953197631118002 ], [ -75.168314975262845, 39.953204628629507 ], [ -75.168256021816461, 39.953479553195912 ] ] ] } },
{ "type": "Feature", "properties": { "gid": 534205, "building_name": null, "num_birds_near": 5, "approx_hgt": 334.0, "lights_out": 0, "address": "508-32 WALNUT ST" }, "geometry": { "type": "Polygon", "coordinates": [ [ [ -75.150698530280835, 39.947573303915519 ], [ -75.150397880362249, 39.947532442260766 ], [ -75.150384721543517, 39.947564892413858 ], [ -75.150260488598349, 39.947549699245677 ], [ -75.150255656154556, 39.947573104482174 ], [ -75.149869311804011, 39.947525856070293 ], [ -75.149935408934951, 39.947166042553306 ], [ -75.149948255214866, 39.947167614120104 ], [ -75.149964828504778, 39.94708732887117 ], [ -75.150061892820617, 39.947099199849951 ], [ -75.150104354468013, 39.946893518362913 ], [ -75.15039700913627, 39.946929308006595 ], [ -75.150394935773974, 39.946939347910536 ], [ -75.150494751018911, 39.946951553886137 ], [ -75.150490024813848, 39.946974449759736 ], [ -75.150811842552784, 39.947013805089718 ], [ -75.15084509711096, 39.946995566142569 ], [ -75.151178437216473, 39.947040170490268 ], [ -75.151057041128027, 39.947628252336003 ], [ -75.150942988260326, 39.947618530009279 ], [ -75.150940215002208, 39.947631964414519 ], [ -75.150766255441326, 39.947610691149507 ], [ -75.150769155251453, 39.947596642418311 ], [ -75.150698530280835, 39.947573303915519 ] ] ] } },
{ "type": "Feature", "properties": { "gid": 542093, "building_name": null, "num_birds_near": 4, "approx_hgt": 40.0, "lights_out": 0, "address": "3610 WARREN ST" }, "geometry": { "type": "Polygon", "coordinates": [ [ [ -75.194974678499079, 39.958019858348528 ], [ -75.194977235003506, 39.957974794744473 ], [ -75.194936337051971, 39.957941486350279 ], [ -75.194990015556044, 39.957665222768284 ], [ -75.195230291362805, 39.957700491254627 ], [ -75.195087146762035, 39.958386249661103 ], [ -75.194782968761032, 39.958227545172711 ], [ -75.194803900122764, 39.958204868192844 ], [ -75.194496682753538, 39.958045328456599 ], [ -75.194514575733663, 39.958023775871041 ], [ -75.194450672587308, 39.957992427159439 ], [ -75.194414886381011, 39.958027694456248 ], [ -75.194123487767897, 39.957880745358892 ], [ -75.194146493837835, 39.957861152012541 ], [ -75.193921553778836, 39.957743592652207 ], [ -75.19395734003669, 39.95755157935772 ], [ -75.19400335051553, 39.957547660756262 ], [ -75.194028225127283, 39.957458264915623 ], [ -75.194275352837067, 39.957482663396299 ], [ -75.194269871432326, 39.957645863846977 ], [ -75.194974678499079, 39.958019858348528 ] ] ] } },
{ "type": "Feature", "properties": { "gid": 523223, "building_name": "Eight Penn Center", "num_birds_near": 4, "approx_hgt": 282.0, "lights_out": 0, "address": "1628 JOHN F KENNEDY BLVD" }, "geometry": { "type": "Polygon", "coordinates": [ [ [ -75.168153153173861, 39.953855703791831 ], [ -75.167690708036531, 39.953800789205786 ], [ -75.167720283292113, 39.953660924008005 ], [ -75.167776137027829, 39.953605586966638 ], [ -75.1678619078465, 39.953580599141709 ], [ -75.167898220097641, 39.953595843591614 ], [ -75.167901391653075, 39.953580841939036 ], [ -75.168230135350385, 39.953622013558864 ], [ -75.168193147799371, 39.953796942535313 ], [ -75.168153153173861, 39.953855703791831 ] ] ] } },
{ "type": "Feature", "properties": { "gid": 433053, "building_name": null, "num_birds_near": 4, "approx_hgt": 252.0, "lights_out": 0, "address": "1800 MARKET ST" }, "geometry": { "type": "Polygon", "coordinates": [ [ [ -75.170469848110244, 39.95261738805381 ], [ -75.170359901800438, 39.953113888879813 ], [ -75.170119275893569, 39.95308232785748 ], [ -75.170229862563062, 39.952582943971763 ], [ -75.170469848110244, 39.95261738805381 ] ] ] } },
{ "type": "Feature", "properties": { "gid": 461972, "building_name": "Franklin Field - Weiss Pavillion", "num_birds_near": 4, "approx_hgt": 98.0, "lights_out": 0, "address": "3200 WALNUT ST" }, "geometry": { "type": "Polygon", "coordinates": [ [ [ -75.190096892473321, 39.951046474842876 ], [ -75.188651080894942, 39.95002103741087 ], [ -75.188713306815018, 39.949952079921061 ], [ -75.188709957145434, 39.949920723049701 ], [ -75.188630257099689, 39.94985976241184 ], [ -75.188655008596442, 39.94969915286913 ], [ -75.188703965027472, 39.949581954667174 ], [ -75.188814654378348, 39.949414757712852 ], [ -75.188983602519897, 39.94927365722139 ], [ -75.189094214530371, 39.94920827661074 ], [ -75.18919679974185, 39.949154308144159 ], [ -75.189367771570801, 39.949094689825891 ], [ -75.189588317156591, 39.949058344489359 ], [ -75.189665525384669, 39.949113105775083 ], [ -75.18971104780185, 39.949116807841762 ], [ -75.189755651202645, 39.949103019751661 ], [ -75.189813676297234, 39.94905455864798 ], [ -75.191244952581712, 39.950069675906754 ], [ -75.191077513228507, 39.950209521285601 ], [ -75.191044340504902, 39.950185994745425 ], [ -75.191012296471129, 39.950212757833249 ], [ -75.189624982032655, 39.949228818079071 ], [ -75.189526277517089, 39.949251574371829 ], [ -75.189666805706864, 39.949351245281548 ], [ -75.189443973621479, 39.949417827997031 ], [ -75.189273478453728, 39.949510347450087 ], [ -75.189148139939647, 39.949615026639968 ], [ -75.189030244671798, 39.949784856134869 ], [ -75.188979549469252, 39.949979503162865 ], [ -75.190206773242693, 39.950849905526198 ], [ -75.190190300939335, 39.950860237364971 ], [ -75.190216127155963, 39.950878554559864 ], [ -75.190195866371042, 39.950895476510127 ], [ -75.190216876800022, 39.950927609487628 ], [ -75.190096892473321, 39.951046474842876 ] ] ] } },
{ "type": "Feature", "properties": { "gid": 523379, "building_name": "United States Mint", "num_birds_near": 4, "approx_hgt": 63.0, "lights_out": 0, "address": "151 N INDEPENDENCE E MALL" }, "geometry": { "type": "Polygon", "coordinates": [ [ [ -75.147770481487058, 39.954318972932896 ], [ -75.146577174640868, 39.954171118839525 ], [ -75.146785539307444, 39.953174316533641 ], [ -75.146729164470671, 39.953167366967534 ], [ -75.146871363640429, 39.952472017921139 ], [ -75.14812504084783, 39.952629323868159 ], [ -75.148093923706071, 39.95277884215335 ], [ -75.148225942532662, 39.952790962300313 ], [ -75.14807892231866, 39.953497384118016 ], [ -75.147970324892768, 39.953483996709579 ], [ -75.147963888620126, 39.953514917828826 ], [ -75.147939414681375, 39.953511901055911 ], [ -75.147770481487058, 39.954318972932896 ] ] ] } },
{ "type": "Feature", "properties": { "gid": 545840, "building_name": "PIER 3", "num_birds_near": 4, "approx_hgt": 61.0, "lights_out": 0, "address": "3 N CHRISTOPHER COLUMBUS BLVD" }, "geometry": { "type": "Polygon", "coordinates": [ [ [ -75.140374299084826, 39.950848877472474 ], [ -75.138513884945283, 39.950607731279796 ], [ -75.138465334714908, 39.950867859923918 ], [ -75.13840905515589, 39.950861667039788 ], [ -75.138471697922697, 39.950584470469117 ], [ -75.13845686533746, 39.950548734321032 ], [ -75.138576463726821, 39.95005433409392 ], [ -75.13861486698633, 39.950037077191247 ], [ -75.140289377561345, 39.950260478890733 ], [ -75.140421812511704, 39.950243291191427 ], [ -75.140409683441916, 39.95013217344264 ], [ -75.140485235010061, 39.950047553825605 ], [ -75.140581672381117, 39.950063326231856 ], [ -75.140374299084826, 39.950848877472474 ] ] ] } },
{ "type": "Feature", "properties": { "gid": 156142, "building_name": "Springside School", "num_birds_near": 4, "approx_hgt": 42.0, "lights_out": 0, "address": "8000 CHEROKEE ST" }, "geometry": { "type": "Polygon", "coordinates": [ [ [ -75.213393151252802, 40.061453645000555 ], [ -75.212628864298097, 40.060995024445305 ], [ -75.212725732981369, 40.060899715788139 ], [ -75.212647135868238, 40.060852551695035 ], [ -75.212561306404325, 40.060936999337684 ], [ -75.212584233042875, 40.060950758462049 ], [ -75.212604906805382, 40.06101864019309 ], [ -75.212362470213691, 40.061257169596999 ], [ -75.212279460112555, 40.06125666045417 ], [ -75.212208400004997, 40.061214018866522 ], [ -75.212184333973553, 40.061148527246203 ], [ -75.212311801472737, 40.061023115030366 ], [ -75.212202652518371, 40.060957616243513 ], [ -75.212135071232382, 40.061024107091328 ], [ -75.211848279884862, 40.060852006083749 ], [ -75.21176147317459, 40.06093741094341 ], [ -75.211583675145334, 40.060830714035454 ], [ -75.211668300419575, 40.060747454133612 ], [ -75.211492192311866, 40.060641771086928 ], [ -75.2114787169522, 40.060550483534463 ], [ -75.211537854555985, 40.060492300185693 ], [ -75.211649678774265, 40.060478298992471 ], [ -75.211819947002624, 40.06058047764823 ], [ -75.211829562754545, 40.060566891340038 ], [ -75.211871128794584, 40.060564407509538 ], [ -75.211918142086517, 40.060518151989463 ], [ -75.21189118791267, 40.060501979175825 ], [ -75.211914404832598, 40.060479135584835 ], [ -75.211979609354074, 40.060518264775062 ], [ -75.212083700058656, 40.060530977127911 ], [ -75.21226676159246, 40.060465799331176 ], [ -75.212285536515921, 40.060488382164401 ], [ -75.212258650177333, 40.060502588013264 ], [ -75.212287398018105, 40.060519839208133 ], [ -75.212332968907404, 40.060516620166418 ], [ -75.212368658612519, 40.060538036814251 ], [ -75.212374719949779, 40.060566902558051 ], [ -75.212346550874457, 40.060594617556397 ], [ -75.212293025426845, 40.060606449207121 ], [ -75.212393395955274, 40.060666680510387 ], [ -75.212447248223739, 40.060613695839244 ], [ -75.212420261821279, 40.060597502619672 ], [ -75.212655367298652, 40.060366182271416 ], [ -75.212878715168117, 40.060500207853195 ], [ -75.212857982017923, 40.060520608023701 ], [ -75.212901894785034, 40.060546958856413 ], [ -75.212826014452276, 40.060621618139443 ], [ -75.212865729783772, 40.060645450804849 ], [ -75.212939532047216, 40.060572835914456 ], [ -75.213050906026112, 40.060639667955471 ], [ -75.21310360952252, 40.060647995600625 ], [ -75.213133783969141, 40.060685460382047 ], [ -75.213119032721053, 40.060723438669683 ], [ -75.213052467391449, 40.060742785345603 ], [ -75.213212292980032, 40.060838690097349 ], [ -75.213219986004361, 40.060827754297797 ], [ -75.213728524751986, 40.061132903277503 ], [ -75.213714737961922, 40.061146469733764 ], [ -75.213825820764868, 40.061199523741891 ], [ -75.213745315941324, 40.061278733372411 ], [ -75.213733752067327, 40.061271794497458 ], [ -75.213716835400689, 40.061288439935161 ], [ -75.213744531141216, 40.061305058449278 ], [ -75.213621422669007, 40.061426187801928 ], [ -75.213597994393297, 40.061412130400512 ], [ -75.213508550861491, 40.06151390708002 ], [ -75.213430980024796, 40.061467361769331 ], [ -75.213441107413686, 40.061457397817776 ], [ -75.213414784473613, 40.061441603318031 ], [ -75.213393151252802, 40.061453645000555 ] ], [ [ -75.212262117903094, 40.060546526895848 ], [ -75.21222121427931, 40.060518042954293 ], [ -75.212072686585145, 40.060556789727279 ], [ -75.211951317514462, 40.060534463140158 ], [ -75.211901696482371, 40.060583474871635 ], [ -75.211906390255308, 40.060613754727633 ], [ -75.211972439640846, 40.060606826551869 ], [ -75.211968751788859, 40.060582192038027 ], [ -75.211994567828853, 40.060570645775861 ], [ -75.212142759642276, 40.060556020352976 ], [ -75.212182993060921, 40.060559099452995 ], [ -75.212187686179334, 40.060584760775427 ], [ -75.212267817474043, 40.060577319994188 ], [ -75.212262117903094, 40.060546526895848 ] ] ] } },
{ "type": "Feature", "properties": { "gid": 391131, "building_name": "Science Center", "num_birds_near": 4, "approx_hgt": 74.0, "lights_out": 0, "address": "5700-30 CITY AVE" }, "geometry": { "type": "Polygon", "coordinates": [ [ [ -75.238823730989779, 39.994383679878446 ], [ -75.238795999092019, 39.994366338973705 ], [ -75.238513640733501, 39.994010773763144 ], [ -75.238523790607175, 39.994006005273256 ], [ -75.238503916460431, 39.99398097868702 ], [ -75.238621346672488, 39.993925812745807 ], [ -75.238619327241025, 39.993871649551984 ], [ -75.238546571692254, 39.993845449598453 ], [ -75.238622679350854, 39.993769676511519 ], [ -75.238746731512279, 39.993750925697555 ], [ -75.238742708157531, 39.993813343102701 ], [ -75.238801383102697, 39.99383834376286 ], [ -75.2389351688457, 39.993775494017719 ], [ -75.239059638006026, 39.993916843889821 ], [ -75.239072646526296, 39.993910733247183 ], [ -75.239259315972632, 39.994183161324322 ], [ -75.238823730989779, 39.994383679878446 ] ] ] } },
{ "type": "Feature", "properties": { "gid": 524484, "building_name": "1234 Market Street Building", "num_birds_near": 4, "approx_hgt": 283.0, "lights_out": 0, "address": "1234 MARKET ST" }, "geometry": { "type": "Polygon", "coordinates": [ [ [ -75.161331586324422, 39.952004404748877 ], [ -75.160481361933932, 39.951897966917763 ], [ -75.160561113974481, 39.951484389484641 ], [ -75.161420718711454, 39.951592001715404 ], [ -75.161331586324422, 39.952004404748877 ] ] ] } },
{ "type": "Feature", "properties": { "gid": 219852, "building_name": null, "num_birds_near": 4, "approx_hgt": 15.0, "lights_out": 0, "address": "9600 STENTON AVE" }, "geometry": { "type": "Polygon", "coordinates": [ [ [ -75.223270228590806, 40.091127527792054 ], [ -75.223240624447982, 40.09108948404922 ], [ -75.22329088953208, 40.091066411876845 ], [ -75.223320493693123, 40.091104455606782 ], [ -75.223270228590806, 40.091127527792054 ] ] ] } },
{ "type": "Feature", "properties": { "gid": 539781, "building_name": null, "num_birds_near": 4, "approx_hgt": 481.0, "lights_out": 0, "address": "20 S 16TH ST" }, "geometry": { "type": "Polygon", "coordinates": [ [ [ -75.167166824147927, 39.951867554339174 ], [ -75.167807387590528, 39.951947632595143 ], [ -75.167752678285481, 39.952207955149994 ], [ -75.16711185270708, 39.952128057246931 ], [ -75.167166824147927, 39.951867554339174 ] ] ] } },
{ "type": "Feature", "properties": { "gid": 540130, "building_name": "Peck Alumni Center", "num_birds_near": 4, "approx_hgt": 50.0, "lights_out": 0, "address": "3140-42 MARKET ST" }, "geometry": { "type": "Polygon", "coordinates": [ [ [ -75.186832841271297, 39.955148793904421 ], [ -75.186920747395803, 39.954741015912703 ], [ -75.187028566782203, 39.954753988465342 ], [ -75.187009453427578, 39.954848070795364 ], [ -75.187055586818985, 39.954873787391996 ], [ -75.187014916121441, 39.955105477387882 ], [ -75.186918690726884, 39.955159124013463 ], [ -75.186832841271297, 39.955148793904421 ] ] ] } },
{ "type": "Feature", "properties": { "gid": 540252, "building_name": "Logan Hotel", "num_birds_near": 4, "approx_hgt": 104.0, "lights_out": 0, "address": "1800 BENJAMIN FRANKLIN PKWY" }, "geometry": { "type": "Polygon", "coordinates": [ [ [ -75.170439524006511, 39.956570238193109 ], [ -75.170781852722186, 39.956612313136397 ], [ -75.170669395853125, 39.95714525605478 ], [ -75.169720625688612, 39.957026687441896 ], [ -75.169508044470192, 39.956865268925675 ], [ -75.16953812524099, 39.956722726972295 ], [ -75.169414995221175, 39.956707339234924 ], [ -75.16942374193178, 39.956665892107864 ], [ -75.169434692032098, 39.956667260208874 ], [ -75.169447339817538, 39.956556584143691 ], [ -75.169569811161907, 39.956571890359918 ], [ -75.169595071493376, 39.956452189647578 ], [ -75.169780554757182, 39.956475370649684 ], [ -75.169828339474492, 39.956521747495827 ], [ -75.16978838932684, 39.956711059819241 ], [ -75.170031344815072, 39.956741423052982 ], [ -75.170023944701441, 39.956776493406416 ], [ -75.170239979095641, 39.956803491795242 ], [ -75.170247674578718, 39.956767022493729 ], [ -75.170344376347259, 39.956779107457628 ], [ -75.170382859022354, 39.95659673580726 ], [ -75.170432619772214, 39.956602954562186 ], [ -75.170439524006511, 39.956570238193109 ] ] ] } },
{ "type": "Feature", "properties": { "gid": 466792, "building_name": null, "num_birds_near": 4, "approx_hgt": 166.0, "lights_out": 0, "address": "428-36 WALNUT ST" }, "geometry": { "type": "Polygon", "coordinates": [ [ [ -75.148971075057972, 39.947402650772609 ], [ -75.149080199697593, 39.946885452210154 ], [ -75.149271065227381, 39.946909309019958 ], [ -75.149331699087426, 39.946621924616245 ], [ -75.149607845806528, 39.946656440067308 ], [ -75.149438090736481, 39.947461023601946 ], [ -75.148971075057972, 39.947402650772609 ] ] ] } },
{ "type": "Feature", "properties": { "gid": 542126, "building_name": null, "num_birds_near": 4, "approx_hgt": 238.0, "lights_out": 0, "address": "60 N 36TH ST" }, "geometry": { "type": "Polygon", "coordinates": [ [ [ -75.194051918000795, 39.957004924764263 ], [ -75.195230292968517, 39.957146000918797 ], [ -75.195225181003849, 39.957196943434241 ], [ -75.195324869721716, 39.957208699847151 ], [ -75.195276303311061, 39.957481046306334 ], [ -75.194900551832973, 39.957486924041781 ], [ -75.194573368470984, 39.957328217340333 ], [ -75.194343316442243, 39.957328216227516 ], [ -75.194000795631453, 39.957238085866109 ], [ -75.194051918000795, 39.957004924764263 ] ] ] } },
{ "type": "Feature", "properties": { "gid": 490835, "building_name": "Kings Court", "num_birds_near": 4, "approx_hgt": 57.0, "lights_out": 0, "address": "3400-50 CHESTNUT ST" }, "geometry": { "type": "Polygon", "coordinates": [ [ [ -75.194080479050854, 39.954387159436578 ], [ -75.194118674730575, 39.954381596260248 ], [ -75.194192052982672, 39.954401175680637 ], [ -75.19419528038712, 39.954384908755245 ], [ -75.194226553543032, 39.954388584283635 ], [ -75.194233184131846, 39.954355174065128 ], [ -75.194249897716361, 39.954357138536665 ], [ -75.19424490056528, 39.95432235289482 ], [ -75.194266692004732, 39.954281639943829 ], [ -75.194244690099126, 39.954279053983512 ], [ -75.194255273040241, 39.954225727699139 ], [ -75.194277793616038, 39.954228374769428 ], [ -75.194287006429931, 39.95411937725374 ], [ -75.19430922257061, 39.954070981874111 ], [ -75.194264106928372, 39.95406567887148 ], [ -75.194267342774367, 39.954049373389459 ], [ -75.194172167633923, 39.954048721408725 ], [ -75.194149551562006, 39.954035170019921 ], [ -75.194172316686362, 39.953920458464609 ], [ -75.194222234503655, 39.953926325314029 ], [ -75.194239828852119, 39.953914645663197 ], [ -75.194273904287272, 39.953934045802129 ], [ -75.194509596384364, 39.953955607872295 ], [ -75.194498327373537, 39.954059800477161 ], [ -75.194472410371219, 39.954132293725671 ], [ -75.194458329938286, 39.954130638429497 ], [ -75.194407517004137, 39.954381439226509 ], [ -75.19435391898827, 39.954382579582706 ], [ -75.194337119743764, 39.954368388373886 ], [ -75.194327425273286, 39.954417237541136 ], [ -75.194411253344512, 39.954423258851151 ], [ -75.19441364288123, 39.954464280812545 ], [ -75.194385542940793, 39.95454864301238 ], [ -75.194042932392719, 39.954505522251374 ], [ -75.194080479050854, 39.954387159436578 ] ] ] } },
{ "type": "Feature", "properties": { "gid": 542946, "building_name": "The Westin", "num_birds_near": 4, "approx_hgt": 188.0, "lights_out": 0, "address": "1625 CHESTNUT ST" }, "geometry": { "type": "Polygon", "coordinates": [ [ [ -75.168278101988946, 39.952272837873082 ], [ -75.16840858790242, 39.951595306384483 ], [ -75.168617059613425, 39.951619449359249 ], [ -75.168639042609442, 39.951635462235863 ], [ -75.168549287552167, 39.952070402876416 ], [ -75.16857672002989, 39.952073823312517 ], [ -75.168561328160081, 39.952146950906986 ], [ -75.168533635795995, 39.952143498489384 ], [ -75.168492898553509, 39.952299361505744 ], [ -75.168278101988946, 39.952272837873082 ] ] ] } },
{ "type": "Feature", "properties": { "gid": 544321, "building_name": "IPEX Building", "num_birds_near": 4, "approx_hgt": null, "lights_out": 0, "address": "4306-24 WOODLAND AVE" }, "geometry": { "type": "Polygon", "coordinates": [ [ [ -75.208576825209278, 39.944469744119317 ], [ -75.208540618689923, 39.944493980655295 ], [ -75.208492904437193, 39.944454957816227 ], [ -75.208268334406739, 39.944615184394983 ], [ -75.208290985904853, 39.944634286670272 ], [ -75.208203969335784, 39.944695560809144 ], [ -75.20795913742279, 39.944488962419172 ], [ -75.207947761030653, 39.944496365181259 ], [ -75.207877980087389, 39.944437233661489 ], [ -75.207865568858864, 39.944445638818458 ], [ -75.20778813614227, 39.944378930500129 ], [ -75.207797798153678, 39.944371826728045 ], [ -75.207776791896734, 39.944353528472789 ], [ -75.207789161074999, 39.944344682704376 ], [ -75.207643524417065, 39.944223014116055 ], [ -75.20772842574678, 39.944162801748988 ], [ -75.207749665917632, 39.944180884454177 ], [ -75.207841127913767, 39.944116361076091 ], [ -75.20804076202991, 39.944201236361025 ], [ -75.208052729953664, 39.944184559173024 ], [ -75.208452919631782, 39.944366390760216 ], [ -75.208576825209278, 39.944469744119317 ] ] ] } },
{ "type": "Feature", "properties": { "gid": 536480, "building_name": "Main Building", "num_birds_near": 4, "approx_hgt": 79.0, "lights_out": 0, "address": "3101 CHESTNUT ST" }, "geometry": { "type": "Polygon", "coordinates": [ [ [ -75.186455271925269, 39.954324147818802 ], [ -75.186562025743214, 39.953812614971035 ], [ -75.186582053313813, 39.953799284336306 ], [ -75.186775493010956, 39.953822709414524 ], [ -75.186778545019735, 39.953807786648667 ], [ -75.187056325188294, 39.9538442593947 ], [ -75.187052368489617, 39.953863613831281 ], [ -75.187251652497437, 39.953895460656277 ], [ -75.187146657828066, 39.954409066015074 ], [ -75.186455271925269, 39.954324147818802 ] ] ] } },
{ "type": "Feature", "properties": { "gid": 440818, "building_name": null, "num_birds_near": 4, "approx_hgt": 22.0, "lights_out": 0, "address": "1701 JOHN F KENNEDY BLVD" }, "geometry": { "type": "Polygon", "coordinates": [ [ [ -75.168307756934951, 39.954332815467126 ], [ -75.168289152196067, 39.954414309612893 ], [ -75.168223105518166, 39.95440537889391 ], [ -75.168241710333788, 39.954323884758892 ], [ -75.168307756934951, 39.954332815467126 ] ] ] } },
{ "type": "Feature", "properties": { "gid": 507340, "building_name": "Athletic/Recreation Center", "num_birds_near": 4, "approx_hgt": 56.0, "lights_out": 0, "address": "4306-24 WOODLAND AVE" }, "geometry": { "type": "Polygon", "coordinates": [ [ [ -75.207125538299962, 39.944935328266709 ], [ -75.206803953803274, 39.944747797319479 ], [ -75.206791677896007, 39.944759900375445 ], [ -75.206553650624798, 39.944629306984659 ], [ -75.206529885714303, 39.944638993721128 ], [ -75.206148341498235, 39.944409710363765 ], [ -75.206221502543571, 39.944325727917857 ], [ -75.206182800741885, 39.944294493123735 ], [ -75.206283741404604, 39.944194979021987 ], [ -75.206331152832973, 39.944216036412037 ], [ -75.206421464266143, 39.944140134185858 ], [ -75.206767984051595, 39.944348370144972 ], [ -75.206792352136048, 39.944324346472946 ], [ -75.206823698523692, 39.944321733982456 ], [ -75.207102621292606, 39.944489345731327 ], [ -75.207189741574794, 39.944403454825959 ], [ -75.207221119260865, 39.944422310199023 ], [ -75.20733035234575, 39.944384385957271 ], [ -75.207537066838896, 39.944508604568966 ], [ -75.207538354868035, 39.944575326200194 ], [ -75.20757460517531, 39.944597109625626 ], [ -75.207361851812365, 39.944800602166325 ], [ -75.207303296531165, 39.944765413715352 ], [ -75.207305892127138, 39.944779261098112 ], [ -75.207172638697315, 39.944910632711846 ], [ -75.207125538299962, 39.944935328266709 ] ] ] } },
{ "type": "Feature", "properties": { "gid": 529984, "building_name": "Moore College of Art & Design", "num_birds_near": 4, "approx_hgt": 92.0, "lights_out": 0, "address": "1916 RACE ST" }, "geometry": { "type": "Polygon", "coordinates": [ [ [ -75.171553793114569, 39.957252744291694 ], [ -75.171695120583678, 39.956576052505184 ], [ -75.171723954029545, 39.956580678555511 ], [ -75.171730659621275, 39.956552408656009 ], [ -75.171760833614286, 39.956557035094747 ], [ -75.171764857673352, 39.956585819165596 ], [ -75.171785689810505, 39.956494713950292 ], [ -75.172007646344809, 39.956522315153435 ], [ -75.171992493886748, 39.956594480837445 ], [ -75.172035382967564, 39.956599813737625 ], [ -75.172024676124423, 39.956650811852626 ], [ -75.172259306013729, 39.956679987625009 ], [ -75.172283955603277, 39.956562589197638 ], [ -75.172413415268508, 39.956578686420087 ], [ -75.172275194811363, 39.957178710490069 ], [ -75.172290487256149, 39.957180611984789 ], [ -75.172256982703786, 39.957340188715293 ], [ -75.171553793114569, 39.957252744291694 ] ], [ [ -75.171732982892223, 39.957041477875748 ], [ -75.171767182570861, 39.956894988778281 ], [ -75.171952923990531, 39.956917091716633 ], [ -75.172014616744562, 39.956658551623221 ], [ -75.171977735952737, 39.956654953044946 ], [ -75.171934819556981, 39.956857982102775 ], [ -75.171722256191558, 39.95683125325111 ], [ -75.171675986184809, 39.957034794312179 ], [ -75.171732982892223, 39.957041477875748 ] ], [ [ -75.1720527951408, 39.956884387785337 ], [ -75.172033388944499, 39.956975687271708 ], [ -75.172181581095543, 39.95699264992782 ], [ -75.172201027173315, 39.956902701032362 ], [ -75.1720527951408, 39.956884387785337 ] ] ] } },
{ "type": "Feature", "properties": { "gid": 537532, "building_name": null, "num_birds_near": 4, "approx_hgt": 380.0, "lights_out": 0, "address": "2716 SOUTH ST" }, "geometry": { "type": "Polygon", "coordinates": [ [ [ -75.186664954745908, 39.945852618763055 ], [ -75.186448134330064, 39.945802089784216 ], [ -75.186325852036092, 39.945809508172971 ], [ -75.186237976915194, 39.945633271822629 ], [ -75.186215274392111, 39.945506712412516 ], [ -75.186308497097613, 39.945453806826947 ], [ -75.186519541688511, 39.945453448716158 ], [ -75.186728530275033, 39.945478422956853 ], [ -75.187061453087964, 39.945568769279831 ], [ -75.186664954745908, 39.945852618763055 ] ] ] } },
{ "type": "Feature", "properties": { "gid": 442837, "building_name": "Papadakis Integrated Sciences Building", "num_birds_near": 3, "approx_hgt": 97.0, "lights_out": 0, "address": "3201 CHESTNUT ST" }, "geometry": { "type": "Polygon", "coordinates": [ [ [ -75.18943804326706, 39.954816579248892 ], [ -75.189218103485118, 39.954748728640155 ], [ -75.189226154343189, 39.954734329177619 ], [ -75.189174651547646, 39.95468344199702 ], [ -75.189148898255141, 39.954698878847168 ], [ -75.188905720167384, 39.954458607474031 ], [ -75.189014709179418, 39.954393275225044 ], [ -75.189041083674695, 39.954353963874929 ], [ -75.189023644652764, 39.954347798168143 ], [ -75.18915775999551, 39.954145274502729 ], [ -75.189290526292012, 39.954195649470307 ], [ -75.189283821420773, 39.954205929846609 ], [ -75.189303937723935, 39.954213126567545 ], [ -75.18934148756766, 39.954173547454054 ], [ -75.189377696088172, 39.954162753490927 ], [ -75.189404517688928, 39.954182800473873 ], [ -75.189402506496776, 39.954224949735099 ], [ -75.189462183775717, 39.954227519890786 ], [ -75.189462184803034, 39.95420695893452 ], [ -75.18959495140399, 39.954213127445939 ], [ -75.189548014106904, 39.954508171330552 ], [ -75.189519850481972, 39.954506115468185 ], [ -75.189498393014304, 39.954647982975878 ], [ -75.189519851080831, 39.954650553202917 ], [ -75.189515826988881, 39.954679852421656 ], [ -75.189493028908657, 39.954677796490046 ], [ -75.189491687885962, 39.954715833198257 ], [ -75.18943804326706, 39.954816579248892 ] ] ] } },
{ "type": "Feature", "properties": { "gid": 415332, "building_name": null, "num_birds_near": 3, "approx_hgt": 141.0, "lights_out": 0, "address": "2121-41 MARKET ST" }, "geometry": { "type": "Polygon", "coordinates": [ [ [ -75.176444972773282, 39.954531414421474 ], [ -75.176126954339011, 39.954484274007534 ], [ -75.176134009143809, 39.954452634740505 ], [ -75.17609759318708, 39.954447826125097 ], [ -75.176092219426508, 39.954471929215522 ], [ -75.176023391431315, 39.954462839685341 ], [ -75.176033705660686, 39.954416584386152 ], [ -75.175738070598413, 39.954377541574353 ], [ -75.175749937892903, 39.954324322099012 ], [ -75.175714916480445, 39.954319696927676 ], [ -75.175778885077506, 39.954032815374021 ], [ -75.176534588871476, 39.954129486654097 ], [ -75.176444972773282, 39.954531414421474 ] ] ] } },
{ "type": "Feature", "properties": { "gid": 780, "building_name": "Sullivan Hall", "num_birds_near": 3, "approx_hgt": 73.0, "lights_out": 0, "address": "1801-35 N BROAD ST" }, "geometry": { "type": "Polygon", "coordinates": [ [ [ -75.156118218370665, 39.981506954992255 ], [ -75.156122203554943, 39.981488171500949 ], [ -75.156094272279816, 39.98148466407298 ], [ -75.156183687009488, 39.981116888604788 ], [ -75.156501846783996, 39.981156846318619 ], [ -75.156479720102041, 39.981261115411066 ], [ -75.156491668328727, 39.981268924259581 ], [ -75.156481425043793, 39.981317189007484 ], [ -75.156465984816066, 39.981320343178581 ], [ -75.156422712051068, 39.981548862811756 ], [ -75.156118218370665, 39.981506954992255 ] ] ] } },
{ "type": "Feature", "properties": { "gid": 386453, "building_name": "2 Penn Center", "num_birds_near": 3, "approx_hgt": 245.0, "lights_out": 0, "address": "1500 JOHN F KENNEDY BLVD" }, "geometry": { "type": "Polygon", "coordinates": [ [ [ -75.166167134178536, 39.953618789693429 ], [ -75.16522113302058, 39.953494818222048 ], [ -75.165277254331187, 39.953241177952755 ], [ -75.165606964251737, 39.953284386388319 ], [ -75.165756567466659, 39.953240582632446 ], [ -75.165900538040646, 39.953259448836242 ], [ -75.165888367974659, 39.953314458155447 ], [ -75.166224715341926, 39.953358534241687 ], [ -75.166167134178536, 39.953618789693429 ] ] ] } },
{ "type": "Feature", "properties": { "gid": 536399, "building_name": null, "num_birds_near": 3, "approx_hgt": 32.0, "lights_out": 0, "address": "1801-63 N 9TH ST" }, "geometry": { "type": "Polygon", "coordinates": [ [ [ -75.148993671075118, 39.979161491691329 ], [ -75.148690070306429, 39.980560704482251 ], [ -75.148336691718271, 39.98051511050587 ], [ -75.148641699992382, 39.979116060151604 ], [ -75.148993671075118, 39.979161491691329 ] ] ] } },
{ "type": "Feature", "properties": { "gid": 536400, "building_name": null, "num_birds_near": 3, "approx_hgt": 94.0, "lights_out": 0, "address": "1800-62 N 9TH ST" }, "geometry": { "type": "Polygon", "coordinates": [ [ [ -75.148868980300861, 39.980593136876131 ], [ -75.149171231962256, 39.979217835854698 ], [ -75.14938766676471, 39.979245760598459 ], [ -75.14937544314742, 39.979301848521487 ], [ -75.149655150472455, 39.979337935566257 ], [ -75.149584631243485, 39.979661430005812 ], [ -75.14962015309041, 39.979666012978356 ], [ -75.149607266807593, 39.979725125938906 ], [ -75.149571791566117, 39.979720548524234 ], [ -75.149569207181315, 39.979732404111509 ], [ -75.149604372466527, 39.979736940263777 ], [ -75.1495860958874, 39.979868739595922 ], [ -75.14954058129473, 39.979862867852681 ], [ -75.149477816880648, 39.980150787411681 ], [ -75.149393876843305, 39.980203699340542 ], [ -75.149341607227669, 39.98044346754066 ], [ -75.149363196332203, 39.980446252633541 ], [ -75.149359540701539, 39.980463019713042 ], [ -75.149338065824097, 39.980460248921709 ], [ -75.149297055740576, 39.980648366470632 ], [ -75.148868980300861, 39.980593136876131 ] ] ] } },
{ "type": "Feature", "properties": { "gid": 535379, "building_name": "Kumon Math and Reading Center of Philadelphia", "num_birds_near": 3, "approx_hgt": 40.0, "lights_out": 0, "address": "238-42 N 22ND ST" }, "geometry": { "type": "Polygon", "coordinates": [ [ [ -75.175755752533505, 39.958826342099599 ], [ -75.176191879769405, 39.958880592276323 ], [ -75.176240560488935, 39.95888650942485 ], [ -75.17619824888483, 39.959007802000947 ], [ -75.175727522703411, 39.958948692957307 ], [ -75.175755752533505, 39.958826342099599 ] ] ] } },
{ "type": "Feature", "properties": { "gid": 481296, "building_name": "Children's Hospital of Philadelphia", "num_birds_near": 3, "approx_hgt": 186.0, "lights_out": 0, "address": "3600 PINE ST" }, "geometry": { "type": "MultiPolygon", "coordinates": [ [ [ [ -75.195265487316519, 39.94961474386178 ], [ -75.195304386559314, 39.949409962994402 ], [ -75.195324873396387, 39.94941276281547 ], [ -75.195328225672299, 39.949397084301914 ], [ -75.195311797177695, 39.949392457533868 ], [ -75.19532286134276, 39.949333855698413 ], [ -75.195342307970563, 39.949331285781916 ], [ -75.195349012848567, 39.949298643026317 ], [ -75.196005649338687, 39.949381985989305 ], [ -75.195986874082109, 39.949475543665372 ], [ -75.196106902343075, 39.94949045105097 ], [ -75.196118638057555, 39.949436732236926 ], [ -75.196135066038181, 39.949438789209701 ], [ -75.196104018321876, 39.949598075878747 ], [ -75.195965248411269, 39.949581116744341 ], [ -75.19593842609423, 39.949699862129158 ], [ -75.195265487316519, 39.94961474386178 ] ] ], [ [ [ -75.194833694071463, 39.94893490710291 ], [ -75.194828566517316, 39.948927312725466 ], [ -75.194926734098573, 39.949059607518159 ], [ -75.194833694071463, 39.94893490710291 ] ] ], [ [ [ -75.194976355206833, 39.949139799559909 ], [ -75.194998051508861, 39.949133159518453 ], [ -75.194989095036689, 39.949137229869173 ], [ -75.194976355206833, 39.949139799559909 ] ] ] ] } },
{ "type": "Feature", "properties": { "gid": 26993, "building_name": null, "num_birds_near": 3, "approx_hgt": 52.0, "lights_out": 0, "address": "307 N FRONT ST" }, "geometry": { "type": "Polygon", "coordinates": [ [ [ -75.140208358484031, 39.955781088191941 ], [ -75.140068157896096, 39.955765131731134 ], [ -75.140082729029444, 39.955711174955567 ], [ -75.140224348440185, 39.955728626939283 ], [ -75.140208358484031, 39.955781088191941 ] ] ] } },
{ "type": "Feature", "properties": { "gid": 470288, "building_name": "Harrison College House", "num_birds_near": 3, "approx_hgt": 269.0, "lights_out": 0, "address": "3901-03 SPRUCE ST" }, "geometry": { "type": "Polygon", "coordinates": [ [ [ -75.200977448649212, 39.952117294556352 ], [ -75.20102039875735, 39.951911804728162 ], [ -75.200862564759433, 39.951892264677255 ], [ -75.200859209079866, 39.951908314465371 ], [ -75.200815285453416, 39.951902876527448 ], [ -75.200835044082964, 39.951808348041375 ], [ -75.200800192356127, 39.951804033438982 ], [ -75.200815195577789, 39.951732251430208 ], [ -75.201443899305417, 39.951810085429969 ], [ -75.201428879452408, 39.951881953634071 ], [ -75.201394571857051, 39.951877706265108 ], [ -75.201374913664125, 39.951971762234024 ], [ -75.201331495696834, 39.951966387088142 ], [ -75.201334561940271, 39.951951714798966 ], [ -75.201211948964144, 39.951936535718481 ], [ -75.201169207520465, 39.952141034633954 ], [ -75.200977448649212, 39.952117294556352 ] ] ] } },
{ "type": "Feature", "properties": { "gid": 470291, "building_name": "Van Pelt College House", "num_birds_near": 3, "approx_hgt": 41.0, "lights_out": 0, "address": "3907-15 SPRUCE ST" }, "geometry": { "type": "Polygon", "coordinates": [ [ [ -75.202856706267411, 39.952014284706756 ], [ -75.201971601699725, 39.951904170828833 ], [ -75.201973926191187, 39.951893103181192 ], [ -75.201910395423383, 39.951885199241907 ], [ -75.201909768983427, 39.951823050318936 ], [ -75.201924178768536, 39.951824842669133 ], [ -75.20193942103603, 39.951752273866539 ], [ -75.202954958755853, 39.951878614816358 ], [ -75.202927145715648, 39.952011037544189 ], [ -75.202859164536221, 39.952002580302597 ], [ -75.202856706267411, 39.952014284706756 ] ] ] } },
{ "type": "Feature", "properties": { "gid": 454736, "building_name": "Kennedy House", "num_birds_near": 3, "approx_hgt": 301.0, "lights_out": 0, "address": "1901 JOHN F KENNEDY BLVD" }, "geometry": { "type": "Polygon", "coordinates": [ [ [ -75.172754645207846, 39.955022555070578 ], [ -75.171354682786387, 39.954841704164636 ], [ -75.171420968852445, 39.954540101944758 ], [ -75.172018600340991, 39.954617893473888 ], [ -75.172025422457637, 39.954586852866882 ], [ -75.172125107025963, 39.954599827853194 ], [ -75.172118328833903, 39.954630668526704 ], [ -75.172820676189275, 39.954722085319268 ], [ -75.172754645207846, 39.955022555070578 ] ] ] } },
{ "type": "Feature", "properties": { "gid": 441951, "building_name": null, "num_birds_near": 3, "approx_hgt": 88.0, "lights_out": 0, "address": "461 UNIVERSITY AVE" }, "geometry": { "type": "Polygon", "coordinates": [ [ [ -75.199399360329309, 39.950089618735291 ], [ -75.199363542794643, 39.950085048838751 ], [ -75.199367576178702, 39.950066327363878 ], [ -75.199307389472821, 39.950058646772312 ], [ -75.199303751600311, 39.950075532685069 ], [ -75.198613093606227, 39.949988876977237 ], [ -75.198647865327146, 39.949827471433082 ], [ -75.198879270537347, 39.949861025427616 ], [ -75.198901004593097, 39.949848760520588 ], [ -75.198943598770256, 39.949651040911355 ], [ -75.198959564026197, 39.949653078175174 ], [ -75.198965484590616, 39.949625595872611 ], [ -75.198608019123739, 39.949577342915312 ], [ -75.198642131364579, 39.949418997834378 ], [ -75.199415220310627, 39.949517649892016 ], [ -75.199409945021884, 39.949542137208773 ], [ -75.19952137201193, 39.949556355984072 ], [ -75.199506752520747, 39.949624222505037 ], [ -75.199407609005888, 39.94961157071279 ], [ -75.199393121117538, 39.949678828366366 ], [ -75.199116720363477, 39.949643557513475 ], [ -75.199110805585249, 39.949671012020147 ], [ -75.199139747672007, 39.949674704685414 ], [ -75.199115462807242, 39.949787438864405 ], [ -75.199133358654251, 39.949789722666296 ], [ -75.199221136698057, 39.949884189014696 ], [ -75.199218290074612, 39.94989739840377 ], [ -75.199339315692882, 39.949912841733926 ], [ -75.199336358286871, 39.949926570343472 ], [ -75.199377092413727, 39.949931768561662 ], [ -75.199382559347669, 39.949906387206255 ], [ -75.199437325933133, 39.949913375096145 ], [ -75.199399360329309, 39.950089618735291 ] ] ] } },
{ "type": "Feature", "properties": { "gid": 419582, "building_name": " ", "num_birds_near": 3, "approx_hgt": 266.0, "lights_out": 0, "address": "1631-37 ARCH ST" }, "geometry": { "type": "Polygon", "coordinates": [ [ [ -75.167554125908183, 39.955450376893801 ], [ -75.167503294490515, 39.95540326731188 ], [ -75.167572947078028, 39.955075289892939 ], [ -75.167632542862009, 39.955082785495755 ], [ -75.167636043803327, 39.955066298284947 ], [ -75.167916937335718, 39.955101627944266 ], [ -75.167834585402588, 39.955489404618376 ], [ -75.167823175614771, 39.955487969248161 ], [ -75.167816098332153, 39.955521296080491 ], [ -75.167765960240871, 39.955514989286058 ], [ -75.16776062115926, 39.955540132600071 ], [ -75.167590054411704, 39.955518678848691 ], [ -75.16759543057357, 39.955493362480581 ], [ -75.167546308572739, 39.955487183883108 ], [ -75.167554125908183, 39.955450376893801 ] ] ] } },
{ "type": "Feature", "properties": { "gid": 536482, "building_name": "Matthew J. Ryan Veterinary Hospital of the University of Pennsylvania", "num_birds_near": 3, "approx_hgt": 78.0, "lights_out": 0, "address": "3900 DELANCEY ST" }, "geometry": { "type": "Polygon", "coordinates": [ [ [ -75.200843932666061, 39.950540510594216 ], [ -75.200661705448695, 39.950183168782722 ], [ -75.200712985268453, 39.950164249479215 ], [ -75.200703073492235, 39.950145018899988 ], [ -75.200753289117714, 39.95012815904758 ], [ -75.200860565912166, 39.950136390789702 ], [ -75.201129456944571, 39.95012148658941 ], [ -75.201055020801263, 39.950485429145985 ], [ -75.201032889403166, 39.950493655436709 ], [ -75.201426163977075, 39.950552902936373 ], [ -75.201415080461373, 39.950604977951457 ], [ -75.201488013071511, 39.950609633038489 ], [ -75.201471760788607, 39.950684497628757 ], [ -75.201542503517402, 39.950694136127673 ], [ -75.201530433084145, 39.950752736818487 ], [ -75.201548538039518, 39.95075582136991 ], [ -75.201508640017323, 39.950933936395295 ], [ -75.20148785292497, 39.950930852611933 ], [ -75.20148383012959, 39.950951927806685 ], [ -75.201126762087952, 39.950907459709903 ], [ -75.201129109470557, 39.950891009988965 ], [ -75.201032215345208, 39.950878414136888 ], [ -75.201065075021106, 39.950715720296195 ], [ -75.200873460935313, 39.950692597660982 ], [ -75.200801635910977, 39.950553422593686 ], [ -75.200843932666061, 39.950540510594216 ] ] ] } },
{ "type": "Feature", "properties": { "gid": 367665, "building_name": "Francis A. Drexel Library", "num_birds_near": 3, "approx_hgt": 56.0, "lights_out": 0, "address": "5500 CITY AVE" }, "geometry": { "type": "Polygon", "coordinates": [ [ [ -75.238619974281519, 39.994806745965583 ], [ -75.238568855015615, 39.994743498558165 ], [ -75.238582266169445, 39.994730656453903 ], [ -75.238457336190223, 39.994647293772772 ], [ -75.238329196929953, 39.994710048532362 ], [ -75.238236532727271, 39.994595571360044 ], [ -75.238196527036621, 39.994614699662655 ], [ -75.23815747281796, 39.994590404722601 ], [ -75.238147507968279, 39.994551978248559 ], [ -75.238187558913452, 39.994532829329984 ], [ -75.238085894035137, 39.994407044002152 ], [ -75.238171234573997, 39.994366239861286 ], [ -75.23815614150196, 39.994347566234048 ], [ -75.238135919874708, 39.994357235504687 ], [ -75.238043515679436, 39.994242908007834 ], [ -75.238288277895194, 39.994125878498927 ], [ -75.238322797898007, 39.994168588663854 ], [ -75.238366389187007, 39.994147745815376 ], [ -75.23841293423537, 39.994205333203517 ], [ -75.238496103960927, 39.994165566119804 ], [ -75.238774975081498, 39.994510595439159 ], [ -75.238792071056096, 39.9945024208888 ], [ -75.238842013104346, 39.994564209861984 ], [ -75.238944353975654, 39.994515275350956 ], [ -75.239028701448319, 39.994619632032368 ], [ -75.239060169658998, 39.994604585564481 ], [ -75.23915270935484, 39.994719077339106 ], [ -75.238731461008086, 39.994919003760018 ], [ -75.238642156787108, 39.994808515265653 ], [ -75.238619974281519, 39.994806745965583 ] ] ] } },
{ "type": "Feature", "properties": { "gid": 536512, "building_name": "Perelman Center for Advanced Medicine", "num_birds_near": 3, "approx_hgt": 295.0, "lights_out": 0, "address": "3400 CIVIC CENTER BLVD" }, "geometry": { "type": "Polygon", "coordinates": [ [ [ -75.192280072520504, 39.948425511356156 ], [ -75.1916678613957, 39.947621001736472 ], [ -75.191697365559506, 39.947607122097992 ], [ -75.19149150738275, 39.947336979242543 ], [ -75.192864461130355, 39.946722154683364 ], [ -75.193057243841864, 39.946992813509596 ], [ -75.19307803119014, 39.946984588530043 ], [ -75.193641962665851, 39.947713023623983 ], [ -75.193604075750926, 39.947729987567349 ], [ -75.19362821595621, 39.947758261281329 ], [ -75.193313726924558, 39.947897058509625 ], [ -75.193290593314003, 39.947868013379924 ], [ -75.193210797450021, 39.947916078256483 ], [ -75.192905325942121, 39.947852764398959 ], [ -75.19279036286666, 39.947702740810463 ], [ -75.192739401113684, 39.947724331552394 ], [ -75.192800421004137, 39.94780915224397 ], [ -75.192783657700474, 39.947851819560491 ], [ -75.192949282570638, 39.948068240608052 ], [ -75.192662286443081, 39.948196754970695 ], [ -75.192493979348981, 39.947975193814884 ], [ -75.192451734658519, 39.947967997042078 ], [ -75.192385349916819, 39.947884204409604 ], [ -75.1923390821851, 39.947905795135156 ], [ -75.192556340181113, 39.948205493973816 ], [ -75.192481238070513, 39.948432194705859 ], [ -75.192371937598224, 39.948483599788915 ], [ -75.192314270828447, 39.948409061145753 ], [ -75.192280072520504, 39.948425511356156 ] ] ] } },
{ "type": "Feature", "properties": { "gid": 539579, "building_name": null, "num_birds_near": 3, "approx_hgt": 348.0, "lights_out": 0, "address": "30-36 S 15TH ST" }, "geometry": { "type": "Polygon", "coordinates": [ [ [ -75.166130673082264, 39.951471057557981 ], [ -75.166079658288169, 39.951729627307913 ], [ -75.165841556764207, 39.951699892636228 ], [ -75.165845770479493, 39.951679908479306 ], [ -75.165684472484244, 39.951659765136704 ], [ -75.165642091883015, 39.951635093774179 ], [ -75.165633365083835, 39.951587917391407 ], [ -75.165602968900046, 39.951584121320451 ], [ -75.1656349510301, 39.951432436353038 ], [ -75.165664382144627, 39.951425684129468 ], [ -75.166085108865033, 39.951478226742168 ], [ -75.166087798562089, 39.95146546771258 ], [ -75.166130673082264, 39.951471057557981 ] ] ] } },
{ "type": "Feature", "properties": { "gid": 409650, "building_name": null, "num_birds_near": 3, "approx_hgt": 163.0, "lights_out": 0, "address": "2402-14 MARKET ST" }, "geometry": { "type": "Polygon", "coordinates": [ [ [ -75.17945007003452, 39.954222216163203 ], [ -75.178874254541228, 39.954158466700633 ], [ -75.178929364001291, 39.953863648124369 ], [ -75.1789880580166, 39.953873037665161 ], [ -75.179210260501847, 39.952855544721388 ], [ -75.179934877296233, 39.952939575784754 ], [ -75.179859775036064, 39.953116400145248 ], [ -75.179795402603162, 39.953104062739406 ], [ -75.179691887850808, 39.953637987253764 ], [ -75.179659702124738, 39.95371509074495 ], [ -75.179586235313977, 39.953755469349936 ], [ -75.179546344824445, 39.953968880610738 ], [ -75.179523684902634, 39.953966372575188 ], [ -75.179527580703663, 39.953945528519974 ], [ -75.179502311578659, 39.95394273135085 ], [ -75.17945007003452, 39.954222216163203 ] ] ] } },
{ "type": "Feature", "properties": { "gid": 433850, "building_name": "32nd Street Armory", "num_birds_near": 3, "approx_hgt": 68.0, "lights_out": 0, "address": "3205-51 LANCASTER AVE" }, "geometry": { "type": "Polygon", "coordinates": [ [ [ -75.188301851970223, 39.955934167315434 ], [ -75.188688802814823, 39.956136209335931 ], [ -75.188703890280919, 39.956117962046946 ], [ -75.188844034417556, 39.956191208471914 ], [ -75.188829951320642, 39.956208684416701 ], [ -75.189217194412493, 39.956405290833011 ], [ -75.189127370443359, 39.956842236352387 ], [ -75.188124438851005, 39.956721594095519 ], [ -75.188281447927906, 39.955948594483154 ], [ -75.188301851970223, 39.955934167315434 ] ] ] } },
{ "type": "Feature", "properties": { "gid": 413664, "building_name": null, "num_birds_near": 3, "approx_hgt": 222.0, "lights_out": 0, "address": "1830 RITTENHOUSE SQ" }, "geometry": { "type": "Polygon", "coordinates": [ [ [ -75.172519308511539, 39.948679244043845 ], [ -75.172262655499182, 39.948646087242928 ], [ -75.172284113012338, 39.948542118779528 ], [ -75.172317640339088, 39.948546360094142 ], [ -75.172323675444943, 39.948519628452949 ], [ -75.172311522064987, 39.948518042543625 ], [ -75.17232408629333, 39.948462635168397 ], [ -75.172335913711137, 39.948464111035598 ], [ -75.172344930428352, 39.948362086667778 ], [ -75.172582966865036, 39.948394061804855 ], [ -75.172519308511539, 39.948679244043845 ] ] ] } },
{ "type": "Feature", "properties": { "gid": 389438, "building_name": "Mandell Theater", "num_birds_near": 3, "approx_hgt": 185.0, "lights_out": 0, "address": "3200-60 CHESTNUT ST" }, "geometry": { "type": "Polygon", "coordinates": [ [ [ -75.188950241421182, 39.953892300399509 ], [ -75.188977043243298, 39.95376182749969 ], [ -75.189083467905434, 39.953774776917456 ], [ -75.18912298604296, 39.953582401287527 ], [ -75.188974277237492, 39.953550460651435 ], [ -75.188826576823374, 39.953554601543345 ], [ -75.188754171456026, 39.953523438093633 ], [ -75.188600947134063, 39.953504795018432 ], [ -75.18855875036374, 39.953710205021608 ], [ -75.188677568972764, 39.953724661458978 ], [ -75.188650226282874, 39.953857758570429 ], [ -75.187612787234258, 39.953731526248617 ], [ -75.187709380764517, 39.953261350657506 ], [ -75.187965854658202, 39.953292558239504 ], [ -75.187888623439719, 39.953615829259078 ], [ -75.18800242699615, 39.953629677026726 ], [ -75.188069038270058, 39.953305433522637 ], [ -75.188751585937609, 39.953388482466053 ], [ -75.188778937192978, 39.953255334171111 ], [ -75.188742177148114, 39.953250861570247 ], [ -75.188748623837597, 39.953219479278204 ], [ -75.188816210871082, 39.953227702728967 ], [ -75.188823976580835, 39.95318990137698 ], [ -75.18888593822949, 39.953197440555734 ], [ -75.188895793123649, 39.953149466623941 ], [ -75.189167696934135, 39.95318254954848 ], [ -75.189157156721564, 39.953233863549848 ], [ -75.189199975675891, 39.953239073157 ], [ -75.189177184791205, 39.953350026125129 ], [ -75.189206302254448, 39.953353568414109 ], [ -75.189196494974297, 39.95340130916955 ], [ -75.189165286783506, 39.953397512069273 ], [ -75.189162892511177, 39.953409162697753 ], [ -75.18925099662782, 39.953419882018423 ], [ -75.189265546872335, 39.953349053420816 ], [ -75.189732787667353, 39.953405900635211 ], [ -75.189631665371806, 39.953949023884064 ], [ -75.189557373003225, 39.953946755577171 ], [ -75.189552701509285, 39.953969500836671 ], [ -75.188950241421182, 39.953892300399509 ] ] ] } },
{ "type": "Feature", "properties": { "gid": 505556, "building_name": null, "num_birds_near": 3, "approx_hgt": 78.0, "lights_out": 0, "address": "100 N 20TH ST" }, "geometry": { "type": "Polygon", "coordinates": [ [ [ -75.172831645768255, 39.956113421639088 ], [ -75.172859501192747, 39.955968887290517 ], [ -75.172872911889669, 39.955970943757471 ], [ -75.172861513025367, 39.955956808478042 ], [ -75.172874923680823, 39.955892044121939 ], [ -75.172891687512134, 39.955881507698315 ], [ -75.172879282961063, 39.955879964889306 ], [ -75.172909094430267, 39.95573669985405 ], [ -75.173453535550607, 39.955801166423896 ], [ -75.173428474145112, 39.955926520746893 ], [ -75.173479061724606, 39.955932509880533 ], [ -75.17345292587575, 39.956063998487984 ], [ -75.173399743688393, 39.95605770148407 ], [ -75.173375650122608, 39.956178214779783 ], [ -75.172831645768255, 39.956113421639088 ] ] ] } },
{ "type": "Feature", "properties": { "gid": 467534, "building_name": "Towers Hall", "num_birds_near": 3, "approx_hgt": 162.0, "lights_out": 0, "address": "101 N 34TH ST" }, "geometry": { "type": "Polygon", "coordinates": [ [ [ -75.190468424276872, 39.958259952600258 ], [ -75.190476467129386, 39.958222461872133 ], [ -75.190415878930935, 39.958214764187005 ], [ -75.190422180525516, 39.958185391422106 ], [ -75.190476519498432, 39.958192294636397 ], [ -75.190513819065998, 39.958018431612146 ], [ -75.190534669969921, 39.958021079981513 ], [ -75.190575081201843, 39.957974982429064 ], [ -75.190649023091368, 39.957974892338541 ], [ -75.190656682362999, 39.957939188748291 ], [ -75.190829744284741, 39.957961176269087 ], [ -75.190775063899252, 39.958235481451581 ], [ -75.190756137936148, 39.958233076997821 ], [ -75.190766611358612, 39.958246804134639 ], [ -75.190755601884561, 39.958298123115689 ], [ -75.190468424276872, 39.958259952600258 ] ], [ [ -75.19070803491357, 39.957978711941649 ], [ -75.190705016422754, 39.957998885709223 ], [ -75.190756817526733, 39.958005182557891 ], [ -75.190760337179796, 39.957985908362659 ], [ -75.19070803491357, 39.957978711941649 ] ], [ [ -75.190767629521488, 39.95798648642004 ], [ -75.190764444386872, 39.958006981734336 ], [ -75.190812137204787, 39.958012249854356 ], [ -75.190815658182544, 39.957992846843474 ], [ -75.190767629521488, 39.95798648642004 ] ] ] } },
{ "type": "Feature", "properties": { "gid": 542091, "building_name": null, "num_birds_near": 3, "approx_hgt": 245.0, "lights_out": 0, "address": "3655-75 MARKET ST" }, "geometry": { "type": "Polygon", "coordinates": [ [ [ -75.194749870249595, 39.956606770402892 ], [ -75.194785890162777, 39.956437167413782 ], [ -75.194808187746986, 39.956437825382764 ], [ -75.194811618298317, 39.956414817139311 ], [ -75.195460819189876, 39.956483843151851 ], [ -75.195354987329537, 39.957023070622952 ], [ -75.19489566154553, 39.956971613022773 ], [ -75.194958266368431, 39.956633066270442 ], [ -75.194749870249595, 39.956606770402892 ] ] ] } },
{ "type": "Feature", "properties": { "gid": 537827, "building_name": "Aramark Student Training and Recreation Complex", "num_birds_near": 3, "approx_hgt": 66.0, "lights_out": 0, "address": "1816 N 15TH ST" }, "geometry": { "type": "Polygon", "coordinates": [ [ [ -75.160030183777707, 39.981569851471093 ], [ -75.159234174894578, 39.98146793463242 ], [ -75.159246312712412, 39.981406308056982 ], [ -75.159166075904807, 39.981396699989446 ], [ -75.159320011433721, 39.980701739449941 ], [ -75.159493853141981, 39.980633165829659 ], [ -75.160208464318458, 39.980718799832516 ], [ -75.160030183777707, 39.981569851471093 ] ] ] } },
{ "type": "Feature", "properties": { "gid": 452526, "building_name": "Building 10", "num_birds_near": 3, "approx_hgt": 58.0, "lights_out": 0, "address": "5000L S BROAD ST" }, "geometry": { "type": "Polygon", "coordinates": [ [ [ -75.17617275953539, 39.888798475326517 ], [ -75.176317412358713, 39.889943308183739 ], [ -75.176043215755314, 39.889963866902569 ], [ -75.175898567539292, 39.888819032804783 ], [ -75.17617275953539, 39.888798475326517 ] ] ] } },
{ "type": "Feature", "properties": { "gid": 81872, "building_name": null, "num_birds_near": 3, "approx_hgt": 1.0, "lights_out": 0, "address": "27 RIVER RD" }, "geometry": { "type": "Polygon", "coordinates": [ [ [ -75.262728473258619, 40.053832732368264 ], [ -75.262795861166467, 40.053893725190449 ], [ -75.262865359920724, 40.053956628690926 ], [ -75.262827788175755, 40.053981142038431 ], [ -75.262690901532622, 40.053857245671189 ], [ -75.262728473258619, 40.053832732368264 ] ] ] } },
{ "type": "Feature", "properties": { "gid": 433369, "building_name": "Police Major Crimes / Gun Violence Squad", "num_birds_near": 3, "approx_hgt": 117.0, "lights_out": 0, "address": "2401 WALNUT ST" }, "geometry": { "type": "Polygon", "coordinates": [ [ [ -75.180169872152646, 39.951707902437924 ], [ -75.179512882973256, 39.951624458314349 ], [ -75.179550244728972, 39.951450220379087 ], [ -75.17953249656793, 39.951447965660371 ], [ -75.179555876389585, 39.951338928612365 ], [ -75.180230612206785, 39.951424627126656 ], [ -75.180169872152646, 39.951707902437924 ] ] ] } },
{ "type": "Feature", "properties": { "gid": 403859, "building_name": "Cathedral Basilica of Saints Peter & Paul", "num_birds_near": 3, "approx_hgt": 94.0, "lights_out": 0, "address": "209-25 N 18TH ST" }, "geometry": { "type": "Polygon", "coordinates": [ [ [ -75.168714942935551, 39.957793248371388 ], [ -75.168149333375496, 39.957720260501908 ], [ -75.168187387931795, 39.957576343158209 ], [ -75.168155200939736, 39.957574030229772 ], [ -75.168170289391838, 39.957501043600516 ], [ -75.168085631407351, 39.957466862958945 ], [ -75.168052607935508, 39.957396574075204 ], [ -75.168071717966498, 39.95734401924404 ], [ -75.168117147823338, 39.957310352785029 ], [ -75.168094014427894, 39.957280541070247 ], [ -75.168111448733185, 39.957190591620098 ], [ -75.168156376264022, 39.957195217701937 ], [ -75.168169116184529, 39.957137136830376 ], [ -75.168221419378042, 39.95714279116406 ], [ -75.168251594401539, 39.957007610182231 ], [ -75.168589552319446, 39.957050272637964 ], [ -75.168560046738335, 39.957190592819472 ], [ -75.1685466366405, 39.957189564820965 ], [ -75.168533224977025, 39.957247645927893 ], [ -75.168786692597266, 39.957290821967128 ], [ -75.168816533235486, 39.957262809698719 ], [ -75.168854083742403, 39.957260496596518 ], [ -75.168884928821825, 39.957277201647244 ], [ -75.16889264055925, 39.957307013081582 ], [ -75.168978470353395, 39.957309584033979 ], [ -75.168998586835158, 39.957329629180549 ], [ -75.168987857883891, 39.957402102201598 ], [ -75.16902607953628, 39.957407242002049 ], [ -75.168980481506892, 39.957601531258796 ], [ -75.168940918752654, 39.957597419058843 ], [ -75.168930190423239, 39.957658069902905 ], [ -75.168910744461357, 39.957677601498105 ], [ -75.168744447933349, 39.957655499630576 ], [ -75.168751823672054, 39.957683769089122 ], [ -75.168714942935551, 39.957793248371388 ] ] ] } },
{ "type": "Feature", "properties": { "gid": 461977, "building_name": null, "num_birds_near": 3, "approx_hgt": 151.0, "lights_out": 0, "address": "433-41 CHESTNUT ST" }, "geometry": { "type": "Polygon", "coordinates": [ [ [ -75.148609555158572, 39.949515849538983 ], [ -75.148718305381024, 39.949032778709643 ], [ -75.149122702747562, 39.94908491556162 ], [ -75.149017320956858, 39.949569120895049 ], [ -75.148609555158572, 39.949515849538983 ] ] ] } },
{ "type": "Feature", "properties": { "gid": 64185, "building_name": "Department of Records", "num_birds_near": 3, "approx_hgt": 30.0, "lights_out": 0, "address": "456 N 5TH ST" }, "geometry": { "type": "Polygon", "coordinates": [ [ [ -75.147418642406592, 39.961087624714132 ], [ -75.147389025632393, 39.961085400333594 ], [ -75.147391037332554, 39.961070238580326 ], [ -75.147377962050911, 39.961068953517383 ], [ -75.147375279798894, 39.961086428289732 ], [ -75.147344768873381, 39.961082573491083 ], [ -75.147348121551829, 39.961065356303976 ], [ -75.147335717195858, 39.961064071140683 ], [ -75.147332364659832, 39.961083087665187 ], [ -75.147303530203828, 39.961080003419575 ], [ -75.147306212294637, 39.961060730211443 ], [ -75.147292801457624, 39.961059187943441 ], [ -75.147289113267121, 39.961079233023028 ], [ -75.147260615315446, 39.961075892402647 ], [ -75.147263297730419, 39.961055847029691 ], [ -75.147249886389815, 39.96105456243658 ], [ -75.147247204148655, 39.96107640624669 ], [ -75.147217364857681, 39.961072808125508 ], [ -75.147220718032131, 39.961050964221378 ], [ -75.146830808524669, 39.961005482402399 ], [ -75.14698079021521, 39.960219328346582 ], [ -75.14727302277204, 39.960250974090066 ], [ -75.147347454643693, 39.959857785962598 ], [ -75.147292134405703, 39.959844037306404 ], [ -75.147378636231778, 39.959457142725299 ], [ -75.148406255521493, 39.959572533283442 ], [ -75.148106137174707, 39.961149553051754 ], [ -75.147462451320152, 39.961077691052445 ], [ -75.147460774358308, 39.961089769906707 ], [ -75.147431940593108, 39.961086942499442 ], [ -75.147420542013052, 39.961073065901907 ], [ -75.147418642406592, 39.961087624714132 ] ] ] } },
{ "type": "Feature", "properties": { "gid": 539050, "building_name": null, "num_birds_near": 2, "approx_hgt": 77.0, "lights_out": 0, "address": "1043-69 N FRONT ST" }, "geometry": { "type": "Polygon", "coordinates": [ [ [ -75.136372390262324, 39.966787340698907 ], [ -75.13639260037769, 39.966704958479355 ], [ -75.136371298037943, 39.966694936762991 ], [ -75.136396599710352, 39.966621133834522 ], [ -75.136419352024689, 39.966621652165308 ], [ -75.136422660083369, 39.966608139219048 ], [ -75.136521873461959, 39.966626490735102 ], [ -75.136520762877993, 39.966643273093773 ], [ -75.136538310911106, 39.966646175883 ], [ -75.136515388813194, 39.966722536085562 ], [ -75.136470428147248, 39.966731524904915 ], [ -75.136465506714643, 39.966750722586021 ], [ -75.136550449918587, 39.966765530534801 ], [ -75.136472056210678, 39.967015347782635 ], [ -75.136309614694497, 39.966985542723073 ], [ -75.136303340982593, 39.967003637374724 ], [ -75.13622716648544, 39.966990458947009 ], [ -75.136248953828527, 39.966919436723117 ], [ -75.136227252937886, 39.966915723865512 ], [ -75.136273356161666, 39.966768372338471 ], [ -75.136372390262324, 39.966787340698907 ] ] ] } },
{ "type": "Feature", "properties": { "gid": 518914, "building_name": "Two Liberty Place", "num_birds_near": 2, "approx_hgt": 582.0, "lights_out": 0, "address": "1601 CHESTNUT ST" }, "geometry": { "type": "Polygon", "coordinates": [ [ [ -75.167633058240298, 39.951925242552043 ], [ -75.167156459672569, 39.951866262262243 ], [ -75.167177621883525, 39.951789820186661 ], [ -75.167154962222284, 39.951786995235558 ], [ -75.167176343396292, 39.951685421622429 ], [ -75.16715883514992, 39.951683237960751 ], [ -75.167167483990951, 39.951642136572673 ], [ -75.167185626535073, 39.951644387675934 ], [ -75.167199852180829, 39.951576844585325 ], [ -75.167219662107414, 39.95157930352066 ], [ -75.1672298999204, 39.95153070904162 ], [ -75.16724385816849, 39.951532439737335 ], [ -75.167262439305972, 39.951444218249279 ], [ -75.167383579157942, 39.951459312318157 ], [ -75.167379796218327, 39.951424087624694 ], [ -75.167439467879717, 39.95139248113162 ], [ -75.167741989667022, 39.951425117942975 ], [ -75.167633058240298, 39.951925242552043 ] ] ] } },
{ "type": "Feature", "properties": { "gid": 140022, "building_name": null, "num_birds_near": 2, "approx_hgt": 25.0, "lights_out": 0, "address": "327 LEVERINGTON AVE" }, "geometry": { "type": "Polygon", "coordinates": [ [ [ -75.224394060474964, 40.031960783552293 ], [ -75.224292549687831, 40.031821567466999 ], [ -75.224335546555707, 40.031801119955901 ], [ -75.22444800287721, 40.031939754120515 ], [ -75.224394060474964, 40.031960783552293 ] ] ] } },
{ "type": "Feature", "properties": { "gid": 519979, "building_name": "3401 Market Street", "num_birds_near": 2, "approx_hgt": 48.0, "lights_out": 0, "address": "3401-15 MARKET ST" }, "geometry": { "type": "Polygon", "coordinates": [ [ [ -75.192046701622445, 39.956628218347596 ], [ -75.191432023701324, 39.956555194705196 ], [ -75.191542665038881, 39.956006242090609 ], [ -75.192077094550996, 39.956073578035948 ], [ -75.19200635058796, 39.9563943985195 ], [ -75.19209452781638, 39.956404594611946 ], [ -75.192046701622445, 39.956628218347596 ] ] ] } },
{ "type": "Feature", "properties": { "gid": 378057, "building_name": "Shops at Liberty Place", "num_birds_near": 2, "approx_hgt": 57.0, "lights_out": 0, "address": "1625 CHESTNUT ST" }, "geometry": { "type": "Polygon", "coordinates": [ [ [ -75.168617059613425, 39.951619449359249 ], [ -75.16840858790242, 39.951595306384483 ], [ -75.168278101988946, 39.952272837873082 ], [ -75.167752678285481, 39.952207955149994 ], [ -75.167807387590528, 39.951947632595143 ], [ -75.167633058240298, 39.951925242552043 ], [ -75.167741989667022, 39.951425117942975 ], [ -75.168580645985486, 39.951521020423783 ], [ -75.168621882576929, 39.951565998091503 ], [ -75.168604969857654, 39.951609951804144 ], [ -75.168617059613425, 39.951619449359249 ] ] ] } },
{ "type": "Feature", "properties": { "gid": 3762, "building_name": "Weiss Hall", "num_birds_near": 2, "approx_hgt": 160.0, "lights_out": 0, "address": "1701-11 N 13TH ST" }, "geometry": { "type": "Polygon", "coordinates": [ [ [ -75.154911945223148, 39.978801252090896 ], [ -75.154921382574031, 39.978756229112747 ], [ -75.154889847802878, 39.978752316403913 ], [ -75.154896119577458, 39.978722400351032 ], [ -75.155011799181722, 39.978736751384375 ], [ -75.155067914674476, 39.978469026598667 ], [ -75.155097331333835, 39.97847267601783 ], [ -75.155102391373688, 39.978448538700448 ], [ -75.15528829476257, 39.978471600965293 ], [ -75.155282514150471, 39.978499180995549 ], [ -75.155315782173744, 39.978503308490509 ], [ -75.155328758343629, 39.978441399376216 ], [ -75.155422715442043, 39.978453054911554 ], [ -75.155408937952316, 39.978526008589469 ], [ -75.155381957466702, 39.978522662117797 ], [ -75.155375748796359, 39.97855228138306 ], [ -75.155454944074492, 39.97856210560056 ], [ -75.155459717098779, 39.978539346641774 ], [ -75.155502680003764, 39.978544676306306 ], [ -75.155491227128991, 39.97859933426556 ], [ -75.155557232900549, 39.97860752397218 ], [ -75.155537957978311, 39.978695376902046 ], [ -75.155430427459038, 39.978682038698963 ], [ -75.155435505152624, 39.978657804458763 ], [ -75.155353247568598, 39.978647600133428 ], [ -75.155348038767499, 39.978672414363331 ], [ -75.155362953444808, 39.978674265327236 ], [ -75.155333179759523, 39.978816315708102 ], [ -75.155278175347107, 39.978809491911271 ], [ -75.155284305553323, 39.978780242094359 ], [ -75.155258958103815, 39.978777097409669 ], [ -75.155253432625557, 39.978803455123511 ], [ -75.155069584595438, 39.978780647438164 ], [ -75.155075391300073, 39.978752939161261 ], [ -75.155037755284724, 39.978748273120331 ], [ -75.155023635471139, 39.978815644433332 ], [ -75.154911945223148, 39.978801252090896 ] ] ] } },
{ "type": "Feature", "properties": { "gid": 509392, "building_name": "Four Penn Center", "num_birds_near": 2, "approx_hgt": 275.0, "lights_out": 0, "address": "1600 JOHN F KENNEDY BLVD" }, "geometry": { "type": "Polygon", "coordinates": [ [ [ -75.167631378421476, 39.953791464237867 ], [ -75.167282281151856, 39.953748707262321 ], [ -75.167277386889864, 39.953772372998564 ], [ -75.167092961590626, 39.953749784641289 ], [ -75.167097940639849, 39.953725707255671 ], [ -75.166759252754275, 39.953684223741909 ], [ -75.166819359904167, 39.953393561665166 ], [ -75.16715807668794, 39.95343504838555 ], [ -75.167162357068563, 39.953414350283779 ], [ -75.167349268247847, 39.95343724410089 ], [ -75.167344927637203, 39.953458234582541 ], [ -75.167691507574929, 39.953500681541982 ], [ -75.167631378421476, 39.953791464237867 ] ] ] } },
{ "type": "Feature", "properties": { "gid": 434417, "building_name": null, "num_birds_near": 2, "approx_hgt": 91.0, "lights_out": 0, "address": "2429-41 LOCUST ST" }, "geometry": { "type": "Polygon", "coordinates": [ [ [ -75.18082861547083, 39.950641854370012 ], [ -75.180674221623931, 39.950630674332288 ], [ -75.180680591662792, 39.950598160835156 ], [ -75.18024154882589, 39.95054379916558 ], [ -75.180304245986264, 39.95023845690794 ], [ -75.180976808753059, 39.950322376229344 ], [ -75.180896839739631, 39.950625674972777 ], [ -75.180833813129382, 39.950617309262604 ], [ -75.18082861547083, 39.950641854370012 ] ] ] } },
{ "type": "Feature", "properties": { "gid": 434132, "building_name": null, "num_birds_near": 2, "approx_hgt": 154.0, "lights_out": 0, "address": "2101-17 CHESTNUT ST" }, "geometry": { "type": "Polygon", "coordinates": [ [ [ -75.175831441878628, 39.952797392639759 ], [ -75.1758373622839, 39.952771004251659 ], [ -75.175408979031303, 39.952714068595469 ], [ -75.175452895294598, 39.952518355521825 ], [ -75.175440480152446, 39.95251670551982 ], [ -75.175470842564621, 39.95243191081083 ], [ -75.175459245147152, 39.952430370166603 ], [ -75.17546661768543, 39.952397516297815 ], [ -75.175509046353284, 39.952387160026433 ], [ -75.175626512405842, 39.952402771943113 ], [ -75.175699842496584, 39.952429555036375 ], [ -75.176135997815891, 39.952474747272952 ], [ -75.176056878319372, 39.952827355601087 ], [ -75.175831441878628, 39.952797392639759 ] ] ] } },
{ "type": "Feature", "properties": { "gid": 447844, "building_name": "The Left Bank", "num_birds_near": 2, "approx_hgt": 100.0, "lights_out": 0, "address": "3118-98 CHESTNUT ST" }, "geometry": { "type": "Polygon", "coordinates": [ [ [ -75.187301952980604, 39.953682560019985 ], [ -75.186640619638894, 39.9535999261117 ], [ -75.186644062917921, 39.953583601114723 ], [ -75.186451538727084, 39.953559543930638 ], [ -75.186542875499782, 39.953126597543076 ], [ -75.186504394477922, 39.953121788427012 ], [ -75.186510194186525, 39.953094300351616 ], [ -75.186551227099457, 39.953099427789141 ], [ -75.186564611775651, 39.953035982414086 ], [ -75.186549832992441, 39.953034135736068 ], [ -75.186555799528207, 39.953005855797336 ], [ -75.186568988913962, 39.953007503872016 ], [ -75.186733071315103, 39.952229725774153 ], [ -75.187587118470162, 39.952347682833306 ], [ -75.187487967279196, 39.952817704774837 ], [ -75.187509328512505, 39.952820373240314 ], [ -75.187501692701915, 39.952856574527772 ], [ -75.187476852069864, 39.952853470629968 ], [ -75.187301952980604, 39.953682560019985 ] ], [ [ -75.187113870192093, 39.952545980368498 ], [ -75.186927319213467, 39.953439075102715 ], [ -75.187128344587819, 39.953464295426102 ], [ -75.187136124200521, 39.953425313257668 ], [ -75.18715306429911, 39.95342731446744 ], [ -75.187166379212456, 39.953360584202656 ], [ -75.187150263193601, 39.953358679794732 ], [ -75.187158239990438, 39.953300316851617 ], [ -75.187314995723156, 39.952569749332284 ], [ -75.187113870192093, 39.952545980368498 ] ] ] } },
{ "type": "Feature", "properties": { "gid": 379755, "building_name": null, "num_birds_near": 2, "approx_hgt": 25.0, "lights_out": 0, "address": "2201 MARKET ST" }, "geometry": { "type": "Polygon", "coordinates": [ [ [ -75.176601695451652, 39.954889582739234 ], [ -75.176637846338721, 39.95468329738889 ], [ -75.177121238183716, 39.954743428939565 ], [ -75.177078093510559, 39.954948844838462 ], [ -75.176601695451652, 39.954889582739234 ] ] ] } },
{ "type": "Feature", "properties": { "gid": 1891, "building_name": null, "num_birds_near": 2, "approx_hgt": 1.0, "lights_out": 0, "address": "1915 N 11TH ST" }, "geometry": { "type": "Polygon", "coordinates": [ [ [ -75.151284597470834, 39.981408592850741 ], [ -75.151326526104583, 39.981206193662466 ], [ -75.151441881151328, 39.981220336336776 ], [ -75.151402591631609, 39.98141000268528 ], [ -75.151502709260313, 39.98142227660292 ], [ -75.151485178501247, 39.981506904987114 ], [ -75.15137260213649, 39.981493103708161 ], [ -75.151385757093919, 39.981429600600826 ], [ -75.151284597470834, 39.981408592850741 ] ] ] } },
{ "type": "Feature", "properties": { "gid": 132445, "building_name": null, "num_birds_near": 2, "approx_hgt": 56.0, "lights_out": 0, "address": "4 LEVERINGTON AVE" }, "geometry": { "type": "Polygon", "coordinates": [ [ [ -75.230355318379694, 40.029207699159457 ], [ -75.230654634614311, 40.029108999107123 ], [ -75.230794736699522, 40.029247955021297 ], [ -75.230891197756236, 40.029314929994641 ], [ -75.230842243603618, 40.02935659729112 ], [ -75.230815883968191, 40.029338295597 ], [ -75.23073226033884, 40.029409471072164 ], [ -75.230596202848091, 40.029315002905022 ], [ -75.230538715142771, 40.029335034735269 ], [ -75.230355318379694, 40.029207699159457 ] ] ] } },
{ "type": "Feature", "properties": { "gid": 545794, "building_name": null, "num_birds_near": 2, "approx_hgt": null, "lights_out": 0, "address": "2100 HAMILTON ST" }, "geometry": { "type": "Polygon", "coordinates": [ [ [ -75.173407000292414, 39.962437094392747 ], [ -75.173417096479696, 39.962386633862231 ], [ -75.173394695861063, 39.962403182379781 ], [ -75.173318095735311, 39.962344117931252 ], [ -75.1733456514864, 39.962219347615004 ], [ -75.173405236781505, 39.962173984710709 ], [ -75.173559283388911, 39.962293629030825 ], [ -75.173767760213721, 39.962319962289712 ], [ -75.173760910854611, 39.962349004840469 ], [ -75.173948698047951, 39.962372435899937 ], [ -75.173945632312325, 39.962391155843015 ], [ -75.173979745104091, 39.962395085306099 ], [ -75.173955997817686, 39.962506342309965 ], [ -75.173658766301443, 39.962469158353855 ], [ -75.173638593372374, 39.962449198416635 ], [ -75.173407000292414, 39.962437094392747 ] ] ] } },
{ "type": "Feature", "properties": { "gid": 503755, "building_name": "Claire M Fagin Hall School of Nursing", "num_birds_near": 2, "approx_hgt": 103.0, "lights_out": 0, "address": "3401 CURIE BLVD" }, "geometry": { "type": "Polygon", "coordinates": [ [ [ -75.196043722783486, 39.949306187055448 ], [ -75.195853649750489, 39.949270520306733 ], [ -75.195834517668274, 39.949279173693284 ], [ -75.195782936189005, 39.949211613733254 ], [ -75.195763125310194, 39.949220573650472 ], [ -75.195727464290755, 39.949173866070545 ], [ -75.195746882158303, 39.949165083915616 ], [ -75.195712512066365, 39.949120067433221 ], [ -75.195556268793453, 39.949190729758413 ], [ -75.195578078977604, 39.949219298028204 ], [ -75.195542377696114, 39.949235443626321 ], [ -75.195521219041737, 39.949207730498138 ], [ -75.195442698291998, 39.949243241882414 ], [ -75.195394798471114, 39.949180832793836 ], [ -75.196280131310999, 39.948779977654993 ], [ -75.196517437141097, 39.949093875973382 ], [ -75.196043722783486, 39.949306187055448 ] ], [ [ -75.196222997740065, 39.94905938310054 ], [ -75.196171867124349, 39.948991719831625 ], [ -75.196002887877029, 39.949066771785297 ], [ -75.1960612247493, 39.949140795408447 ], [ -75.196222997740065, 39.94905938310054 ] ] ] } },
{ "type": "Feature", "properties": { "gid": 215333, "building_name": null, "num_birds_near": 2, "approx_hgt": 25.0, "lights_out": 0, "address": "3050 W COLONA ST" }, "geometry": { "type": "Polygon", "coordinates": [ [ [ -75.183165275252335, 39.990248688419506 ], [ -75.183208746624231, 39.990108084449723 ], [ -75.183248673841192, 39.990113083348227 ], [ -75.183218571613409, 39.990255327044657 ], [ -75.183165275252335, 39.990248688419506 ] ] ] } },
{ "type": "Feature", "properties": { "gid": 529992, "building_name": null, "num_birds_near": 2, "approx_hgt": 159.0, "lights_out": 0, "address": "1700-06 CHESTNUT ST" }, "geometry": { "type": "Polygon", "coordinates": [ [ [ -75.169172144772432, 39.951036138491482 ], [ -75.169094357890501, 39.951444625626692 ], [ -75.168847641340022, 39.951414296092871 ], [ -75.168932245307545, 39.95100664726678 ], [ -75.169172144772432, 39.951036138491482 ] ] ] } },
{ "type": "Feature", "properties": { "gid": 451830, "building_name": "Russell Byers Charter School", "num_birds_near": 2, "approx_hgt": 53.0, "lights_out": 0, "address": "1911-13 ARCH ST" }, "geometry": { "type": "Polygon", "coordinates": [ [ [ -75.171801438395164, 39.955597665473455 ], [ -75.171685487920655, 39.956131634411463 ], [ -75.171625084603818, 39.956123726346199 ], [ -75.171619716259698, 39.956148011388777 ], [ -75.171450980072891, 39.956125919812614 ], [ -75.171576450361997, 39.955558339270283 ], [ -75.171719258155719, 39.955577035843639 ], [ -75.171727150673263, 39.955541334948535 ], [ -75.171761832634118, 39.955545876212433 ], [ -75.171751821101736, 39.955591169407597 ], [ -75.171801438395164, 39.955597665473455 ] ] ] } },
{ "type": "Feature", "properties": { "gid": 530022, "building_name": "Market Place East Shopping Center", "num_birds_near": 2, "approx_hgt": 115.0, "lights_out": 0, "address": "701-39 MARKET ST" }, "geometry": { "type": "Polygon", "coordinates": [ [ [ -75.153260770168899, 39.952237891031558 ], [ -75.152202066960598, 39.95209169599066 ], [ -75.152208784659848, 39.952060494527274 ], [ -75.152055604731302, 39.952040960021243 ], [ -75.152046894106718, 39.952081414839377 ], [ -75.151896297085912, 39.95206220982903 ], [ -75.151865477399951, 39.952021893082453 ], [ -75.15196420312509, 39.951563351606758 ], [ -75.151938107293518, 39.951560024128057 ], [ -75.151952648801441, 39.951492487055539 ], [ -75.151976280514702, 39.951495501027026 ], [ -75.152069549353058, 39.951076022942367 ], [ -75.152093412266012, 39.951063770782469 ], [ -75.152571521979112, 39.951133263118692 ], [ -75.152576394635076, 39.951110629078649 ], [ -75.1526418890694, 39.951112225733503 ], [ -75.152766025898586, 39.951135627669174 ], [ -75.152762108315628, 39.951153828712378 ], [ -75.152899044618323, 39.951171291595728 ], [ -75.152902701516453, 39.951154304623529 ], [ -75.153506484712352, 39.951231297682504 ], [ -75.153447029034339, 39.951507478564778 ], [ -75.15342383154541, 39.951513012766526 ], [ -75.153391147149875, 39.951664833089417 ], [ -75.153417857055203, 39.951668239009763 ], [ -75.153402401690386, 39.951740028172956 ], [ -75.15337511505345, 39.951736548825352 ], [ -75.153280163071486, 39.952225677982838 ], [ -75.153260770168899, 39.952237891031558 ] ], [ [ -75.152211600476448, 39.95203097248919 ], [ -75.152227978481307, 39.951961542494999 ], [ -75.152338077194926, 39.951976925027708 ], [ -75.152369652315286, 39.951843068644521 ], [ -75.15214474265052, 39.951811643572235 ], [ -75.152099471632326, 39.952003557619037 ], [ -75.152060621214233, 39.95199812934321 ], [ -75.152057938524379, 39.952009502494299 ], [ -75.152211600476448, 39.95203097248919 ] ] ] } },
{ "type": "Feature", "properties": { "gid": 215642, "building_name": null, "num_birds_near": 2, "approx_hgt": 28.0, "lights_out": 0, "address": "3046 W COLONA ST" }, "geometry": { "type": "Polygon", "coordinates": [ [ [ -75.183142944084508, 39.990100038035749 ], [ -75.183113247386217, 39.990242207886858 ], [ -75.183059695683127, 39.990235538272806 ], [ -75.183101237567698, 39.99009488397359 ], [ -75.183142944084508, 39.990100038035749 ] ] ] } },
{ "type": "Feature", "properties": { "gid": 432235, "building_name": null, "num_birds_near": 2, "approx_hgt": 51.0, "lights_out": 0, "address": "1835 CHESTNUT ST" }, "geometry": { "type": "Polygon", "coordinates": [ [ [ -75.171543685861437, 39.952035269294413 ], [ -75.171574336580633, 39.951892069386943 ], [ -75.171800647269421, 39.951942189074749 ], [ -75.171743719776785, 39.952199390897064 ], [ -75.171615876664035, 39.952188026951866 ], [ -75.171622982713615, 39.95215591964557 ], [ -75.171610791712027, 39.952154321116801 ], [ -75.171604316032585, 39.952183576473296 ], [ -75.171526949025704, 39.952177885470306 ], [ -75.171558098388985, 39.952037158339856 ], [ -75.171543685861437, 39.952035269294413 ] ] ] } },
{ "type": "Feature", "properties": { "gid": 502528, "building_name": null, "num_birds_near": 2, "approx_hgt": 92.0, "lights_out": 0, "address": "1800 MARKET ST" }, "geometry": { "type": "Polygon", "coordinates": [ [ [ -75.170768010025512, 39.952654610261739 ], [ -75.170665660692578, 39.953137382244627 ], [ -75.170437404936465, 39.953109853678043 ], [ -75.170415157278029, 39.953095422797446 ], [ -75.170407146421994, 39.953076999842743 ], [ -75.170466035989918, 39.952787791879068 ], [ -75.170478833296002, 39.952789334784676 ], [ -75.170507250399339, 39.952649776326005 ], [ -75.170550947210657, 39.952628431006566 ], [ -75.170768010025512, 39.952654610261739 ] ] ] } },
{ "type": "Feature", "properties": { "gid": 219284, "building_name": null, "num_birds_near": 2, "approx_hgt": 81.0, "lights_out": 0, "address": "509 GREENHILL LN" }, "geometry": { "type": "Polygon", "coordinates": [ [ [ -75.249252665051429, 40.067786568689812 ], [ -75.249280692066193, 40.067757407466267 ], [ -75.249316167607603, 40.067777534537221 ], [ -75.249288139428145, 40.067806695743947 ], [ -75.249252665051429, 40.067786568689812 ] ] ] } },
{ "type": "Feature", "properties": { "gid": 500611, "building_name": null, "num_birds_near": 2, "approx_hgt": 98.0, "lights_out": 0, "address": "2300-20 CHESTNUT ST" }, "geometry": { "type": "Polygon", "coordinates": [ [ [ -75.17887742788318, 39.95264929839481 ], [ -75.178860837064818, 39.952636190726224 ], [ -75.178744951315608, 39.952633673205106 ], [ -75.178370863041366, 39.952577172850098 ], [ -75.178339147574022, 39.952584264535048 ], [ -75.178289318584447, 39.952565775872849 ], [ -75.178264903804475, 39.95253770081316 ], [ -75.178256001995166, 39.952484027175011 ], [ -75.178293921545432, 39.952456510859001 ], [ -75.178323308609293, 39.952308774263322 ], [ -75.179189439801974, 39.952410815327795 ], [ -75.179174906966111, 39.952483880464754 ], [ -75.178990358595911, 39.952462138309933 ], [ -75.178953591805296, 39.952646990720346 ], [ -75.17887742788318, 39.95264929839481 ] ] ] } },
{ "type": "Feature", "properties": { "gid": 5490, "building_name": "Klein Law Building", "num_birds_near": 2, "approx_hgt": 118.0, "lights_out": 0, "address": "1723-29 N BROAD ST" }, "geometry": { "type": "Polygon", "coordinates": [ [ [ -75.156722143865693, 39.980051270348753 ], [ -75.156723252093883, 39.980035405985078 ], [ -75.156495079902228, 39.980004576411403 ], [ -75.156589248305536, 39.979592104238982 ], [ -75.156609490393777, 39.979581764866239 ], [ -75.156722304543024, 39.979597008054192 ], [ -75.156716586077991, 39.979622053191008 ], [ -75.157101848571045, 39.979673932633759 ], [ -75.157097825047828, 39.979694742570636 ], [ -75.157273173689347, 39.979707074306987 ], [ -75.157269821598831, 39.979722232032948 ], [ -75.157282896647075, 39.979723774473534 ], [ -75.157256745041522, 39.979814206849277 ], [ -75.1573040696519, 39.979812900184548 ], [ -75.157320938937374, 39.979833906490015 ], [ -75.157306379228103, 39.979906626437064 ], [ -75.157323398971855, 39.979894270639569 ], [ -75.157363109070403, 39.979899635112083 ], [ -75.157351308061422, 39.979951327328074 ], [ -75.157329229803395, 39.979948344376687 ], [ -75.157326469010414, 39.979960438496846 ], [ -75.1573445231748, 39.979980934564615 ], [ -75.157323598714285, 39.980072593309515 ], [ -75.157303675249352, 39.980081457837699 ], [ -75.157323348695314, 39.980082915999844 ], [ -75.157316839959151, 39.980111424829822 ], [ -75.157291317062644, 39.980128537776004 ], [ -75.157252442333757, 39.980123284961515 ], [ -75.157262771211521, 39.98010509438312 ], [ -75.157236302904948, 39.980120740726683 ], [ -75.156722143865693, 39.980051270348753 ] ] ] } },
{ "type": "Feature", "properties": { "gid": 479783, "building_name": "Philadelphia Performing Arts Charter School", "num_birds_near": 2, "approx_hgt": 118.0, "lights_out": 0, "address": "1600 VINE ST" }, "geometry": { "type": "Polygon", "coordinates": [ [ [ -75.166923457072855, 39.958145551475852 ], [ -75.166467718599662, 39.95809364250362 ], [ -75.166181560554307, 39.958027077170321 ], [ -75.165955205031338, 39.957943594725897 ], [ -75.165977362572931, 39.957947176223385 ], [ -75.165984191887276, 39.957922184577889 ], [ -75.165928604770656, 39.957913187281328 ], [ -75.165919251027844, 39.957947416010981 ], [ -75.165851128850065, 39.957936391037805 ], [ -75.165898026752515, 39.957751972081759 ], [ -75.16587604076912, 39.957748437680891 ], [ -75.165879245551608, 39.957736673261053 ], [ -75.165933593566066, 39.957745430032773 ], [ -75.165955932003669, 39.957663728374825 ], [ -75.166916521605344, 39.957819188867575 ], [ -75.166886208120644, 39.957930125581697 ], [ -75.167087448477645, 39.957962691142413 ], [ -75.167051671851212, 39.958094020954086 ], [ -75.166988013159127, 39.958083719766933 ], [ -75.166981209984456, 39.958108618347879 ], [ -75.167002665785773, 39.958112090138123 ], [ -75.166931163345083, 39.95811734849508 ], [ -75.166923457072855, 39.958145551475852 ] ] ] } },
{ "type": "Feature", "properties": { "gid": 80530, "building_name": " ", "num_birds_near": 2, "approx_hgt": 43.0, "lights_out": 0, "address": "3455 KENSINGTON AVE" }, "geometry": { "type": "Polygon", "coordinates": [ [ [ -75.105962539465949, 40.000612648958317 ], [ -75.10610000271808, 40.000536627515416 ], [ -75.106058764219114, 40.000492452449031 ], [ -75.105921301092479, 40.000567960257115 ], [ -75.10589380828219, 40.000538423660416 ], [ -75.106418515484862, 40.000244095640483 ], [ -75.106406446099768, 40.000231510481306 ], [ -75.106434943930523, 40.000215073399957 ], [ -75.106457070442644, 40.0001247951935 ], [ -75.106414157153182, 40.000101038674515 ], [ -75.106425556623449, 40.000049671285836 ], [ -75.106451976835089, 40.000037214856881 ], [ -75.106570400051822, 40.000054398444163 ], [ -75.10658866732004, 40.000074200317563 ], [ -75.106576507343576, 40.000121120739195 ], [ -75.106524127023704, 40.000133913673864 ], [ -75.106520439545534, 40.000151892603526 ], [ -75.106545249288544, 40.000175778162543 ], [ -75.106592691578683, 40.000132887003382 ], [ -75.106603252313263, 40.00014341728744 ], [ -75.107022680601816, 39.999923823564657 ], [ -75.107046692498258, 39.99995071807237 ], [ -75.106616709466977, 40.000187616401163 ], [ -75.106600235033099, 40.000262331558794 ], [ -75.107088204428891, 39.99999503417795 ], [ -75.107114211355878, 40.0000224485741 ], [ -75.10658749425933, 40.000320889829318 ], [ -75.106553186787863, 40.000484659380156 ], [ -75.106731553576054, 40.000492491149274 ], [ -75.106720599531783, 40.000544850043681 ], [ -75.106284740779742, 40.000486803832892 ], [ -75.10599003233618, 40.000642185538517 ], [ -75.105962539465949, 40.000612648958317 ] ], [ [ -75.106129578126044, 40.000519721562412 ], [ -75.106567713108603, 40.000280567265158 ], [ -75.106582800186317, 40.000205828268761 ], [ -75.106082233672936, 40.000480381346684 ], [ -75.106129578126044, 40.000519721562412 ] ], [ [ -75.106477189187672, 40.000381116955481 ], [ -75.106533012558671, 40.00043505255141 ], [ -75.106555475774996, 40.000337327858531 ], [ -75.106477189187672, 40.000381116955481 ] ] ] } },
{ "type": "Feature", "properties": { "gid": 455254, "building_name": null, "num_birds_near": 2, "approx_hgt": 28.0, "lights_out": 0, "address": "3228 DICKINSON ST" }, "geometry": { "type": "Polygon", "coordinates": [ [ [ -75.198585934884235, 39.935566337530801 ], [ -75.198175348916678, 39.935520759671412 ], [ -75.198254389257301, 39.935164842083303 ], [ -75.198455651232933, 39.935191328311667 ], [ -75.198425347273812, 39.935327788775105 ], [ -75.19845185357228, 39.935252606745571 ], [ -75.198709031487866, 39.935335501562143 ], [ -75.198585934884235, 39.935566337530801 ] ] ] } },
{ "type": "Feature", "properties": { "gid": 535926, "building_name": null, "num_birds_near": 2, "approx_hgt": 254.0, "lights_out": 0, "address": "210-20 S 25TH ST" }, "geometry": { "type": "Polygon", "coordinates": [ [ [ -75.181662349911534, 39.94972882861493 ], [ -75.181583453241686, 39.949728171067555 ], [ -75.181566389366978, 39.949788561133282 ], [ -75.18154998136535, 39.949786199775396 ], [ -75.18154081552423, 39.949818638991005 ], [ -75.18109866642186, 39.949754994523602 ], [ -75.18110401929421, 39.949731510668435 ], [ -75.181052741543027, 39.94972412900718 ], [ -75.181086564775299, 39.949575755982352 ], [ -75.181117155546701, 39.949580159590973 ], [ -75.18112826650939, 39.949531421461309 ], [ -75.181304417569592, 39.949556777235941 ], [ -75.18129345171053, 39.949607223339314 ], [ -75.181370920461518, 39.949617592626332 ], [ -75.181373479111215, 39.949587907608361 ], [ -75.181687378951708, 39.949627403828735 ], [ -75.181662349911534, 39.94972882861493 ] ] ] } },
{ "type": "Feature", "properties": { "gid": 386452, "building_name": null, "num_birds_near": 2, "approx_hgt": 15.0, "lights_out": 0, "address": "1501-39 MARKET ST # S" }, "geometry": { "type": "Polygon", "coordinates": [ [ [ -75.165492695862554, 39.953039891360724 ], [ -75.165323830413612, 39.953017289393344 ], [ -75.165334140637469, 39.95297166462246 ], [ -75.165503005976547, 39.952994266574599 ], [ -75.165492695862554, 39.953039891360724 ] ] ] } },
{ "type": "Feature", "properties": { "gid": 372219, "building_name": "LeBow Hall", "num_birds_near": 2, "approx_hgt": 192.0, "lights_out": 0, "address": "3201 CHESTNUT ST" }, "geometry": { "type": "Polygon", "coordinates": [ [ [ -75.187541972825088, 39.955227917040006 ], [ -75.187534920333974, 39.955177716636271 ], [ -75.187523856362873, 39.955165894232188 ], [ -75.1874906648071, 39.955173347414963 ], [ -75.187427299144005, 39.95504561508529 ], [ -75.188052586481533, 39.954845155267215 ], [ -75.188081084989008, 39.954896299540444 ], [ -75.188204286586284, 39.954887811055571 ], [ -75.188217877168498, 39.95497725663833 ], [ -75.188305120352737, 39.954971363566436 ], [ -75.188252333567817, 39.955229892836336 ], [ -75.188096951321171, 39.955245587919322 ], [ -75.188086664103267, 39.955295968644606 ], [ -75.187541972825088, 39.955227917040006 ] ] ] } },
{ "type": "Feature", "properties": { "gid": 458652, "building_name": "OPA Offices, Curtis Center", "num_birds_near": 2, "approx_hgt": 207.0, "lights_out": 0, "address": "170 S INDEPENDENCE W MALL" }, "geometry": { "type": "Polygon", "coordinates": [ [ [ -75.152432997871571, 39.948624833418343 ], [ -75.151053092893434, 39.948451771647434 ], [ -75.151083102475255, 39.948286026428029 ], [ -75.151116578083233, 39.948286599346723 ], [ -75.151189018929429, 39.947962750750136 ], [ -75.151148371145439, 39.947957364282061 ], [ -75.151185446462009, 39.947791616961993 ], [ -75.151401816259678, 39.947817477958289 ], [ -75.151399222304434, 39.94782907295253 ], [ -75.151442382426026, 39.947834791964745 ], [ -75.151444956728284, 39.947823282121036 ], [ -75.151653249393576, 39.947850881511847 ], [ -75.151656413924258, 39.947836732439178 ], [ -75.15203048199426, 39.947898186863561 ], [ -75.152033873623679, 39.947883025677243 ], [ -75.152336013271309, 39.947944386948699 ], [ -75.152580339426677, 39.9479660809492 ], [ -75.152432997871571, 39.948624833418343 ] ] ] } },
{ "type": "Feature", "properties": { "gid": 80544, "building_name": null, "num_birds_near": 2, "approx_hgt": 240.0, "lights_out": 0, "address": null }, "geometry": { "type": "Polygon", "coordinates": [ [ [ -75.069813646999904, 39.983192379288894 ], [ -75.069888947241424, 39.983125556234192 ], [ -75.06990669275973, 39.983137390487428 ], [ -75.069919282409543, 39.983126218789472 ], [ -75.070040486947121, 39.98321696588728 ], [ -75.069933661587683, 39.983311763508993 ], [ -75.069901010991515, 39.983289991364899 ], [ -75.069918746039079, 39.983274253530233 ], [ -75.069818658150339, 39.983216469418529 ], [ -75.069832007676297, 39.983204623478471 ], [ -75.069813646999904, 39.983192379288894 ] ] ] } },
{ "type": "Feature", "properties": { "gid": 536515, "building_name": "Leonard and Madlyn Abramson Pediatric Research Center", "num_birds_near": 2, "approx_hgt": 228.0, "lights_out": 0, "address": "550 OSLER CIR" }, "geometry": { "type": "Polygon", "coordinates": [ [ [ -75.195761254054375, 39.947066393107264 ], [ -75.195859643035419, 39.947028933642244 ], [ -75.195846901803364, 39.947043199339646 ], [ -75.195861988836086, 39.947064533244365 ], [ -75.195881324390101, 39.947055931249416 ], [ -75.195909790687722, 39.947094079416672 ], [ -75.195964197979251, 39.947090221024162 ], [ -75.19599587964413, 39.947132678197022 ], [ -75.19601164903608, 39.947125706877081 ], [ -75.196075725750376, 39.947211577719472 ], [ -75.196042701999914, 39.947238803265797 ], [ -75.196355847629334, 39.94764800072452 ], [ -75.196113779565749, 39.947753384110577 ], [ -75.196106403512658, 39.947740018341214 ], [ -75.195999786063609, 39.947787825757345 ], [ -75.195974800133598, 39.947758449821599 ], [ -75.195869028432824, 39.94780941595522 ], [ -75.195719495802649, 39.947572946306259 ], [ -75.195690662130417, 39.947586825675344 ], [ -75.195663840356715, 39.947559580205272 ], [ -75.195699380249408, 39.947534904779893 ], [ -75.195690663299757, 39.947523081373852 ], [ -75.195488156058417, 39.947616641205748 ], [ -75.195478768396697, 39.947603789213638 ], [ -75.195367457587011, 39.947651596932999 ], [ -75.195337729934081, 39.947628878184979 ], [ -75.195177753131858, 39.947405630768863 ], [ -75.195255307753825, 39.94737194424664 ], [ -75.195244579127319, 39.947360635520297 ], [ -75.195793090628896, 39.947108742965177 ], [ -75.195761254054375, 39.947066393107264 ] ] ] } },
{ "type": "Feature", "properties": { "gid": 3017, "building_name": null, "num_birds_near": 2, "approx_hgt": 0.0, "lights_out": 0, "address": "1915 N 11TH ST" }, "geometry": { "type": "Polygon", "coordinates": [ [ [ -75.151561804672696, 39.981156924591041 ], [ -75.151350852922704, 39.981129726545497 ], [ -75.15136990264989, 39.981042287166602 ], [ -75.151580854170305, 39.981069484276603 ], [ -75.151561804672696, 39.981156924591041 ] ] ] } },
{ "type": "Feature", "properties": { "gid": 54581, "building_name": "Central Library IT - 19th Street Annex", "num_birds_near": 2, "approx_hgt": 92.0, "lights_out": 0, "address": "1901 VINE ST" }, "geometry": { "type": "Polygon", "coordinates": [ [ [ -75.171235542051491, 39.959906397603056 ], [ -75.170681969787083, 39.959837953233645 ], [ -75.170676931235477, 39.959850821725873 ], [ -75.170449663931919, 39.959823524927856 ], [ -75.170451937092324, 39.959812317896301 ], [ -75.170422589860337, 39.959808792750714 ], [ -75.170529755285045, 39.959253547168146 ], [ -75.170568517821977, 39.959251749085489 ], [ -75.170570999846461, 39.959239511485855 ], [ -75.170757301313571, 39.959261888314771 ], [ -75.170795927856773, 39.959283039480056 ], [ -75.171622669361028, 39.95937517896661 ], [ -75.171508893650113, 39.959946100370793 ], [ -75.171232754700824, 39.959920142051295 ], [ -75.171235542051491, 39.959906397603056 ] ], [ [ -75.171216062533986, 39.959605134329301 ], [ -75.171194205294924, 39.959709719892984 ], [ -75.171295902456123, 39.959722306397552 ], [ -75.171317760712597, 39.959617720840598 ], [ -75.171216062533986, 39.959605134329301 ] ], [ [ -75.170713391629079, 39.959549286181364 ], [ -75.170702998009176, 39.959651822829755 ], [ -75.170795687297385, 39.959661950207476 ], [ -75.170814436494965, 39.959560325831468 ], [ -75.170713391629079, 39.959549286181364 ] ] ] } },
{ "type": "Feature", "properties": { "gid": 387384, "building_name": "Drexel University Rec Center", "num_birds_near": 2, "approx_hgt": 87.0, "lights_out": 0, "address": "3301 MARKET ST" }, "geometry": { "type": "Polygon", "coordinates": [ [ [ -75.190932896122249, 39.956763035006595 ], [ -75.190678757355997, 39.956743245453417 ], [ -75.190622591195194, 39.956725514691918 ], [ -75.190619237597616, 39.956740164116908 ], [ -75.190555199987159, 39.956732196699434 ], [ -75.19055888874405, 39.956717290759251 ], [ -75.190494356158226, 39.956720628906446 ], [ -75.190276762645951, 39.956682078610498 ], [ -75.190336106332893, 39.956396295257036 ], [ -75.190250947059596, 39.956385244324892 ], [ -75.190274081402762, 39.956281159096172 ], [ -75.1897775379812, 39.956218963557227 ], [ -75.189792290995669, 39.956155742117744 ], [ -75.189766474662989, 39.956151372676139 ], [ -75.189758093696625, 39.955889231389769 ], [ -75.189743005477652, 39.955886661030107 ], [ -75.189760775543149, 39.955803649644629 ], [ -75.19020836857392, 39.955838603052982 ], [ -75.190905405304918, 39.955948601980253 ], [ -75.191154179239277, 39.955957597194377 ], [ -75.191139427324288, 39.955994091350171 ], [ -75.191163056559844, 39.955998463051444 ], [ -75.191158362456818, 39.956021850280138 ], [ -75.191184849284994, 39.956031359289256 ], [ -75.191172443455017, 39.956088156804654 ], [ -75.191097341885225, 39.956087385185221 ], [ -75.191073872490449, 39.956141869879247 ], [ -75.19106097246565, 39.956139297152035 ], [ -75.190932896122249, 39.956763035006595 ] ] ] } },
{ "type": "Feature", "properties": { "gid": 423134, "building_name": "Family Court", "num_birds_near": 2, "approx_hgt": 261.0, "lights_out": 0, "address": "1503A-11 ARCH ST" }, "geometry": { "type": "Polygon", "coordinates": [ [ [ -75.164795203700535, 39.955515295635166 ], [ -75.164967805792983, 39.95471841485989 ], [ -75.165443365871937, 39.954779419445437 ], [ -75.165269023802296, 39.955584357220467 ], [ -75.164795203700535, 39.955515295635166 ] ] ] } },
{ "type": "Feature", "properties": { "gid": 536975, "building_name": null, "num_birds_near": 2, "approx_hgt": 69.0, "lights_out": 0, "address": "1919-43 MARKET ST" }, "geometry": { "type": "Polygon", "coordinates": [ [ [ -75.17299446509368, 39.953891583701051 ], [ -75.172934061910098, 39.954159039855448 ], [ -75.172284994972003, 39.954075017251931 ], [ -75.17233852579291, 39.953808522402085 ], [ -75.17299446509368, 39.953891583701051 ] ] ] } },
{ "type": "Feature", "properties": { "gid": 3016, "building_name": null, "num_birds_near": 2, "approx_hgt": 5.0, "lights_out": 0, "address": "1915 N 11TH ST" }, "geometry": { "type": "Polygon", "coordinates": [ [ [ -75.151476867722423, 39.982007375000599 ], [ -75.151589735686713, 39.982021506226481 ], [ -75.151516368102861, 39.98235701261914 ], [ -75.151439127925656, 39.982347016501194 ], [ -75.151421680292827, 39.982426801093048 ], [ -75.151075716459843, 39.982382027936588 ], [ -75.15109538900866, 39.982294736949122 ], [ -75.151409900678317, 39.98233543881328 ], [ -75.151476867722423, 39.982007375000599 ] ] ] } },
{ "type": "Feature", "properties": { "gid": 538331, "building_name": "Two Commerce Square", "num_birds_near": 2, "approx_hgt": 555.0, "lights_out": 1, "address": "2001 MARKET ST" }, "geometry": { "type": "Polygon", "coordinates": [ [ [ -75.174033676775693, 39.954418250175763 ], [ -75.173996086568124, 39.954594729530626 ], [ -75.173189575752204, 39.954493658383932 ], [ -75.173242518394161, 39.954287346550203 ], [ -75.173231230836635, 39.954285932481767 ], [ -75.173292561941395, 39.953996080773244 ], [ -75.173314532178253, 39.953998834042444 ], [ -75.173299942199137, 39.953966296938603 ], [ -75.173312346570583, 39.953907670156461 ], [ -75.173334922699382, 39.953910499202628 ], [ -75.173319600196564, 39.953877396929997 ], [ -75.173331653679654, 39.953820427333426 ], [ -75.173344017785823, 39.95382197730185 ], [ -75.173333692308489, 39.953792789549397 ], [ -75.173345361928654, 39.9537376367782 ], [ -75.173899779508858, 39.953814213613612 ], [ -75.173891178368464, 39.953854867794021 ], [ -75.173942537751984, 39.953861303871669 ], [ -75.173931454773395, 39.95391368754543 ], [ -75.173963802479577, 39.953947908208271 ], [ -75.174033235698573, 39.953956608929431 ], [ -75.174008141430505, 39.954031402359149 ], [ -75.173901969845375, 39.954018097701898 ], [ -75.173882824577362, 39.95402788159199 ], [ -75.173874102226094, 39.954069106993657 ], [ -75.173908085941292, 39.954073366141955 ], [ -75.173846858606993, 39.95436274111718 ], [ -75.173822017117502, 39.954359627935688 ], [ -75.173986178589018, 39.954385432752957 ], [ -75.173980641387402, 39.954411603514878 ], [ -75.174033676775693, 39.954418250175763 ] ] ] } },
{ "type": "Feature", "properties": { "gid": 497110, "building_name": "American College of Physicians", "num_birds_near": 2, "approx_hgt": 137.0, "lights_out": 0, "address": "190 N INDEPENDENCE W MALL" }, "geometry": { "type": "Polygon", "coordinates": [ [ [ -75.150338999543635, 39.954311393056216 ], [ -75.150272950283437, 39.954626475095807 ], [ -75.150179730329029, 39.954615558441418 ], [ -75.15018717102356, 39.954577304072117 ], [ -75.14998951858567, 39.954576247956822 ], [ -75.149846119842962, 39.954536253051074 ], [ -75.149854417909992, 39.954493588729257 ], [ -75.149805302621814, 39.954487930636091 ], [ -75.149841541296126, 39.95430160973477 ], [ -75.149896238684292, 39.954307910632409 ], [ -75.149905582227959, 39.954259861194686 ], [ -75.150338999543635, 39.954311393056216 ] ] ] } },
{ "type": "Feature", "properties": { "gid": 538349, "building_name": "1760 Market", "num_birds_near": 2, "approx_hgt": 212.0, "lights_out": 0, "address": "1742-60 MARKET ST" }, "geometry": { "type": "Polygon", "coordinates": [ [ [ -75.169754695704057, 39.953018234725576 ], [ -75.16985363561794, 39.952539180891605 ], [ -75.170046023343247, 39.95256502542108 ], [ -75.169937660310282, 39.953042814151999 ], [ -75.169754695704057, 39.953018234725576 ] ] ] } },
{ "type": "Feature", "properties": { "gid": 462846, "building_name": null, "num_birds_near": 2, "approx_hgt": 31.0, "lights_out": 0, "address": "3812 LANCASTER AVE" }, "geometry": { "type": "Polygon", "coordinates": [ [ [ -75.197606828718975, 39.960105402796735 ], [ -75.197674884248485, 39.960122024143203 ], [ -75.197612961353869, 39.960287376384784 ], [ -75.197465415355225, 39.960452762397438 ], [ -75.197410385648212, 39.960419462156686 ], [ -75.197550032581276, 39.960263563731424 ], [ -75.197606828718975, 39.960105402796735 ] ] ] } },
{ "type": "Feature", "properties": { "gid": 39189, "building_name": null, "num_birds_near": 2, "approx_hgt": 52.0, "lights_out": 0, "address": "305 N FRONT ST" }, "geometry": { "type": "Polygon", "coordinates": [ [ [ -75.140082729029444, 39.955711174955567 ], [ -75.140100022528387, 39.955656205201983 ], [ -75.140240866179369, 39.955674434217386 ], [ -75.140224348440185, 39.955728626939283 ], [ -75.140082729029444, 39.955711174955567 ] ] ] } },
{ "type": "Feature", "properties": { "gid": 538693, "building_name": "New Patient Pavilion", "num_birds_near": 2, "approx_hgt": 310.0, "lights_out": 0, "address": "1 CONVENTION AVE" }, "geometry": { "type": "Polygon", "coordinates": [ [ [ -75.190967532584665, 39.947935137852248 ], [ -75.191155779096377, 39.947779137880858 ], [ -75.191231454506223, 39.947763836786926 ], [ -75.191309944867825, 39.947785136060318 ], [ -75.191607786432328, 39.948190768292939 ], [ -75.191642788714717, 39.948204422623554 ], [ -75.191726615651248, 39.948133344210909 ], [ -75.191844241747447, 39.948208271743347 ], [ -75.191757062528126, 39.948278965523961 ], [ -75.19202129417458, 39.948467466639656 ], [ -75.192635756874296, 39.948953470871217 ], [ -75.192654875880876, 39.949024363050924 ], [ -75.192625118227966, 39.949091310160917 ], [ -75.192515005441066, 39.949146449978493 ], [ -75.192358539166406, 39.94912961173582 ], [ -75.192262799974742, 39.949079378388731 ], [ -75.192193604944265, 39.949021765706107 ], [ -75.191907536372042, 39.948899813794547 ], [ -75.190848836809323, 39.948152343255622 ], [ -75.190818438586177, 39.948091018230159 ], [ -75.190834126494494, 39.948016609039527 ], [ -75.190893078872321, 39.947964524443606 ], [ -75.190967532584665, 39.947935137852248 ] ] ] } },
{ "type": "Feature", "properties": { "gid": 10518, "building_name": null, "num_birds_near": 2, "approx_hgt": 164.0, "lights_out": 0, "address": "407 N 20TH ST" }, "geometry": { "type": "Polygon", "coordinates": [ [ [ -75.171382335812027, 39.961454796791415 ], [ -75.17083583645875, 39.961386953018625 ], [ -75.170856288809162, 39.961292384004892 ], [ -75.170883110686077, 39.961295210728643 ], [ -75.170903898601054, 39.961200127566649 ], [ -75.171339421343745, 39.961243815281577 ], [ -75.171355179046529, 39.961202698615466 ], [ -75.171432962518793, 39.961211692975468 ], [ -75.171382335812027, 39.961454796791415 ] ] ] } },
{ "type": "Feature", "properties": { "gid": 439738, "building_name": "One Commerce Square", "num_birds_near": 2, "approx_hgt": 528.0, "lights_out": 1, "address": "2005 MARKET ST" }, "geometry": { "type": "Polygon", "coordinates": [ [ [ -75.173996086568124, 39.954594729530626 ], [ -75.174033676775693, 39.954418250175763 ], [ -75.174086712208378, 39.954424895911984 ], [ -75.174091984042192, 39.9543999797013 ], [ -75.174267954330219, 39.95441104655923 ], [ -75.174271475941751, 39.954394402868928 ], [ -75.17423826924167, 39.954390241470371 ], [ -75.17429779762665, 39.95410888771697 ], [ -75.174332246315529, 39.95411320493325 ], [ -75.174338612269736, 39.954083111743849 ], [ -75.174219734800857, 39.95405719444107 ], [ -75.174231223772424, 39.953979675339518 ], [ -75.174302094913671, 39.953988556852821 ], [ -75.17434372276719, 39.953965910331739 ], [ -75.174355207763753, 39.953911622805116 ], [ -75.174408515464435, 39.953918303346263 ], [ -75.174417257329821, 39.953876986446097 ], [ -75.174966908005729, 39.953937886073732 ], [ -75.174956021172136, 39.953989347092801 ], [ -75.17493192476482, 39.954013097401791 ], [ -75.174950435524508, 39.954015416793311 ], [ -75.174938473437678, 39.954071956098176 ], [ -75.174911403187323, 39.954095121561053 ], [ -75.174932958689269, 39.954097822860113 ], [ -75.174920515831147, 39.954156636334609 ], [ -75.174894052521509, 39.954181486795299 ], [ -75.174913637653106, 39.954183941135589 ], [ -75.174901230373834, 39.954275020613373 ], [ -75.174853842893029, 39.954465994666762 ], [ -75.174838017860054, 39.954464012167556 ], [ -75.174847805222797, 39.954490520694861 ], [ -75.174835571914954, 39.954548342348822 ], [ -75.174817644783772, 39.954546096412138 ], [ -75.174828118842328, 39.954573391623036 ], [ -75.174816242199427, 39.954629524678793 ], [ -75.174794355614267, 39.954626781689988 ], [ -75.174807547587974, 39.954653073826989 ], [ -75.174795351387118, 39.954710717910665 ], [ -75.17455713416625, 39.954680866582855 ], [ -75.174560396308024, 39.954665445137479 ], [ -75.173996086568124, 39.954594729530626 ] ] ] } },
{ "type": "Feature", "properties": { "gid": 393924, "building_name": null, "num_birds_near": 2, "approx_hgt": 40.0, "lights_out": 0, "address": "307 S 39TH ST" }, "geometry": { "type": "Polygon", "coordinates": [ [ [ -75.20074655241514, 39.951011695023112 ], [ -75.200642784198052, 39.9510008994421 ], [ -75.200658039104368, 39.950910428116543 ], [ -75.20047393933929, 39.950960215292625 ], [ -75.200458495697546, 39.950930447028043 ], [ -75.20047497243695, 39.950925382917482 ], [ -75.200452577816591, 39.950882214488317 ], [ -75.200727106519253, 39.950797853751432 ], [ -75.200782426442927, 39.950830367006411 ], [ -75.20074655241514, 39.951011695023112 ] ] ] } },
{ "type": "Feature", "properties": { "gid": 368611, "building_name": null, "num_birds_near": 2, "approx_hgt": 25.0, "lights_out": 0, "address": "1348 S 33RD ST" }, "geometry": { "type": "Polygon", "coordinates": [ [ [ -75.198360026935546, 39.936993265448613 ], [ -75.198170548259228, 39.936952197313239 ], [ -75.198187016863827, 39.936907209891402 ], [ -75.198376409011104, 39.936948522051082 ], [ -75.198360026935546, 39.936993265448613 ] ] ] } },
{ "type": "Feature", "properties": { "gid": 398454, "building_name": "Hillel at Steinhardt Hall", "num_birds_near": 2, "approx_hgt": 48.0, "lights_out": 0, "address": "3830R WALNUT ST" }, "geometry": { "type": "Polygon", "coordinates": [ [ [ -75.199830982866089, 39.953221829660045 ], [ -75.199817565216961, 39.953195282398056 ], [ -75.199858722965971, 39.952990340527265 ], [ -75.19993190047262, 39.952975904313767 ], [ -75.200088223394559, 39.952994498387234 ], [ -75.200250691784603, 39.953062251579411 ], [ -75.200246019673259, 39.953159794030199 ], [ -75.200221879438828, 39.95318857968941 ], [ -75.200207127302733, 39.953262599006536 ], [ -75.199830982866089, 39.953221829660045 ] ] ] } },
{ "type": "Feature", "properties": { "gid": 540128, "building_name": null, "num_birds_near": 2, "approx_hgt": 92.0, "lights_out": 0, "address": "3126-38 MARKET ST" }, "geometry": { "type": "Polygon", "coordinates": [ [ [ -75.186880700343664, 39.954938134624967 ], [ -75.186834997912797, 39.955138178669209 ], [ -75.186608423067952, 39.955013556336944 ], [ -75.186581600259217, 39.955044659775076 ], [ -75.186759334006638, 39.955144611396697 ], [ -75.186294247563751, 39.955088645572424 ], [ -75.186412971196177, 39.954507366634758 ], [ -75.186749180460879, 39.954547825491247 ], [ -75.186772921194375, 39.954523558470292 ], [ -75.186952514632097, 39.954545168211183 ], [ -75.186687880415917, 39.95482825392974 ], [ -75.186880700343664, 39.954938134624967 ] ] ] } },
{ "type": "Feature", "properties": { "gid": 402827, "building_name": null, "num_birds_near": 2, "approx_hgt": 50.0, "lights_out": 0, "address": "2300 DELANCEY PL" }, "geometry": { "type": "Polygon", "coordinates": [ [ [ -75.179297422160971, 39.947816427982666 ], [ -75.17934330764416, 39.947810221310142 ], [ -75.179362244943647, 39.947825174534245 ], [ -75.179325498887493, 39.948013501766894 ], [ -75.179248170661353, 39.948004547887514 ], [ -75.179269464103044, 39.947943736651062 ], [ -75.179246340720638, 39.94794106225514 ], [ -75.179257520097863, 39.947883830192765 ], [ -75.179280923259839, 39.947886535184978 ], [ -75.179297422160971, 39.947816427982666 ] ] ] } },
{ "type": "Feature", "properties": { "gid": 491328, "building_name": "The ARCH", "num_birds_near": 2, "approx_hgt": 66.0, "lights_out": 0, "address": "3600-90 WALNUT ST" }, "geometry": { "type": "Polygon", "coordinates": [ [ [ -75.195071088945596, 39.952429856305841 ], [ -75.195119598172042, 39.952193016409865 ], [ -75.195100462339326, 39.952190630490591 ], [ -75.195118080073811, 39.952106923962603 ], [ -75.195539467843602, 39.952165442803476 ], [ -75.195517527486118, 39.95226969154659 ], [ -75.195500019484157, 39.952267508633184 ], [ -75.195470253778581, 39.952408939675671 ], [ -75.195362377409012, 39.952395491702603 ], [ -75.195392586633687, 39.952251954099772 ], [ -75.19537837280366, 39.952250182411021 ], [ -75.195362475733845, 39.952325715532126 ], [ -75.195325520708749, 39.952321108248412 ], [ -75.195306654527343, 39.952410748049438 ], [ -75.195342428049713, 39.952415207388178 ], [ -75.195329444297442, 39.952476899274394 ], [ -75.195288929298727, 39.95247184868645 ], [ -75.19529271366828, 39.952453867815493 ], [ -75.195071088945596, 39.952429856305841 ] ] ] } },
{ "type": "Feature", "properties": { "gid": 4001, "building_name": "Temple Towers", "num_birds_near": 2, "approx_hgt": 54.0, "lights_out": 0, "address": "1200-50 CECIL B MOORE AVE" }, "geometry": { "type": "Polygon", "coordinates": [ [ [ -75.155024692482897, 39.978121202971742 ], [ -75.155020262940326, 39.978141528830548 ], [ -75.154889321251346, 39.978124640435169 ], [ -75.154896105340512, 39.978093514191897 ], [ -75.154841691078346, 39.978086495384794 ], [ -75.154834446578164, 39.978119739412264 ], [ -75.154750480279006, 39.978108909431207 ], [ -75.154744281021138, 39.978137356658564 ], [ -75.154412527628537, 39.978094566104488 ], [ -75.154421898573759, 39.978051562638761 ], [ -75.15430945220794, 39.978047030418047 ], [ -75.154335863742688, 39.977968606056905 ], [ -75.154285314190616, 39.977962086172681 ], [ -75.154341669903928, 39.977703487209659 ], [ -75.154378948497509, 39.977708295876674 ], [ -75.154393131078038, 39.977643215534279 ], [ -75.154434584202235, 39.977648562817521 ], [ -75.154442001642707, 39.977614536136464 ], [ -75.154592182280155, 39.977633907350068 ], [ -75.154584412374959, 39.977669558708072 ], [ -75.154625637141621, 39.977674875527889 ], [ -75.154597644712268, 39.977803322848246 ], [ -75.154559394089716, 39.977798388649944 ], [ -75.154531519077977, 39.977926302508664 ], [ -75.154697743835229, 39.977947742106636 ], [ -75.154703988590413, 39.977919085072891 ], [ -75.15487352204012, 39.977940951549876 ], [ -75.154866479165889, 39.977973272092385 ], [ -75.15491811280755, 39.977979927062577 ], [ -75.154927819670348, 39.977935387719178 ], [ -75.155063027686836, 39.977952825773471 ], [ -75.155053331991454, 39.977997320328022 ], [ -75.155091165561345, 39.978002199876251 ], [ -75.155098314805628, 39.977969391574973 ], [ -75.155267268137166, 39.977991182175558 ], [ -75.155260932832263, 39.978020253456819 ], [ -75.155428145159675, 39.978041819738387 ], [ -75.155455620828107, 39.977915732037076 ], [ -75.155415646384128, 39.97791057624184 ], [ -75.15544429792017, 39.977779091916936 ], [ -75.155489597141425, 39.977784934844472 ], [ -75.155496772908535, 39.9777520090894 ], [ -75.155646274730302, 39.977771290579582 ], [ -75.155639137230679, 39.977804044212618 ], [ -75.155680927387778, 39.977809433801582 ], [ -75.155667238816406, 39.977872252183396 ], [ -75.155704264736414, 39.977877026771608 ], [ -75.155647415750337, 39.978137910029041 ], [ -75.155593590942317, 39.97813115539082 ], [ -75.155579877950828, 39.978213004471414 ], [ -75.15548328282955, 39.978192817155325 ], [ -75.155475711928219, 39.978232589806247 ], [ -75.155135670155772, 39.978188732754923 ], [ -75.155141751389621, 39.978160826153555 ], [ -75.155060424731062, 39.978150336311323 ], [ -75.155067498709741, 39.978117874101514 ], [ -75.155024692482897, 39.978121202971742 ] ] ] } },
{ "type": "Feature", "properties": { "gid": 491008, "building_name": "McNeil Science and Technology Center", "num_birds_near": 2, "approx_hgt": 67.0, "lights_out": 0, "address": "4306-24 WOODLAND AVE" }, "geometry": { "type": "Polygon", "coordinates": [ [ [ -75.207832858963513, 39.945307852095539 ], [ -75.207794301618236, 39.945333296805927 ], [ -75.207744346428541, 39.945290369501123 ], [ -75.207767421268983, 39.94527294022263 ], [ -75.207751473518726, 39.945263604637617 ], [ -75.207729929677058, 39.945282914903309 ], [ -75.207339124039478, 39.945054142170491 ], [ -75.207389671603678, 39.945002986633298 ], [ -75.207361093725652, 39.944986256678241 ], [ -75.207425019634499, 39.944921561927472 ], [ -75.207455248670058, 39.944939338494187 ], [ -75.207501306992029, 39.944891714429431 ], [ -75.207884939118159, 39.945116286625407 ], [ -75.207903521113565, 39.945097481018564 ], [ -75.207893883239905, 39.944996831802378 ], [ -75.208053474615113, 39.944987065703842 ], [ -75.208063529742333, 39.945090398323259 ], [ -75.208085658807576, 39.945109418779857 ], [ -75.208118514764735, 39.945086800201324 ], [ -75.208425625311108, 39.945344872209063 ], [ -75.208367195844332, 39.945389164486507 ], [ -75.208390666066805, 39.945405100738533 ], [ -75.208309528982539, 39.945461136195966 ], [ -75.208290082784401, 39.945442114874808 ], [ -75.208229152314118, 39.945482131367399 ], [ -75.208133599325009, 39.945399876796181 ], [ -75.208117505793382, 39.945427637688972 ], [ -75.208026982205212, 39.945405016481793 ], [ -75.207832858963513, 39.945307852095539 ] ] ] } },
{ "type": "Feature", "properties": { "gid": 419027, "building_name": null, "num_birds_near": 2, "approx_hgt": 310.0, "lights_out": 0, "address": "2400 CHESTNUT ST" }, "geometry": { "type": "Polygon", "coordinates": [ [ [ -75.180047900109273, 39.952779442559752 ], [ -75.179626444890914, 39.952724727745732 ], [ -75.179625438668921, 39.952698191183089 ], [ -75.179572800444149, 39.952692086684422 ], [ -75.179567520333833, 39.95271656682818 ], [ -75.179553605526891, 39.952718687730709 ], [ -75.179325283979551, 39.952688680519451 ], [ -75.179349373227353, 39.952585388921484 ], [ -75.179332027904678, 39.952583092749499 ], [ -75.179430644504677, 39.9522029232973 ], [ -75.180159533119067, 39.952287739894096 ], [ -75.180047900109273, 39.952779442559752 ] ] ] } },
{ "type": "Feature", "properties": { "gid": 488599, "building_name": null, "num_birds_near": 2, "approx_hgt": 19.0, "lights_out": 0, "address": "2250 S CHRIS COLUMBUS BLV" }, "geometry": { "type": "Polygon", "coordinates": [ [ [ -75.139680709059022, 39.917345557959706 ], [ -75.139527696344572, 39.917069387879167 ], [ -75.139917647063669, 39.916941284978265 ], [ -75.140072469987288, 39.917220718674848 ], [ -75.139680709059022, 39.917345557959706 ] ] ] } },
{ "type": "Feature", "properties": { "gid": 36593, "building_name": null, "num_birds_near": 2, "approx_hgt": 24.0, "lights_out": 0, "address": "1539 E PALMER ST" }, "geometry": { "type": "Polygon", "coordinates": [ [ [ -75.131385251932571, 39.975081650955687 ], [ -75.131331867410012, 39.975063013996312 ], [ -75.131401919866448, 39.974939546296632 ], [ -75.131457874186594, 39.974959478977553 ], [ -75.131385251932571, 39.975081650955687 ] ] ] } },
{ "type": "Feature", "properties": { "gid": 543379, "building_name": null, "num_birds_near": 2, "approx_hgt": 63.0, "lights_out": 0, "address": "1325-49 S 33RD ST" }, "geometry": { "type": "Polygon", "coordinates": [ [ [ -75.197535533259426, 39.937213454633977 ], [ -75.197566220823305, 39.9370548219512 ], [ -75.19758624831843, 39.937057943692693 ], [ -75.197622976774582, 39.936832890914111 ], [ -75.19801775682491, 39.936882508551513 ], [ -75.197884780983316, 39.937258772371848 ], [ -75.197535533259426, 39.937213454633977 ] ] ] } },
{ "type": "Feature", "properties": { "gid": 543421, "building_name": null, "num_birds_near": 2, "approx_hgt": 111.0, "lights_out": 0, "address": "1000 S BROAD ST" }, "geometry": { "type": "Polygon", "coordinates": [ [ [ -75.168352396454551, 39.938191693648243 ], [ -75.168295309152057, 39.938451026568401 ], [ -75.168278248435755, 39.938449753192216 ], [ -75.168206609657901, 39.938792714902903 ], [ -75.167092586205428, 39.938656288638342 ], [ -75.167033288726088, 39.938661742223189 ], [ -75.167026371905592, 39.938681275382685 ], [ -75.166806869806337, 39.938655284498218 ], [ -75.166864143089427, 39.938342283903857 ], [ -75.16695973679353, 39.938021235401997 ], [ -75.168352396454551, 39.938191693648243 ] ] ] } },
{ "type": "Feature", "properties": { "gid": 96697, "building_name": "Sewer Maintenance Headquarters", "num_birds_near": 2, "approx_hgt": 26.0, "lights_out": 0, "address": "3257 FOX ST" }, "geometry": { "type": "Polygon", "coordinates": [ [ [ -75.176402587246713, 40.013492877516668 ], [ -75.176154138212553, 40.013224328372921 ], [ -75.176190478751906, 40.013204450555911 ], [ -75.176163438350542, 40.013175222873215 ], [ -75.176129127257411, 40.01319399018805 ], [ -75.175957896069747, 40.013008904997683 ], [ -75.175987025923803, 40.012992970565485 ], [ -75.175817843181207, 40.012810098000088 ], [ -75.175905415530835, 40.012762197076555 ], [ -75.176075899658969, 40.01294647543002 ], [ -75.176124959794151, 40.012919640510617 ], [ -75.176166914850754, 40.012964990967923 ], [ -75.176192555354206, 40.012950965879178 ], [ -75.176320704940096, 40.013089483039181 ], [ -75.176241639067143, 40.013132730267181 ], [ -75.176270709011106, 40.013164152337062 ], [ -75.176299589572793, 40.013180850374695 ], [ -75.176409400675212, 40.013120784852042 ], [ -75.176618421795197, 40.013346714909211 ], [ -75.176502881212798, 40.013409914750433 ], [ -75.176521544675452, 40.013430087738868 ], [ -75.176402587246713, 40.013492877516668 ] ] ] } },
{ "type": "Feature", "properties": { "gid": 404945, "building_name": "One Parkway Building (OPB)", "num_birds_near": 2, "approx_hgt": 262.0, "lights_out": 0, "address": "1515 ARCH ST" }, "geometry": { "type": "Polygon", "coordinates": [ [ [ -75.166127925134674, 39.955371303119499 ], [ -75.165494480210043, 39.955289706951781 ], [ -75.165594285429535, 39.954830828574778 ], [ -75.165949014807893, 39.954876523222715 ], [ -75.165928782627688, 39.954969544895178 ], [ -75.166087482737552, 39.954989986905638 ], [ -75.166093619473386, 39.954961771148618 ], [ -75.166117533709894, 39.954964851603499 ], [ -75.16614130227434, 39.954967914355777 ], [ -75.166135194699535, 39.954996133474857 ], [ -75.166207593371411, 39.955005459852217 ], [ -75.166127925134674, 39.955371303119499 ] ] ] } },
{ "type": "Feature", "properties": { "gid": 412481, "building_name": null, "num_birds_near": 2, "approx_hgt": 55.0, "lights_out": 0, "address": "115 N 34TH ST" }, "geometry": { "type": "Polygon", "coordinates": [ [ [ -75.190594208626251, 39.958436813760116 ], [ -75.190634472898722, 39.958424396133175 ], [ -75.190785956893961, 39.958442053163914 ], [ -75.190772699295152, 39.958516965303573 ], [ -75.190725954527323, 39.95851844073561 ], [ -75.190732404994407, 39.958584040969583 ], [ -75.190718182206339, 39.95860914104901 ], [ -75.190755310100826, 39.958607969145234 ], [ -75.190757107316628, 39.958641691567813 ], [ -75.190704249996159, 39.95868834494317 ], [ -75.190682764148548, 39.958674449594731 ], [ -75.190611157031043, 39.95868971340785 ], [ -75.190594811034984, 39.958624666346687 ], [ -75.190594208626251, 39.958436813760116 ] ] ] } },
{ "type": "Feature", "properties": { "gid": 545284, "building_name": null, "num_birds_near": 2, "approx_hgt": 4.0, "lights_out": 0, "address": "1619-25 ARCH ST" }, "geometry": { "type": "Polygon", "coordinates": [ [ [ -75.167507465664187, 39.955383625429434 ], [ -75.166940698390661, 39.95498785491192 ], [ -75.16750985861259, 39.955061640994657 ], [ -75.167414653600034, 39.955302726923151 ], [ -75.167507465664187, 39.955383625429434 ] ] ] } },
{ "type": "Feature", "properties": { "gid": 545412, "building_name": null, "num_birds_near": 2, "approx_hgt": 304.0, "lights_out": 0, "address": "2222 MARKET ST" }, "geometry": { "type": "Polygon", "coordinates": [ [ [ -75.177790725201746, 39.95375125207277 ], [ -75.177730499205353, 39.954023593293435 ], [ -75.17704921115407, 39.953935970312578 ], [ -75.177066503949106, 39.953834055676801 ], [ -75.177038464260647, 39.953830627278286 ], [ -75.177043009142622, 39.953808615725208 ], [ -75.177026066023146, 39.953806543573144 ], [ -75.177034532561976, 39.953765529378231 ], [ -75.176961382137506, 39.953752251951926 ], [ -75.176981805974947, 39.953654686460638 ], [ -75.177790725201746, 39.95375125207277 ] ] ] } },
{ "type": "Feature", "properties": { "gid": 413667, "building_name": null, "num_birds_near": 2, "approx_hgt": 195.0, "lights_out": 0, "address": "1806-18 RITTENHOUSE SQ" }, "geometry": { "type": "Polygon", "coordinates": [ [ [ -75.171360772883688, 39.948515223259065 ], [ -75.171409011253814, 39.948290287958713 ], [ -75.171524634044246, 39.948304568051839 ], [ -75.171533420033725, 39.948262424306144 ], [ -75.171959269082379, 39.948315610475838 ], [ -75.171935194674106, 39.948431088160355 ], [ -75.171959458844213, 39.94843291298919 ], [ -75.171928081843106, 39.948586184365439 ], [ -75.171360772883688, 39.948515223259065 ] ] ] } },
{ "type": "Feature", "properties": { "gid": 545568, "building_name": null, "num_birds_near": 2, "approx_hgt": null, "lights_out": 0, "address": "500-06 WALNUT ST" }, "geometry": { "type": "Polygon", "coordinates": [ [ [ -75.149984332279217, 39.947014192056152 ], [ -75.149881364395014, 39.947001865510693 ], [ -75.149829326202905, 39.947236207461785 ], [ -75.14981090323505, 39.947234291408066 ], [ -75.149888401738551, 39.94730476899182 ], [ -75.149850318278069, 39.94748968749429 ], [ -75.149718088840842, 39.947474034936533 ], [ -75.149673802809474, 39.947297202577595 ], [ -75.149718417847836, 39.947162691909654 ], [ -75.149679907221326, 39.947010167510314 ], [ -75.14969634355009, 39.947007555979489 ], [ -75.149717660075353, 39.946906818861841 ], [ -75.149806149940687, 39.94691967780242 ], [ -75.14981464121756, 39.9468822194547 ], [ -75.149905490186242, 39.946893082886014 ], [ -75.149899860305155, 39.946919367706379 ], [ -75.150001593952851, 39.946931976209157 ], [ -75.149984332279217, 39.947014192056152 ] ] ] } },
{ "type": "Feature", "properties": { "gid": 473164, "building_name": "The Summit", "num_birds_near": 2, "approx_hgt": 270.0, "lights_out": 0, "address": "3400 LANCASTER AVE" }, "geometry": { "type": "Polygon", "coordinates": [ [ [ -75.192221166306012, 39.957699466674512 ], [ -75.191322795783037, 39.957232482981937 ], [ -75.191324504573501, 39.957215120861896 ], [ -75.19128057600004, 39.957192393412974 ], [ -75.191256843236189, 39.957200738042111 ], [ -75.191303748324287, 39.95700130947732 ], [ -75.191561466821284, 39.956916587746839 ], [ -75.191377153556147, 39.956820861531874 ], [ -75.191398581370507, 39.956686907527086 ], [ -75.191487248605597, 39.956695105765284 ], [ -75.191772300025946, 39.95684311947462 ], [ -75.191796695519827, 39.956835234619795 ], [ -75.192263920940718, 39.957077992344729 ], [ -75.192251494562854, 39.95709212776287 ], [ -75.192620779730575, 39.957284082724776 ], [ -75.192262510156624, 39.957701021039199 ], [ -75.192233155427473, 39.957685815258998 ], [ -75.192221166306012, 39.957699466674512 ] ], [ [ -75.192454075021885, 39.957439877470861 ], [ -75.192289740224808, 39.957353852443653 ], [ -75.192269710409064, 39.957376513039264 ], [ -75.192434045235558, 39.957462538095129 ], [ -75.192454075021885, 39.957439877470861 ] ], [ [ -75.192253474756413, 39.957332229682613 ], [ -75.192152578743602, 39.957282919470167 ], [ -75.192135684817757, 39.957303390244327 ], [ -75.192133606369794, 39.957317732966587 ], [ -75.192225709862313, 39.957362745763263 ], [ -75.192253474756413, 39.957332229682613 ] ] ] } },
{ "type": "Feature", "properties": { "gid": 99898, "building_name": null, "num_birds_near": 2, "approx_hgt": 32.0, "lights_out": 0, "address": "5834 PULASKI AVE" }, "geometry": { "type": "Polygon", "coordinates": [ [ [ -75.18245461513348, 40.031629065900837 ], [ -75.182111743269573, 40.031427515219029 ], [ -75.18234657757111, 40.031200819430602 ], [ -75.182378648653099, 40.031220451357761 ], [ -75.18248566132111, 40.031121429539112 ], [ -75.182633279399255, 40.03121179242541 ], [ -75.182694108785796, 40.03115653318406 ], [ -75.182794408543998, 40.031217930190962 ], [ -75.182734305703008, 40.031275951994047 ], [ -75.182786112556769, 40.031307855236165 ], [ -75.18245461513348, 40.031629065900837 ] ] ] } },
{ "type": "Feature", "properties": { "gid": 515173, "building_name": null, "num_birds_near": 2, "approx_hgt": 50.0, "lights_out": 0, "address": "3306 ARCH ST" }, "geometry": { "type": "Polygon", "coordinates": [ [ [ -75.189918134473373, 39.957352905557727 ], [ -75.190063604826605, 39.957368547182746 ], [ -75.190051968616785, 39.957432635602821 ], [ -75.190068480426504, 39.957434410559507 ], [ -75.190057050761951, 39.95749736741994 ], [ -75.190035640226185, 39.95749506507164 ], [ -75.19002803966255, 39.957587648690705 ], [ -75.189880060583874, 39.95757173750215 ], [ -75.189884905042376, 39.9574764253978 ], [ -75.189867232979722, 39.957474525409395 ], [ -75.189878538768241, 39.957412250564744 ], [ -75.18989548318342, 39.95741407214274 ], [ -75.189918134473373, 39.957352905557727 ] ] ] } },
{ "type": "Feature", "properties": { "gid": 516363, "building_name": null, "num_birds_near": 2, "approx_hgt": null, "lights_out": 0, "address": null }, "geometry": { "type": "Polygon", "coordinates": [ [ [ -75.17089559768624, 39.955297747625551 ], [ -75.170890683675097, 39.955320421933223 ], [ -75.170750755794202, 39.955302459421802 ], [ -75.170755669850777, 39.95527978512019 ], [ -75.17089559768624, 39.955297747625551 ] ] ] } },
{ "type": "Feature", "properties": { "gid": 518026, "building_name": "Colonial Penn Center", "num_birds_near": 2, "approx_hgt": 55.0, "lights_out": 0, "address": "3600-90 WALNUT ST" }, "geometry": { "type": "Polygon", "coordinates": [ [ [ -75.196653419534442, 39.952540383192719 ], [ -75.196642279415229, 39.952539092744914 ], [ -75.196637249113664, 39.952564816184946 ], [ -75.196489434197019, 39.952547692508254 ], [ -75.196504813386483, 39.952469054577328 ], [ -75.196522148896335, 39.952471063205756 ], [ -75.196555767448871, 39.952299170932356 ], [ -75.196697386448989, 39.952315576365478 ], [ -75.196653419534442, 39.952540383192719 ] ] ] } },
{ "type": "Feature", "properties": { "gid": 518027, "building_name": null, "num_birds_near": 2, "approx_hgt": 32.0, "lights_out": 0, "address": "3600-90 WALNUT ST" }, "geometry": { "type": "Polygon", "coordinates": [ [ [ -75.196033942849709, 39.952407348139246 ], [ -75.196067399950934, 39.952250901924181 ], [ -75.196226794357884, 39.95227109240308 ], [ -75.196193338783573, 39.952427538690969 ], [ -75.196033942849709, 39.952407348139246 ] ] ] } },
{ "type": "Feature", "properties": { "gid": 518874, "building_name": null, "num_birds_near": 2, "approx_hgt": 2.0, "lights_out": 0, "address": "3001-23 MARKET ST" }, "geometry": { "type": "Polygon", "coordinates": [ [ [ -75.183342698633524, 39.955061048523511 ], [ -75.183349358240847, 39.955001849898132 ], [ -75.183618195203309, 39.955035768345923 ], [ -75.183605741202129, 39.955094235467534 ], [ -75.183342698633524, 39.955061048523511 ] ] ] } },
{ "type": "Feature", "properties": { "gid": 474509, "building_name": "Tyree Ame Church", "num_birds_near": 1, "approx_hgt": 38.0, "lights_out": 0, "address": "3800-04 HAMILTON ST" }, "geometry": { "type": "Polygon", "coordinates": [ [ [ -75.197097612646743, 39.961173908716972 ], [ -75.197289269015641, 39.961152168868161 ], [ -75.197294935797643, 39.961181746105204 ], [ -75.19731237651483, 39.961179768160271 ], [ -75.197321524927176, 39.961227526755074 ], [ -75.197307972833457, 39.961229064144106 ], [ -75.197346457031344, 39.961429958833307 ], [ -75.197136284085374, 39.961445797815891 ], [ -75.197097612646743, 39.961173908716972 ] ] ] } },
{ "type": "Feature", "properties": { "gid": 474822, "building_name": null, "num_birds_near": 1, "approx_hgt": 22.0, "lights_out": 0, "address": "236 TASKER ST" }, "geometry": { "type": "Polygon", "coordinates": [ [ [ -75.149908202140708, 39.92799402583335 ], [ -75.149859590606283, 39.927987814735218 ], [ -75.14988288911492, 39.927921773101893 ], [ -75.149931194893199, 39.927931998503837 ], [ -75.149908202140708, 39.92799402583335 ] ] ] } },
{ "type": "Feature", "properties": { "gid": 475189, "building_name": "Duane Morris Plaza", "num_birds_near": 1, "approx_hgt": 310.0, "lights_out": 1, "address": "22-34 S 17TH ST" }, "geometry": { "type": "Polygon", "coordinates": [ [ [ -75.169069599584347, 39.952366917329151 ], [ -75.169145854075097, 39.951991991775387 ], [ -75.169990725849246, 39.952096689546984 ], [ -75.16991234232502, 39.952471351431775 ], [ -75.169069599584347, 39.952366917329151 ] ] ] } },
{ "type": "Feature", "properties": { "gid": 481402, "building_name": null, "num_birds_near": 1, "approx_hgt": 40.0, "lights_out": 0, "address": "1208-12 TASKER ST" }, "geometry": { "type": "Polygon", "coordinates": [ [ [ -75.164988826915646, 39.929984784451037 ], [ -75.165035704819289, 39.929766320831618 ], [ -75.165176776893986, 39.929784263205711 ], [ -75.165147042744309, 39.929981061912777 ], [ -75.165134725876044, 39.929979495810542 ], [ -75.16512777980661, 39.930011869446773 ], [ -75.164988826915646, 39.929984784451037 ] ] ] } },
{ "type": "Feature", "properties": { "gid": 482945, "building_name": "Franklin Building", "num_birds_near": 1, "approx_hgt": 121.0, "lights_out": 0, "address": "3441-55 WALNUT ST" }, "geometry": { "type": "Polygon", "coordinates": [ [ [ -75.194217536472607, 39.953811696510513 ], [ -75.193472921663812, 39.953719367231727 ], [ -75.193527415788992, 39.953456656438881 ], [ -75.193798522102767, 39.953501309190003 ], [ -75.193811038794109, 39.95344096485227 ], [ -75.193621997381754, 39.953417738885086 ], [ -75.193631849929773, 39.953370236691363 ], [ -75.193603175296403, 39.953366712607668 ], [ -75.193630082340135, 39.953209675901299 ], [ -75.193645639887521, 39.953169173724639 ], [ -75.193674451996642, 39.953172713477358 ], [ -75.193682677945944, 39.953133062434574 ], [ -75.193884289219369, 39.953140686402698 ], [ -75.194068856350682, 39.953181096245245 ], [ -75.194009120959521, 39.953463968490404 ], [ -75.193848338316201, 39.953445484783323 ], [ -75.193835816165247, 39.953505850626932 ], [ -75.194264667417684, 39.953558537809727 ], [ -75.194217536472607, 39.953811696510513 ] ] ] } },
{ "type": "Feature", "properties": { "gid": 483970, "building_name": null, "num_birds_near": 1, "approx_hgt": 45.0, "lights_out": 0, "address": "1638 PINE ST" }, "geometry": { "type": "Polygon", "coordinates": [ [ [ -75.169666662319656, 39.946078835561551 ], [ -75.169607673679394, 39.946071800511554 ], [ -75.169642766948741, 39.945959894082442 ], [ -75.169688768375181, 39.945965147560514 ], [ -75.169666662319656, 39.946078835561551 ] ] ] } },
{ "type": "Feature", "properties": { "gid": 484310, "building_name": null, "num_birds_near": 1, "approx_hgt": 31.0, "lights_out": 0, "address": "410 N 38TH ST" }, "geometry": { "type": "Polygon", "coordinates": [ [ [ -75.197086383556012, 39.961170398990035 ], [ -75.197075767659086, 39.961112747119756 ], [ -75.197270073539158, 39.961089792248352 ], [ -75.197276499771633, 39.961126111485029 ], [ -75.197196758409575, 39.961138145819334 ], [ -75.19720043329248, 39.961158193860044 ], [ -75.197086383556012, 39.961170398990035 ] ] ] } },
{ "type": "Feature", "properties": { "gid": 484531, "building_name": "FringeArts", "num_birds_near": 1, "approx_hgt": 54.0, "lights_out": 0, "address": "140 N CHRIS COLUMBUS BLVD" }, "geometry": { "type": "Polygon", "coordinates": [ [ [ -75.14022400466969, 39.95316895212418 ], [ -75.140731610801041, 39.953235262522831 ], [ -75.140696742639022, 39.953348862033423 ], [ -75.140713506256148, 39.953350917472108 ], [ -75.140689700933663, 39.953430334329092 ], [ -75.140161642332785, 39.953365309107603 ], [ -75.14022400466969, 39.95316895212418 ] ] ] } },
{ "type": "Feature", "properties": { "gid": 485089, "building_name": null, "num_birds_near": 1, "approx_hgt": 38.0, "lights_out": 0, "address": "1411 S 12TH ST" }, "geometry": { "type": "Polygon", "coordinates": [ [ [ -75.164035858583915, 39.932135962917144 ], [ -75.164016396006744, 39.932116590989352 ], [ -75.164034570502466, 39.932104298348371 ], [ -75.164009187332056, 39.932100911150251 ], [ -75.164014088823222, 39.932079136043932 ], [ -75.164140667048017, 39.932096024715086 ], [ -75.164130373031725, 39.932141747021802 ], [ -75.164035858583915, 39.932135962917144 ] ] ] } },
{ "type": "Feature", "properties": { "gid": 486330, "building_name": "Institute of Contemporary Art", "num_birds_near": 1, "approx_hgt": 212.0, "lights_out": 0, "address": "3600-48 CHESTNUT ST" }, "geometry": { "type": "Polygon", "coordinates": [ [ [ -75.194612382338974, 39.954354970907595 ], [ -75.194621866470357, 39.954301716523787 ], [ -75.194644171142215, 39.954304501971428 ], [ -75.194711578381572, 39.953984724871091 ], [ -75.195000324062534, 39.954020774736343 ], [ -75.194987928177326, 39.95407958205557 ], [ -75.19542818325813, 39.954134546070371 ], [ -75.195400240415452, 39.954267108564821 ], [ -75.195285997084241, 39.954252845733308 ], [ -75.195275126211484, 39.954304416831611 ], [ -75.195108754988155, 39.954283646256371 ], [ -75.195092711039678, 39.954359764438003 ], [ -75.195032069553847, 39.954352194081757 ], [ -75.195057828956635, 39.954362207679019 ], [ -75.195049545575742, 39.954401504332147 ], [ -75.195097985388514, 39.954407551408799 ], [ -75.195070544536691, 39.954537734651758 ], [ -75.195142335654126, 39.954546697597586 ], [ -75.195113274339306, 39.95464447523775 ], [ -75.195052235258771, 39.954636854595478 ], [ -75.195043832450466, 39.954622945120462 ], [ -75.195041119270556, 39.954635816817991 ], [ -75.194981713942227, 39.954628400115055 ], [ -75.194973201347352, 39.954613674581118 ], [ -75.194970315531322, 39.954627369554927 ], [ -75.194912373809387, 39.954620135884667 ], [ -75.194903316823584, 39.954605379297817 ], [ -75.194900577923264, 39.954618373857393 ], [ -75.194841383543448, 39.954610983404201 ], [ -75.194833324476932, 39.954596776128852 ], [ -75.194830549953807, 39.954609939282633 ], [ -75.194770269517718, 39.954602413776058 ], [ -75.194760869106489, 39.954587948660844 ], [ -75.194758103112022, 39.954601071457752 ], [ -75.194699297979696, 39.954593729245865 ], [ -75.194708941389038, 39.954507476374673 ], [ -75.194626865111402, 39.954483139926943 ], [ -75.194652817729818, 39.954360019037161 ], [ -75.194612382338974, 39.954354970907595 ] ] ] } },
{ "type": "Feature", "properties": { "gid": 487597, "building_name": "Pemberton House", "num_birds_near": 1, "approx_hgt": 48.0, "lights_out": 0, "address": "301-43 WALNUT ST" }, "geometry": { "type": "Polygon", "coordinates": [ [ [ -75.146958801625047, 39.948681274316094 ], [ -75.146985564011501, 39.948558628586262 ], [ -75.147006541653113, 39.948561340098927 ], [ -75.147010748700922, 39.948476551470954 ], [ -75.147039518355754, 39.948480270555166 ], [ -75.147051955758016, 39.948423275033178 ], [ -75.147112102098944, 39.948431049851912 ], [ -75.147062079216596, 39.948696114401237 ], [ -75.146958801625047, 39.948681274316094 ] ] ] } },
{ "type": "Feature", "properties": { "gid": 487623, "building_name": null, "num_birds_near": 1, "approx_hgt": 32.0, "lights_out": 0, "address": "1207 PINE ST" }, "geometry": { "type": "Polygon", "coordinates": [ [ [ -75.161570692126773, 39.945290573835955 ], [ -75.161587696734244, 39.945204737680463 ], [ -75.161648554838763, 39.945212288506781 ], [ -75.161630629065485, 39.945298369679961 ], [ -75.161570692126773, 39.945290573835955 ] ] ] } },
{ "type": "Feature", "properties": { "gid": 487964, "building_name": null, "num_birds_near": 1, "approx_hgt": 32.0, "lights_out": 0, "address": "735 S 9TH ST" }, "geometry": { "type": "Polygon", "coordinates": [ [ [ -75.15738637111653, 39.940695809951912 ], [ -75.157177005693939, 39.940668319731408 ], [ -75.157187703232523, 39.940623529691877 ], [ -75.157396987059812, 39.940650884700673 ], [ -75.15738637111653, 39.940695809951912 ] ] ] } },
{ "type": "Feature", "properties": { "gid": 490265, "building_name": null, "num_birds_near": 1, "approx_hgt": 19.0, "lights_out": 0, "address": "257 S 18TH ST" }, "geometry": { "type": "Polygon", "coordinates": [ [ [ -75.170707200731798, 39.948091878814004 ], [ -75.170772221159368, 39.947799435262844 ], [ -75.170975226547043, 39.947826387659013 ], [ -75.171058783467288, 39.947846518288145 ], [ -75.171077122438959, 39.947866825893485 ], [ -75.171017455247849, 39.948133060579792 ], [ -75.170707200731798, 39.948091878814004 ] ] ] } },
{ "type": "Feature", "properties": { "gid": 491329, "building_name": "Annenberg Public Policy Center", "num_birds_near": 1, "approx_hgt": 61.0, "lights_out": 0, "address": "3600-90 WALNUT ST" }, "geometry": { "type": "Polygon", "coordinates": [ [ [ -75.194985266287333, 39.952722008489189 ], [ -75.194999230951979, 39.952657061527589 ], [ -75.195034877442268, 39.952661601923694 ], [ -75.195056868250333, 39.952559334789285 ], [ -75.195017916277394, 39.952554373883103 ], [ -75.195032180165668, 39.952488037025198 ], [ -75.195451729063336, 39.952541470450463 ], [ -75.19543778207381, 39.952606333157028 ], [ -75.195401378229022, 39.952601696730156 ], [ -75.195390522694083, 39.952652184266135 ], [ -75.195427246993518, 39.952656861169878 ], [ -75.195401831507795, 39.952775061154817 ], [ -75.194985266287333, 39.952722008489189 ] ] ] } },
{ "type": "Feature", "properties": { "gid": 491330, "building_name": "Charles Addams Fine Arts Hall", "num_birds_near": 1, "approx_hgt": 66.0, "lights_out": 0, "address": "3600-90 WALNUT ST" }, "geometry": { "type": "Polygon", "coordinates": [ [ [ -75.194914568027016, 39.953060658739979 ], [ -75.194968580906149, 39.952807157557331 ], [ -75.195349285805946, 39.952855202109021 ], [ -75.195295273139706, 39.953108703446254 ], [ -75.194914568027016, 39.953060658739979 ] ] ] } },
{ "type": "Feature", "properties": { "gid": 491331, "building_name": "Graduate Student Center", "num_birds_near": 1, "approx_hgt": 43.0, "lights_out": 0, "address": "3600-90 WALNUT ST" }, "geometry": { "type": "Polygon", "coordinates": [ [ [ -75.195690785097014, 39.952482246191373 ], [ -75.195545359249465, 39.952463336440736 ], [ -75.195581096909478, 39.952300537687194 ], [ -75.195545578780624, 39.952295919225683 ], [ -75.195551858060739, 39.952267315195002 ], [ -75.195585232516137, 39.952271655258279 ], [ -75.195600719567835, 39.952201104549921 ], [ -75.195747214392753, 39.952220152474077 ], [ -75.19573472948467, 39.952277025217178 ], [ -75.195778136020124, 39.95228266892893 ], [ -75.195793581810506, 39.952212307392159 ], [ -75.195864747158467, 39.95220882843644 ], [ -75.195890618424841, 39.952224941454951 ], [ -75.195832281029951, 39.952490688665662 ], [ -75.195724471570287, 39.952476670388926 ], [ -75.195745849278637, 39.952379284653894 ], [ -75.195714288705545, 39.952375180549765 ], [ -75.195690785097014, 39.952482246191373 ] ] ] } },
{ "type": "Feature", "properties": { "gid": 491353, "building_name": "Annenberg Center", "num_birds_near": 1, "approx_hgt": 82.0, "lights_out": 0, "address": "3600-90 WALNUT ST" }, "geometry": { "type": "Polygon", "coordinates": [ [ [ -75.196431188770291, 39.95323016316901 ], [ -75.19641870219516, 39.953250272230846 ], [ -75.196280135233124, 39.953233538000688 ], [ -75.196095515042131, 39.953038809106189 ], [ -75.196102351448062, 39.953005283549629 ], [ -75.196039365127376, 39.952997676811279 ], [ -75.196004106101469, 39.953170591119893 ], [ -75.195921192883731, 39.953160577336305 ], [ -75.195916450543663, 39.953183833002704 ], [ -75.195715023490649, 39.953164576628069 ], [ -75.195661183505564, 39.953152810691435 ], [ -75.195666312246544, 39.953127656210455 ], [ -75.195579734958145, 39.953117200181048 ], [ -75.195618251837018, 39.952928316131967 ], [ -75.195596864844418, 39.952925733304319 ], [ -75.19559244825804, 39.952947390622434 ], [ -75.195477326137166, 39.95293348588612 ], [ -75.195491077184627, 39.952866050945801 ], [ -75.195478006793209, 39.952864472324137 ], [ -75.195543608096074, 39.952542764308589 ], [ -75.195692143720066, 39.952560704449944 ], [ -75.195636724184936, 39.952832484817698 ], [ -75.195734937998324, 39.952844346918688 ], [ -75.195745885347804, 39.952790663732003 ], [ -75.195976308761075, 39.952818493665831 ], [ -75.195968533349188, 39.952856629474383 ], [ -75.196063879285546, 39.952885986223087 ], [ -75.196047464684867, 39.952966489559635 ], [ -75.196108879936574, 39.952973907242288 ], [ -75.19612493117846, 39.952895188808469 ], [ -75.196166142301294, 39.952900166294974 ], [ -75.196253801422174, 39.952853646586846 ], [ -75.196259087592523, 39.952827723427745 ], [ -75.196332758638633, 39.952783167271157 ], [ -75.196361924902234, 39.952786689907057 ], [ -75.196366229352321, 39.95276557968127 ], [ -75.196327447054387, 39.952760896006097 ], [ -75.196246423289054, 39.952676891626545 ], [ -75.196254584516154, 39.952636865073757 ], [ -75.196434942789367, 39.952658647334367 ], [ -75.196459628719225, 39.952683879030936 ], [ -75.196565773437584, 39.952627133356458 ], [ -75.196633164220941, 39.952636128998165 ], [ -75.196627128486867, 39.952666456716997 ], [ -75.19670957348751, 39.952677015498544 ], [ -75.196783800903702, 39.952756026256836 ], [ -75.196727923288591, 39.953030077309002 ], [ -75.196693371934614, 39.953048413111318 ], [ -75.196680105636361, 39.953113478506395 ], [ -75.196703724640273, 39.953136110421788 ], [ -75.196678964863011, 39.953257540027089 ], [ -75.19664914059156, 39.953276972149077 ], [ -75.19648423793177, 39.953257057029703 ], [ -75.196463358599246, 39.953234048170494 ], [ -75.196431188770291, 39.95323016316901 ] ] ] } },
{ "type": "Feature", "properties": { "gid": 491396, "building_name": "Loews Philadelphia Hotel", "num_birds_near": 1, "approx_hgt": 480.0, "lights_out": 0, "address": "1200 MARKET ST" }, "geometry": { "type": "Polygon", "coordinates": [ [ [ -75.160300552034428, 39.951873159628107 ], [ -75.160037418971257, 39.951840216745865 ], [ -75.160116075075521, 39.951468082245697 ], [ -75.160057130807857, 39.951460702783308 ], [ -75.160093812767457, 39.951325052466693 ], [ -75.160066196202024, 39.951321595195715 ], [ -75.160125442344082, 39.951041290892398 ], [ -75.16014331112622, 39.951043527926032 ], [ -75.160160249488584, 39.950963384844236 ], [ -75.160625906070294, 39.951021682518032 ], [ -75.160543048194441, 39.951413718672278 ], [ -75.160575199605731, 39.951417744028582 ], [ -75.160485539692033, 39.9518782001579 ], [ -75.160315848146581, 39.951842368595599 ], [ -75.160300552034428, 39.951873159628107 ] ] ] } },
{ "type": "Feature", "properties": { "gid": 491398, "building_name": null, "num_birds_near": 1, "approx_hgt": 30.0, "lights_out": 0, "address": "1234 MARKET ST" }, "geometry": { "type": "Polygon", "coordinates": [ [ [ -75.160957267829147, 39.951432231677842 ], [ -75.160857553808569, 39.951419491255621 ], [ -75.160863380830719, 39.95139247790771 ], [ -75.160963094812772, 39.951405218324794 ], [ -75.160957267829147, 39.951432231677842 ] ] ] } },
{ "type": "Feature", "properties": { "gid": 491957, "building_name": null, "num_birds_near": 1, "approx_hgt": 281.0, "lights_out": 0, "address": "224-30 W RITTENHOUSE SQ" }, "geometry": { "type": "Polygon", "coordinates": [ [ [ -75.173953318042109, 39.9493361108944 ], [ -75.173773131624358, 39.94931317866093 ], [ -75.173761676359149, 39.949295059711517 ], [ -75.173800630708172, 39.949110329004363 ], [ -75.173689070532475, 39.949096393880374 ], [ -75.173673553749424, 39.949125371466245 ], [ -75.173525765451657, 39.949106909353851 ], [ -75.173493110843296, 39.949117586230251 ], [ -75.173464307461302, 39.949098695518188 ], [ -75.173421699607871, 39.94910820362518 ], [ -75.173393646494034, 39.949090150570477 ], [ -75.173351975534317, 39.949097982192598 ], [ -75.173322940258018, 39.949081441478874 ], [ -75.173122483611223, 39.949056402177668 ], [ -75.173101595370582, 39.949041089617495 ], [ -75.173109233260703, 39.949004871158387 ], [ -75.173123177829211, 39.949006612552687 ], [ -75.1731351630945, 39.948884008159091 ], [ -75.173307278283815, 39.948894419846489 ], [ -75.173309609067019, 39.948883369041887 ], [ -75.173516842308857, 39.948920756343668 ], [ -75.173519287320048, 39.948909162088476 ], [ -75.17356558113984, 39.94891494491992 ], [ -75.173563116278984, 39.948926630633267 ], [ -75.173713081920909, 39.948945363261409 ], [ -75.173712275660336, 39.948995217039112 ], [ -75.173819657393892, 39.949008631213758 ], [ -75.173828977524266, 39.948964436903132 ], [ -75.173848905810544, 39.948949834008552 ], [ -75.174003449547584, 39.94898028311799 ], [ -75.174005767406811, 39.948969292379097 ], [ -75.174053973341088, 39.948975313475593 ], [ -75.174054117617459, 39.948993740597032 ], [ -75.174067229063411, 39.948995379371318 ], [ -75.174058451480036, 39.949037000881162 ], [ -75.174087431231229, 39.949040620555884 ], [ -75.174080747148778, 39.949072321194791 ], [ -75.174050542797275, 39.949068548775159 ], [ -75.17406147312964, 39.949083037443906 ], [ -75.174053720106784, 39.949119804789078 ], [ -75.174041257212963, 39.949118258066505 ], [ -75.174025551195484, 39.949192743335168 ], [ -75.174035211345597, 39.949203465183054 ], [ -75.173998184778, 39.949323067295666 ], [ -75.173953318042109, 39.9493361108944 ] ] ] } },
{ "type": "Feature", "properties": { "gid": 493529, "building_name": null, "num_birds_near": 1, "approx_hgt": 55.0, "lights_out": 0, "address": "1727 SPRUCE ST" }, "geometry": { "type": "Polygon", "coordinates": [ [ [ -75.170585659207575, 39.948078009890651 ], [ -75.170520697292503, 39.948069092149552 ], [ -75.170582640256185, 39.947774012492765 ], [ -75.170673410512606, 39.947785787458436 ], [ -75.170647662261061, 39.947903982570139 ], [ -75.170624244482767, 39.947901453881713 ], [ -75.170585659207575, 39.948078009890651 ] ] ] } },
{ "type": "Feature", "properties": { "gid": 494574, "building_name": null, "num_birds_near": 1, "approx_hgt": 10.0, "lights_out": 0, "address": null }, "geometry": { "type": "Polygon", "coordinates": [ [ [ -75.18497256326178, 39.968890171170791 ], [ -75.184930350045491, 39.968860387028933 ], [ -75.184960741690972, 39.968834885923705 ], [ -75.185002954904647, 39.968864670054394 ], [ -75.18497256326178, 39.968890171170791 ] ] ] } },
{ "type": "Feature", "properties": { "gid": 495626, "building_name": null, "num_birds_near": 1, "approx_hgt": 45.0, "lights_out": 0, "address": "3606 SPRING GARDEN ST" }, "geometry": { "type": "Polygon", "coordinates": [ [ [ -75.194383956886981, 39.962525671639021 ], [ -75.194336469461803, 39.962273768424708 ], [ -75.194487532037641, 39.962257931419899 ], [ -75.194495887380938, 39.962305122096396 ], [ -75.194527417498549, 39.96231800065204 ], [ -75.194538513452954, 39.96230749612775 ], [ -75.194528715187161, 39.96225215975889 ], [ -75.19468054294029, 39.96223624223844 ], [ -75.194720870287966, 39.962496055202877 ], [ -75.194683145097116, 39.962500010046831 ], [ -75.194681281124161, 39.962489486231611 ], [ -75.194604391854369, 39.962497547634769 ], [ -75.194606395855985, 39.962508862049432 ], [ -75.194383956886981, 39.962525671639021 ] ], [ [ -75.194542675533597, 39.96233860324881 ], [ -75.194514525485872, 39.96232847147332 ], [ -75.194517829570614, 39.96234400812984 ], [ -75.194502602538734, 39.962345925949016 ], [ -75.194519504059983, 39.962425399909982 ], [ -75.19456004870456, 39.962420294271361 ], [ -75.194542675533597, 39.96233860324881 ] ] ] } },
{ "type": "Feature", "properties": { "gid": 496422, "building_name": "Central Utility Plant", "num_birds_near": 1, "approx_hgt": 22.0, "lights_out": 0, "address": "4306-24 WOODLAND AVE" }, "geometry": { "type": "Polygon", "coordinates": [ [ [ -75.205826546963905, 39.944175588271051 ], [ -75.205676058536596, 39.944086026628028 ], [ -75.20593841175139, 39.943824854184591 ], [ -75.206088901115692, 39.943914415509639 ], [ -75.205826546963905, 39.944175588271051 ] ] ] } },
{ "type": "Feature", "properties": { "gid": 497145, "building_name": "Market Street Transit Concourse East", "num_birds_near": 1, "approx_hgt": 237.0, "lights_out": 0, "address": "1201 MARKET ST" }, "geometry": { "type": "Polygon", "coordinates": [ [ [ -75.15984519619974, 39.952527182917294 ], [ -75.159913211473992, 39.952210069307171 ], [ -75.159928360226886, 39.95218017150394 ], [ -75.15994181953296, 39.95218187650525 ], [ -75.15996107556191, 39.952091868302766 ], [ -75.160158378760954, 39.952102927808241 ], [ -75.160162535329007, 39.952083504767323 ], [ -75.160233236110741, 39.952092464187231 ], [ -75.160228988022936, 39.952112323057406 ], [ -75.160254983804805, 39.952115617545921 ], [ -75.160259237524855, 39.952095733573721 ], [ -75.160327908735383, 39.952104435372405 ], [ -75.160323615351274, 39.952124500456335 ], [ -75.160350258970269, 39.952127876224651 ], [ -75.160354521088365, 39.952107955497461 ], [ -75.160430004666637, 39.952117521038488 ], [ -75.160425943288899, 39.952136506541301 ], [ -75.160453352373437, 39.952139979757462 ], [ -75.160457748468772, 39.952119430440071 ], [ -75.160524910939174, 39.9521279403805 ], [ -75.160520715718505, 39.952147550871942 ], [ -75.160639625211672, 39.952162617931684 ], [ -75.160648407352184, 39.952121565009918 ], [ -75.160723399352634, 39.952131067000856 ], [ -75.160714725505528, 39.952171614199443 ], [ -75.160833565174741, 39.95218667227212 ], [ -75.160837639130335, 39.952167630277309 ], [ -75.160906860402903, 39.952176401807947 ], [ -75.160902659238218, 39.95219604821753 ], [ -75.160928375448265, 39.952199307408925 ], [ -75.160932558760948, 39.952179760608324 ], [ -75.16100728289193, 39.952189228433589 ], [ -75.161003133265169, 39.952208629131363 ], [ -75.161028202893633, 39.9522118052287 ], [ -75.161032795300798, 39.952190339486748 ], [ -75.161104956212839, 39.952199482692251 ], [ -75.161100174122325, 39.952221840665253 ], [ -75.161124863904092, 39.95222496942435 ], [ -75.161129956214779, 39.952201167818053 ], [ -75.161202063549695, 39.952210304346586 ], [ -75.161196586558773, 39.952235906511397 ], [ -75.161287679356519, 39.952247449209949 ], [ -75.161267143222062, 39.952343445685003 ], [ -75.161244680319356, 39.952343445985129 ], [ -75.161237657878104, 39.952376270947347 ], [ -75.161278164134586, 39.952381402793989 ], [ -75.161180971972655, 39.95283573638131 ], [ -75.16115087231465, 39.952831922403966 ], [ -75.161142207092325, 39.952872431982669 ], [ -75.160979293269051, 39.952851788773167 ], [ -75.160975764645926, 39.952868286902046 ], [ -75.160626831735783, 39.952824073375083 ], [ -75.160599869782217, 39.952950103293539 ], [ -75.160431393667395, 39.952928754386043 ], [ -75.160457780724073, 39.952806757980831 ], [ -75.159922104496701, 39.952721452156155 ], [ -75.159930471176835, 39.952682343298896 ], [ -75.159855716377805, 39.952672870484285 ], [ -75.159869829914328, 39.952606899686089 ], [ -75.159848699480108, 39.952604221351415 ], [ -75.159864653533049, 39.952529648675323 ], [ -75.15984519619974, 39.952527182917294 ] ] ] } },
{ "type": "Feature", "properties": { "gid": 497367, "building_name": null, "num_birds_near": 1, "approx_hgt": 70.0, "lights_out": 0, "address": "200-10 LOMBARD ST" }, "geometry": { "type": "Polygon", "coordinates": [ [ [ -75.145918385775943, 39.942194997071951 ], [ -75.145715002687226, 39.94217653826091 ], [ -75.145689029618126, 39.942165129918649 ], [ -75.145686884369098, 39.94214621385408 ], [ -75.145827016539442, 39.941547605887351 ], [ -75.14584230893054, 39.941447292133603 ], [ -75.145808110825413, 39.941442843030991 ], [ -75.145816456012781, 39.941404838310383 ], [ -75.145849195810271, 39.941409098420607 ], [ -75.145885492700188, 39.941281533637493 ], [ -75.147515734758201, 39.941492496719448 ], [ -75.147475905035648, 39.941673902369359 ], [ -75.147241219036175, 39.941643371328581 ], [ -75.147223227040499, 39.941725317951807 ], [ -75.146277540961151, 39.941602286068282 ], [ -75.146289522911715, 39.941547721155793 ], [ -75.146178769327463, 39.941533312281017 ], [ -75.146066781969466, 39.942043301049523 ], [ -75.145955163409724, 39.942028778630068 ], [ -75.145918385775943, 39.942194997071951 ] ] ] } },
{ "type": "Feature", "properties": { "gid": 497389, "building_name": null, "num_birds_near": 1, "approx_hgt": 53.0, "lights_out": 0, "address": "200-26 N 23RD ST" }, "geometry": { "type": "Polygon", "coordinates": [ [ [ -75.177500086653453, 39.958779951848378 ], [ -75.176910910769919, 39.958699268261483 ], [ -75.176980726746109, 39.958320943057828 ], [ -75.177041595232922, 39.958092966958546 ], [ -75.177716501940822, 39.958177030268274 ], [ -75.177616213551474, 39.958631819698851 ], [ -75.17753425547113, 39.958625003709649 ], [ -75.177500086653453, 39.958779951848378 ] ] ] } },
{ "type": "Feature", "properties": { "gid": 498170, "building_name": "Civic House", "num_birds_near": 1, "approx_hgt": 39.0, "lights_out": 0, "address": "3914 LOCUST WALK" }, "geometry": { "type": "Polygon", "coordinates": [ [ [ -75.201570538647204, 39.952541510156884 ], [ -75.201406921757112, 39.952521696444315 ], [ -75.201428339428489, 39.952416941400493 ], [ -75.201452485904866, 39.952419865565126 ], [ -75.201461907093858, 39.952373787629789 ], [ -75.201601326942182, 39.952390923795548 ], [ -75.201570538647204, 39.952541510156884 ] ] ] } },
{ "type": "Feature", "properties": { "gid": 499225, "building_name": null, "num_birds_near": 1, "approx_hgt": 120.0, "lights_out": 0, "address": "2300 RACE ST" }, "geometry": { "type": "Polygon", "coordinates": [ [ [ -75.177646493293807, 39.95801840348998 ], [ -75.177113595283345, 39.957945716950789 ], [ -75.177125733479627, 39.957886630637823 ], [ -75.17714225143925, 39.957888640958934 ], [ -75.17718814269567, 39.957665249290599 ], [ -75.177356940447993, 39.957695472516107 ], [ -75.177330809993336, 39.957822671366195 ], [ -75.177766758856166, 39.957875707017891 ], [ -75.177752014631736, 39.957947480640023 ], [ -75.17773921091883, 39.95794592310903 ], [ -75.177743853075029, 39.957985756346503 ], [ -75.177655411200803, 39.957974996377686 ], [ -75.177646493293807, 39.95801840348998 ] ] ] } },
{ "type": "Feature", "properties": { "gid": 499442, "building_name": "Independence Charter School", "num_birds_near": 1, "approx_hgt": 66.0, "lights_out": 0, "address": "500-18 S 16TH ST" }, "geometry": { "type": "Polygon", "coordinates": [ [ [ -75.168961851216466, 39.944714181038776 ], [ -75.168943723810145, 39.94479546432774 ], [ -75.168864535528016, 39.944785001841971 ], [ -75.168855172477492, 39.944826989163943 ], [ -75.16937016548664, 39.944895031061428 ], [ -75.169326123349506, 39.945092522378403 ], [ -75.168842248949161, 39.945028591890427 ], [ -75.16882097853464, 39.945050453805443 ], [ -75.16873863928754, 39.945039575236407 ], [ -75.168729883925749, 39.945015241849568 ], [ -75.168650342500555, 39.94500473252932 ], [ -75.168722049069515, 39.944683210719504 ], [ -75.168801569144861, 39.944693717715452 ], [ -75.168819343477807, 39.944671131098012 ], [ -75.16890277596346, 39.94468215495742 ], [ -75.168911171575473, 39.944707484864097 ], [ -75.168961851216466, 39.944714181038776 ] ] ] } },
{ "type": "Feature", "properties": { "gid": 499681, "building_name": "Penn Internal Medicine Rittenhouse", "num_birds_near": 1, "approx_hgt": 103.0, "lights_out": 0, "address": "1801 SOUTH ST" }, "geometry": { "type": "Polygon", "coordinates": [ [ [ -75.172696971920004, 39.944646799797461 ], [ -75.173166633073365, 39.944719037175325 ], [ -75.1731809295039, 39.944738394058213 ], [ -75.173260065412236, 39.944695643128831 ], [ -75.17336186773683, 39.944706971024338 ], [ -75.173374382371492, 39.944721362922287 ], [ -75.173352915238738, 39.944824951093572 ], [ -75.173143121861585, 39.944940599311792 ], [ -75.173133533307677, 39.944985855236077 ], [ -75.173256696439282, 39.945117531943055 ], [ -75.173217902796665, 39.945141202122031 ], [ -75.173066528812001, 39.945122202757382 ], [ -75.173064150046329, 39.945133440789348 ], [ -75.173005955952021, 39.945115439292152 ], [ -75.172957289718511, 39.9450695898391 ], [ -75.172925437850807, 39.945087453002586 ], [ -75.17290465073107, 39.94506753217324 ], [ -75.172876207096891, 39.945081027214847 ], [ -75.172806060048615, 39.94507222305856 ], [ -75.172511364143759, 39.945257990092898 ], [ -75.172458065835826, 39.945201190844536 ], [ -75.172600708514594, 39.94512136643224 ], [ -75.172566398414602, 39.945085866787927 ], [ -75.172530190731266, 39.945081322000355 ], [ -75.172539098275578, 39.945039279139017 ], [ -75.172312392776846, 39.945017070306776 ], [ -75.172233644099663, 39.94506143671164 ], [ -75.172125620026037, 39.945047876728864 ], [ -75.172061038119551, 39.944979739416006 ], [ -75.172023364865737, 39.944975011055348 ], [ -75.172005413164086, 39.944954752839912 ], [ -75.171979109115696, 39.944967757851018 ], [ -75.171934442552867, 39.944924250382059 ], [ -75.171942937073212, 39.94488415527352 ], [ -75.171920159217962, 39.944858955530506 ], [ -75.171964742923365, 39.944648528911429 ], [ -75.172079282614391, 39.944584592602737 ], [ -75.172216883314164, 39.944601241138336 ], [ -75.172227219772566, 39.944620277581578 ], [ -75.172254838095355, 39.944605547786338 ], [ -75.172314061038819, 39.944612982307078 ], [ -75.172316966952792, 39.944599268441976 ], [ -75.17269412881123, 39.944660217747973 ], [ -75.172696971920004, 39.944646799797461 ] ] ] } },
{ "type": "Feature", "properties": { "gid": 500224, "building_name": "4750 League Island", "num_birds_near": 1, "approx_hgt": 47.0, "lights_out": 0, "address": "4750 LEAGUE ISLAND BLVD" }, "geometry": { "type": "Polygon", "coordinates": [ [ [ -75.16711535375444, 39.892900725280022 ], [ -75.166934573243864, 39.892791675573392 ], [ -75.16700145396338, 39.892725888904224 ], [ -75.166917265746093, 39.892675105130152 ], [ -75.16698399814365, 39.892609463797569 ], [ -75.166897755201163, 39.892557440753514 ], [ -75.167106033230681, 39.8923525698577 ], [ -75.167464254840354, 39.892557451933392 ], [ -75.167316063799618, 39.892703563703556 ], [ -75.167294941409708, 39.892697646482603 ], [ -75.167314721764669, 39.892708193504816 ], [ -75.16729494078281, 39.892735975602406 ], [ -75.167265771648715, 39.892755782993852 ], [ -75.167246660419281, 39.89274446445728 ], [ -75.167256901330987, 39.892761491945606 ], [ -75.16711535375444, 39.892900725280022 ] ] ] } },
{ "type": "Feature", "properties": { "gid": 502195, "building_name": "The Ritz Carlton", "num_birds_near": 1, "approx_hgt": 110.0, "lights_out": 0, "address": "1400 S PENN SQ" }, "geometry": { "type": "Polygon", "coordinates": [ [ [ -75.164442269074442, 39.951639917458081 ], [ -75.163918913839979, 39.951583182662887 ], [ -75.163959146660162, 39.951384827762098 ], [ -75.16397953086576, 39.951387204700737 ], [ -75.164027128701278, 39.951352785973057 ], [ -75.16403850410596, 39.951285527640771 ], [ -75.164013261918186, 39.951282431199608 ], [ -75.164059530602572, 39.951064479242454 ], [ -75.164084005263902, 39.951066792509259 ], [ -75.164101774981631, 39.95098403132004 ], [ -75.164575810534302, 39.951044584936191 ], [ -75.164572809672393, 39.951057361249624 ], [ -75.164605964339501, 39.951061973024913 ], [ -75.164556288241087, 39.951273434941257 ], [ -75.164627935974934, 39.951283404119785 ], [ -75.16462206832766, 39.951308386726502 ], [ -75.164802499805347, 39.951331781203578 ], [ -75.16479646458653, 39.951363907784923 ], [ -75.164523181380702, 39.951331216751157 ], [ -75.164442269074442, 39.951639917458081 ] ] ] } },
{ "type": "Feature", "properties": { "gid": 502272, "building_name": null, "num_birds_near": 1, "approx_hgt": 36.0, "lights_out": 0, "address": "101 N 35TH ST" }, "geometry": { "type": "Polygon", "coordinates": [ [ [ -75.192272296292217, 39.95806225166767 ], [ -75.191971788742904, 39.958079628452495 ], [ -75.191968836623985, 39.958049478925659 ], [ -75.192053748014317, 39.958021930207856 ], [ -75.192092807942771, 39.958030819248144 ], [ -75.192091509164428, 39.958017550001856 ], [ -75.192160925760845, 39.958003343779062 ], [ -75.192262803486187, 39.958011710706081 ], [ -75.192272296292217, 39.95806225166767 ] ] ] } },
{ "type": "Feature", "properties": { "gid": 502563, "building_name": null, "num_birds_near": 1, "approx_hgt": 107.0, "lights_out": 0, "address": "1212 LUDLOW ST" }, "geometry": { "type": "Polygon", "coordinates": [ [ [ -75.160642932225812, 39.951299858866044 ], [ -75.160697620367557, 39.951032404414939 ], [ -75.161012839976053, 39.951074326134716 ], [ -75.160972243682195, 39.951253087515788 ], [ -75.16094629623916, 39.951249945645067 ], [ -75.160928739032229, 39.951335813420343 ], [ -75.160642932225812, 39.951299858866044 ] ] ] } },
{ "type": "Feature", "properties": { "gid": 502586, "building_name": null, "num_birds_near": 1, "approx_hgt": 23.0, "lights_out": 0, "address": "2028 WASHINGTON AVE" }, "geometry": { "type": "Polygon", "coordinates": [ [ [ -75.177234953771261, 39.93902400144065 ], [ -75.177312925022562, 39.938671857062168 ], [ -75.177500825711405, 39.938695534908241 ], [ -75.177424916220673, 39.939047938282982 ], [ -75.177234953771261, 39.93902400144065 ] ] ] } },
{ "type": "Feature", "properties": { "gid": 503448, "building_name": "The Inn at Penn", "num_birds_near": 1, "approx_hgt": 81.0, "lights_out": 0, "address": "3601-51 WALNUT ST" }, "geometry": { "type": "Polygon", "coordinates": [ [ [ -75.196423900050306, 39.954057917319155 ], [ -75.195921841560846, 39.953991817715561 ], [ -75.195934411602764, 39.953935269406436 ], [ -75.195983355851965, 39.953933901262182 ], [ -75.195988126671068, 39.953875194376998 ], [ -75.195975221041692, 39.953829456716768 ], [ -75.195895663447388, 39.953769897490517 ], [ -75.195845008948709, 39.953763228388418 ], [ -75.195819460461195, 39.953848663143447 ], [ -75.195742406268394, 39.953838518421087 ], [ -75.195757262043756, 39.953752564463585 ], [ -75.195709065692938, 39.953746218538335 ], [ -75.195611426887965, 39.953782614475664 ], [ -75.19555600914552, 39.953880371101476 ], [ -75.195600433701216, 39.953893591558085 ], [ -75.19558708985852, 39.953953618504727 ], [ -75.195208490616992, 39.953903770208903 ], [ -75.194859726695924, 39.953835818216248 ], [ -75.194879428164441, 39.953747186381307 ], [ -75.194908361871214, 39.953723467705061 ], [ -75.194952574183745, 39.953524593313134 ], [ -75.194937183706912, 39.953520668091308 ], [ -75.19496791315683, 39.953382449084728 ], [ -75.194935219703908, 39.953343051483529 ], [ -75.194945619285647, 39.953296294800268 ], [ -75.195004909878492, 39.953269061727696 ], [ -75.195070000390658, 39.953286625157475 ], [ -75.195091456948859, 39.953316438915593 ], [ -75.195622573236534, 39.953386372624827 ], [ -75.195627787039484, 39.953362911226151 ], [ -75.195790314773433, 39.953384309103718 ], [ -75.195786108621817, 39.953403234761488 ], [ -75.195832194997621, 39.953409302117542 ], [ -75.195844596071254, 39.953353510504058 ], [ -75.195922720339126, 39.953363796126816 ], [ -75.195909654132521, 39.953422583195355 ], [ -75.195975251486985, 39.953431220319068 ], [ -75.195981139973128, 39.953404725828882 ], [ -75.196214228515714, 39.953443874441355 ], [ -75.19620986929101, 39.953463480566946 ], [ -75.196455776016791, 39.953493611188733 ], [ -75.196459967921413, 39.95347474826351 ], [ -75.196608303263147, 39.953494276589758 ], [ -75.196601545823825, 39.953524678343342 ], [ -75.196634289867134, 39.953528988736444 ], [ -75.196606520085496, 39.953653931920847 ], [ -75.196575765754872, 39.953649883856933 ], [ -75.196562705583389, 39.953708648598059 ], [ -75.196316156128077, 39.953676191033807 ], [ -75.196280763197166, 39.953835421575135 ], [ -75.196548550875832, 39.953870674780035 ], [ -75.196514791396524, 39.954022558910445 ], [ -75.196476790429472, 39.954051517300897 ], [ -75.196423900050306, 39.954057917319155 ] ] ] } },
{ "type": "Feature", "properties": { "gid": 503477, "building_name": null, "num_birds_near": 1, "approx_hgt": 9.0, "lights_out": 0, "address": "2550 S 84TH ST" }, "geometry": { "type": "Polygon", "coordinates": [ [ [ -75.258135089714997, 39.892291734442999 ], [ -75.258154237767968, 39.892239048205703 ], [ -75.25819183440511, 39.892247155353623 ], [ -75.258172686379041, 39.892299841597243 ], [ -75.258135089714997, 39.892291734442999 ] ] ] } },
{ "type": "Feature", "properties": { "gid": 503900, "building_name": null, "num_birds_near": 1, "approx_hgt": 46.0, "lights_out": 0, "address": "1322 PINE ST" }, "geometry": { "type": "Polygon", "coordinates": [ [ [ -75.163786475130365, 39.945345375770763 ], [ -75.16372547552777, 39.945337843618653 ], [ -75.163771232259691, 39.945137812260619 ], [ -75.163819298219209, 39.945143698525293 ], [ -75.163786475130365, 39.945345375770763 ] ] ] } },
{ "type": "Feature", "properties": { "gid": 503925, "building_name": null, "num_birds_near": 1, "approx_hgt": 12.0, "lights_out": 0, "address": "2601-13 SOUTH ST" }, "geometry": { "type": "Polygon", "coordinates": [ [ [ -75.183562566780409, 39.945973932478843 ], [ -75.183554048048791, 39.94601019847515 ], [ -75.183462853390793, 39.945998888218526 ], [ -75.183471570425723, 39.945963416850319 ], [ -75.183562566780409, 39.945973932478843 ] ] ] } },
{ "type": "Feature", "properties": { "gid": 504775, "building_name": null, "num_birds_near": 1, "approx_hgt": 35.0, "lights_out": 0, "address": "2606 SOUTH ST" }, "geometry": { "type": "Polygon", "coordinates": [ [ [ -75.183402422207351, 39.94581753866192 ], [ -75.183439580101805, 39.945651323144084 ], [ -75.183477452352705, 39.945656574769515 ], [ -75.18345549390834, 39.9458258866131 ], [ -75.183402422207351, 39.94581753866192 ] ] ] } },
{ "type": "Feature", "properties": { "gid": 504799, "building_name": null, "num_birds_near": 1, "approx_hgt": 14.0, "lights_out": 0, "address": "314-26 S 5TH ST" }, "geometry": { "type": "Polygon", "coordinates": [ [ [ -75.150550844545862, 39.944359450903335 ], [ -75.150483077038245, 39.944680008189643 ], [ -75.150233502026396, 39.944641927094843 ], [ -75.150298952303871, 39.944332338660608 ], [ -75.150550844545862, 39.944359450903335 ] ] ] } },
{ "type": "Feature", "properties": { "gid": 506854, "building_name": null, "num_birds_near": 1, "approx_hgt": 26.0, "lights_out": 0, "address": "1726 MORRIS ST" }, "geometry": { "type": "Polygon", "coordinates": [ [ [ -75.174265459604115, 39.929939887716529 ], [ -75.174303150697767, 39.92976614262745 ], [ -75.174339777584805, 39.929770993777623 ], [ -75.174318722072243, 39.929946555071965 ], [ -75.174265459604115, 39.929939887716529 ] ] ] } },
{ "type": "Feature", "properties": { "gid": 507168, "building_name": "Saint Anthony Hall House", "num_birds_near": 1, "approx_hgt": 40.0, "lights_out": 0, "address": "3635-37 LOCUST WALK" }, "geometry": { "type": "Polygon", "coordinates": [ [ [ -75.196322654391565, 39.952513634599498 ], [ -75.196370733270328, 39.952280467092372 ], [ -75.196498671204509, 39.952296092459299 ], [ -75.196449427318939, 39.952534913110071 ], [ -75.196322654391565, 39.952513634599498 ] ] ] } },
{ "type": "Feature", "properties": { "gid": 508145, "building_name": "Charter High School for Architecture and Design", "num_birds_near": 1, "approx_hgt": 86.0, "lights_out": 0, "address": "105-17 S 7TH ST" }, "geometry": { "type": "Polygon", "coordinates": [ [ [ -75.152327348373078, 39.949119466292878 ], [ -75.151552183187761, 39.949028698105501 ], [ -75.151641587393797, 39.948618757480745 ], [ -75.152403623394108, 39.948713969873737 ], [ -75.152328168365742, 39.949071715616775 ], [ -75.152314127544543, 39.949069961394997 ], [ -75.152306021557237, 39.949108394519307 ], [ -75.152327348373078, 39.949119466292878 ] ] ] } },
{ "type": "Feature", "properties": { "gid": 508150, "building_name": null, "num_birds_near": 1, "approx_hgt": 84.0, "lights_out": 0, "address": "416-20 WALNUT ST" }, "geometry": { "type": "Polygon", "coordinates": [ [ [ -75.148512899375092, 39.947340312026107 ], [ -75.148583632646904, 39.947033385966314 ], [ -75.148774142347222, 39.947056056093324 ], [ -75.148758366298225, 39.947134591483163 ], [ -75.1487234421799, 39.94713043589902 ], [ -75.148712341749402, 39.947185698598062 ], [ -75.148740327939151, 39.947189046297069 ], [ -75.148702791109315, 39.94736290876957 ], [ -75.148512899375092, 39.947340312026107 ] ] ] } },
{ "type": "Feature", "properties": { "gid": 509253, "building_name": null, "num_birds_near": 1, "approx_hgt": 60.0, "lights_out": 0, "address": "2200 ST JAMES PL" }, "geometry": { "type": "Polygon", "coordinates": [ [ [ -75.177700779041388, 39.950299235885161 ], [ -75.177591839362776, 39.950285435463869 ], [ -75.17760321261386, 39.950232251610451 ], [ -75.177589420268021, 39.95020403168504 ], [ -75.177613486856032, 39.95019362415939 ], [ -75.17762379721664, 39.95014541527236 ], [ -75.177691575939647, 39.950143394368645 ], [ -75.177696476360481, 39.950120606892163 ], [ -75.177737821045838, 39.950126126554132 ], [ -75.177700779041388, 39.950299235885161 ] ] ] } },
{ "type": "Feature", "properties": { "gid": 509401, "building_name": null, "num_birds_near": 1, "approx_hgt": 34.0, "lights_out": 0, "address": "115 S BONSALL ST" }, "geometry": { "type": "Polygon", "coordinates": [ [ [ -75.178768957341731, 39.952235747769329 ], [ -75.178678522831589, 39.952223575129999 ], [ -75.178696588182646, 39.952144076733973 ], [ -75.178792124419317, 39.952156934963924 ], [ -75.178768957341731, 39.952235747769329 ] ] ] } },
{ "type": "Feature", "properties": { "gid": 509753, "building_name": "Rush Building", "num_birds_near": 1, "approx_hgt": 61.0, "lights_out": 0, "address": "3301 MARKET ST" }, "geometry": { "type": "Polygon", "coordinates": [ [ [ -75.189697073014386, 39.957055455377578 ], [ -75.189713502769052, 39.957036694609997 ], [ -75.189513676017626, 39.956931839686533 ], [ -75.189490877055562, 39.956973215887999 ], [ -75.189468078132251, 39.956966533278582 ], [ -75.1894482979733, 39.956999943479673 ], [ -75.189329945268426, 39.956958308679312 ], [ -75.189317565216825, 39.95694100599048 ], [ -75.189404560037559, 39.956525230322406 ], [ -75.189451652251904, 39.956513444881125 ], [ -75.189604872841855, 39.956590031241596 ], [ -75.189552169324315, 39.956650362987226 ], [ -75.189507198400293, 39.956864882731843 ], [ -75.189517364318718, 39.956881724216835 ], [ -75.189543851475577, 39.956875042515698 ], [ -75.189597495502156, 39.956904083714683 ], [ -75.189617947491968, 39.956883009754492 ], [ -75.189721549038254, 39.956936208308619 ], [ -75.189700762118619, 39.956958310068252 ], [ -75.189780557820939, 39.95700020118116 ], [ -75.189742335564688, 39.957045689575516 ], [ -75.189761447405431, 39.957055455073665 ], [ -75.189742336311241, 39.957079098925675 ], [ -75.189697073014386, 39.957055455377578 ] ] ] } },
{ "type": "Feature", "properties": { "gid": 511047, "building_name": null, "num_birds_near": 1, "approx_hgt": 40.0, "lights_out": 0, "address": "306 YORK AVE" }, "geometry": { "type": "Polygon", "coordinates": [ [ [ -75.146106590568863, 39.95638311365316 ], [ -75.14638193330245, 39.95636943399532 ], [ -75.146386364811491, 39.956415748750672 ], [ -75.146111122740052, 39.956430951628477 ], [ -75.146106590568863, 39.95638311365316 ] ] ] } },
{ "type": "Feature", "properties": { "gid": 513039, "building_name": null, "num_birds_near": 1, "approx_hgt": 35.0, "lights_out": 0, "address": "508 CARPENTER ST" }, "geometry": { "type": "Polygon", "coordinates": [ [ [ -75.152495620216357, 39.936035984595073 ], [ -75.152541965692109, 39.935885930974919 ], [ -75.152600095137416, 39.93589658846998 ], [ -75.152555798955404, 39.93604701739973 ], [ -75.152495620216357, 39.936035984595073 ] ] ] } },
{ "type": "Feature", "properties": { "gid": 513045, "building_name": null, "num_birds_near": 1, "approx_hgt": 30.0, "lights_out": 0, "address": "200-12 WALNUT ST" }, "geometry": { "type": "Polygon", "coordinates": [ [ [ -75.144546715521301, 39.946698185205591 ], [ -75.14456314318825, 39.946700352318786 ], [ -75.144587169635869, 39.946592427046411 ], [ -75.144921854428645, 39.946636564865102 ], [ -75.145043676778712, 39.946879912177586 ], [ -75.14452141139175, 39.946811036154273 ], [ -75.144546715521301, 39.946698185205591 ] ] ] } },
{ "type": "Feature", "properties": { "gid": 513306, "building_name": null, "num_birds_near": 1, "approx_hgt": 39.0, "lights_out": 0, "address": "110 N 34TH ST" }, "geometry": { "type": "Polygon", "coordinates": [ [ [ -75.191182076329028, 39.958107230671573 ], [ -75.191193760580063, 39.958053622835223 ], [ -75.191291382373663, 39.958049927623378 ], [ -75.191422797296241, 39.958070488819175 ], [ -75.191458282627323, 39.958102104619833 ], [ -75.19149243927653, 39.958106512819263 ], [ -75.191483838028759, 39.958145975168264 ], [ -75.191182076329028, 39.958107230671573 ] ] ] } },
{ "type": "Feature", "properties": { "gid": 513562, "building_name": null, "num_birds_near": 1, "approx_hgt": 35.0, "lights_out": 0, "address": "700 S 5TH ST" }, "geometry": { "type": "Polygon", "coordinates": [ [ [ -75.151048532391584, 39.940910423412767 ], [ -75.15103420259797, 39.940882328393535 ], [ -75.151050766298468, 39.940863216541139 ], [ -75.151229468074789, 39.940885316218754 ], [ -75.1512198303611, 39.940930999286039 ], [ -75.151048532391584, 39.940910423412767 ] ] ] } },
{ "type": "Feature", "properties": { "gid": 513597, "building_name": null, "num_birds_near": 1, "approx_hgt": 45.0, "lights_out": 0, "address": "33-37 S 16TH ST" }, "geometry": { "type": "Polygon", "coordinates": [ [ [ -75.166724157660724, 39.95176564436764 ], [ -75.166755238658851, 39.951627589198146 ], [ -75.167017416603926, 39.951660329328433 ], [ -75.16698826104313, 39.951798624338622 ], [ -75.166724157660724, 39.95176564436764 ] ] ] } },
{ "type": "Feature", "properties": { "gid": 514181, "building_name": null, "num_birds_near": 1, "approx_hgt": 33.0, "lights_out": 0, "address": "2330 PINE ST" }, "geometry": { "type": "Polygon", "coordinates": [ [ [ -75.180204734576066, 39.94738202969701 ], [ -75.180238392538612, 39.947242656987207 ], [ -75.180296547099928, 39.947251150901252 ], [ -75.180262394198664, 39.947389684508671 ], [ -75.180204734576066, 39.94738202969701 ] ] ] } },
{ "type": "Feature", "properties": { "gid": 515139, "building_name": null, "num_birds_near": 1, "approx_hgt": 36.0, "lights_out": 0, "address": "108 N 35TH ST" }, "geometry": { "type": "Polygon", "coordinates": [ [ [ -75.192523714796351, 39.95865437254573 ], [ -75.192522242780171, 39.958616280332159 ], [ -75.192623953090347, 39.958614439292866 ], [ -75.192625265513399, 39.958652169345648 ], [ -75.192523714796351, 39.95865437254573 ] ] ] } },
{ "type": "Feature", "properties": { "gid": 518911, "building_name": null, "num_birds_near": 1, "approx_hgt": 148.0, "lights_out": 0, "address": "1737-39 CHESTNUT ST" }, "geometry": { "type": "Polygon", "coordinates": [ [ [ -75.169975939677187, 39.952054511235048 ], [ -75.170052209508881, 39.951707805246045 ], [ -75.170233687505558, 39.95173928773071 ], [ -75.170172973174274, 39.952064772551154 ], [ -75.170144035667136, 39.952080329108888 ], [ -75.169975939677187, 39.952054511235048 ] ] ] } },
{ "type": "Feature", "properties": { "gid": 518913, "building_name": null, "num_birds_near": 1, "approx_hgt": 21.0, "lights_out": 0, "address": "1701-05 CHESTNUT ST" }, "geometry": { "type": "Polygon", "coordinates": [ [ [ -75.168981520317402, 39.951727761704859 ], [ -75.169009936364816, 39.951583493039138 ], [ -75.169069990570861, 39.95159089375565 ], [ -75.169040015510888, 39.951734970577149 ], [ -75.168981520317402, 39.951727761704859 ] ] ] } },
{ "type": "Feature", "properties": { "gid": 518915, "building_name": null, "num_birds_near": 1, "approx_hgt": 40.0, "lights_out": 0, "address": "1535-41 CHESTNUT ST" }, "geometry": { "type": "Polygon", "coordinates": [ [ [ -75.166759963690794, 39.951608375182445 ], [ -75.166823255242065, 39.951316431524852 ], [ -75.167060759251058, 39.951346090355983 ], [ -75.167079258803653, 39.951368450223505 ], [ -75.16702002530829, 39.95164941913815 ], [ -75.166759963690794, 39.951608375182445 ] ] ] } },
{ "type": "Feature", "properties": { "gid": 518951, "building_name": null, "num_birds_near": 1, "approx_hgt": 43.0, "lights_out": 0, "address": "121 S 10TH ST" }, "geometry": { "type": "Polygon", "coordinates": [ [ [ -75.156904650623304, 39.949109185421406 ], [ -75.157154259731442, 39.949142959899959 ], [ -75.157142194413893, 39.949194903740789 ], [ -75.156892712793919, 39.949160575294208 ], [ -75.156904650623304, 39.949109185421406 ] ] ] } },
{ "type": "Feature", "properties": { "gid": 518962, "building_name": null, "num_birds_near": 1, "approx_hgt": 24.0, "lights_out": 0, "address": "1900 WASHINGTON AVE" }, "geometry": { "type": "Polygon", "coordinates": [ [ [ -75.175030879028284, 39.93838674472304 ], [ -75.174955120525851, 39.938743512817119 ], [ -75.174854241805477, 39.938731022960425 ], [ -75.17492882654507, 39.938374107830313 ], [ -75.175030879028284, 39.93838674472304 ] ] ] } },
{ "type": "Feature", "properties": { "gid": 519163, "building_name": "Franklin Square Storage Facility", "num_birds_near": 1, "approx_hgt": 10.0, "lights_out": 0, "address": "200 N 6TH ST" }, "geometry": { "type": "Polygon", "coordinates": [ [ [ -75.150164199358201, 39.955449407677399 ], [ -75.150097867907661, 39.95551540402132 ], [ -75.1500654644191, 39.955496114907611 ], [ -75.15013179588226, 39.955430118582427 ], [ -75.150164199358201, 39.955449407677399 ] ] ] } },
{ "type": "Feature", "properties": { "gid": 519295, "building_name": null, "num_birds_near": 1, "approx_hgt": 129.0, "lights_out": 0, "address": "1825-51 N 10TH ST" }, "geometry": { "type": "Polygon", "coordinates": [ [ [ -75.150271383777337, 39.980759759355827 ], [ -75.149706109453433, 39.980685253877589 ], [ -75.149822057800066, 39.979855744790257 ], [ -75.150454279397891, 39.979934309209696 ], [ -75.150271383777337, 39.980759759355827 ] ] ] } },
{ "type": "Feature", "properties": { "gid": 520145, "building_name": "Blockley Hall", "num_birds_near": 1, "approx_hgt": 153.0, "lights_out": 0, "address": "3501 CURIE BLVD" }, "geometry": { "type": "Polygon", "coordinates": [ [ [ -75.196996618643496, 39.948534928416827 ], [ -75.197596685805806, 39.948375844770993 ], [ -75.197677557624516, 39.94855654703813 ], [ -75.197074916094593, 39.948716312659521 ], [ -75.196996618643496, 39.948534928416827 ] ] ] } },
{ "type": "Feature", "properties": { "gid": 520297, "building_name": "West Building", "num_birds_near": 1, "approx_hgt": 309.0, "lights_out": 0, "address": "200 LOCUST ST" }, "geometry": { "type": "Polygon", "coordinates": [ [ [ -75.144924054403816, 39.945660557301061 ], [ -75.144982212235547, 39.945346210524754 ], [ -75.145266199491189, 39.945383177130303 ], [ -75.145200565948485, 39.945689192803151 ], [ -75.144924054403816, 39.945660557301061 ] ] ] } },
{ "type": "Feature", "properties": { "gid": 520298, "building_name": "South Building", "num_birds_near": 1, "approx_hgt": 299.0, "lights_out": 0, "address": "200 LOCUST ST" }, "geometry": { "type": "Polygon", "coordinates": [ [ [ -75.144671591923782, 39.945186434698932 ], [ -75.1442757891637, 39.94513406238071 ], [ -75.144266041690329, 39.945126576898424 ], [ -75.144311596976706, 39.944922612745842 ], [ -75.144718808204516, 39.944968153995426 ], [ -75.144728248885414, 39.944977016436042 ], [ -75.144671591923782, 39.945186434698932 ] ] ] } },
{ "type": "Feature", "properties": { "gid": 521822, "building_name": null, "num_birds_near": 1, "approx_hgt": 51.0, "lights_out": 0, "address": "2027-31 ARCH ST" }, "geometry": { "type": "Polygon", "coordinates": [ [ [ -75.173839538698445, 39.95607483164013 ], [ -75.173872456837927, 39.955854833962469 ], [ -75.173945166361648, 39.955864439007563 ], [ -75.173897985706461, 39.956086477947252 ], [ -75.173856494765744, 39.956092507356388 ], [ -75.173839538698445, 39.95607483164013 ] ] ] } },
{ "type": "Feature", "properties": { "gid": 522530, "building_name": null, "num_birds_near": 1, "approx_hgt": 24.0, "lights_out": 0, "address": "5113 HADFIELD ST" }, "geometry": { "type": "Polygon", "coordinates": [ [ [ -75.225479202776143, 39.947323549277378 ], [ -75.22537071798115, 39.947232988020879 ], [ -75.225409483970822, 39.947205459908005 ], [ -75.225509115798062, 39.947302279211819 ], [ -75.225479202776143, 39.947323549277378 ] ] ] } },
{ "type": "Feature", "properties": { "gid": 523304, "building_name": null, "num_birds_near": 1, "approx_hgt": 41.0, "lights_out": 0, "address": "422 S 45TH ST" }, "geometry": { "type": "Polygon", "coordinates": [ [ [ -75.212752997397047, 39.950831231251321 ], [ -75.212762420561077, 39.950783007312964 ], [ -75.213001162431212, 39.950811133027251 ], [ -75.212990481722414, 39.950865794746058 ], [ -75.212752997397047, 39.950831231251321 ] ] ] } },
{ "type": "Feature", "properties": { "gid": 524430, "building_name": "Caneris Hall", "num_birds_near": 1, "approx_hgt": 77.0, "lights_out": 0, "address": "115-25 N 32ND ST" }, "geometry": { "type": "Polygon", "coordinates": [ [ [ -75.187759160418594, 39.957320290151173 ], [ -75.187530117093331, 39.957293377609659 ], [ -75.187544434745234, 39.957221211395506 ], [ -75.187556212398619, 39.957222595342863 ], [ -75.187599967992753, 39.956956282600125 ], [ -75.187612117415327, 39.956957710887671 ], [ -75.18762767079933, 39.95682384515144 ], [ -75.187640065011422, 39.956825301429838 ], [ -75.187656126309847, 39.956692867024451 ], [ -75.187704199372561, 39.956698516169816 ], [ -75.187721470008256, 39.95655984046288 ], [ -75.1878305778298, 39.956572660775855 ], [ -75.187826463658539, 39.956593398369527 ], [ -75.187901952068046, 39.956590789367148 ], [ -75.187759160418594, 39.957320290151173 ] ] ] } },
{ "type": "Feature", "properties": { "gid": 524460, "building_name": null, "num_birds_near": 1, "approx_hgt": 250.0, "lights_out": 0, "address": "201 S 18TH ST" }, "geometry": { "type": "Polygon", "coordinates": [ [ [ -75.170296295778456, 39.950045085065966 ], [ -75.170300473688698, 39.950024865706339 ], [ -75.170024252082356, 39.949991056630289 ], [ -75.170106345542678, 39.949663597519958 ], [ -75.170183370203148, 39.949674404100321 ], [ -75.170198862897365, 39.949599423416444 ], [ -75.170376967278926, 39.949621223319951 ], [ -75.170385281522371, 39.949580982785172 ], [ -75.17068630292691, 39.949608645189748 ], [ -75.17059399952781, 39.950077948478878 ], [ -75.170506475533742, 39.950067235833693 ], [ -75.170504130704174, 39.95007858180773 ], [ -75.170296295778456, 39.950045085065966 ] ] ] } },
{ "type": "Feature", "properties": { "gid": 524483, "building_name": "Robinson Building", "num_birds_near": 1, "approx_hgt": 56.0, "lights_out": 0, "address": "1010-16 MARKET ST" }, "geometry": { "type": "Polygon", "coordinates": [ [ [ -75.157168372555944, 39.951448618858052 ], [ -75.157279884121735, 39.950956733990516 ], [ -75.157534291448329, 39.950987636292453 ], [ -75.157417662555957, 39.951479264242259 ], [ -75.157168372555944, 39.951448618858052 ] ] ] } },
{ "type": "Feature", "properties": { "gid": 525125, "building_name": null, "num_birds_near": 1, "approx_hgt": 13.0, "lights_out": 0, "address": "1470 SPRING GARDEN ST" }, "geometry": { "type": "Polygon", "coordinates": [ [ [ -75.162961690586982, 39.96209960507661 ], [ -75.162859659736739, 39.962089448156561 ], [ -75.162867910032062, 39.962040375767643 ], [ -75.162969939639964, 39.962050532653869 ], [ -75.162961690586982, 39.96209960507661 ] ] ] } },
{ "type": "Feature", "properties": { "gid": 525380, "building_name": "McNeil Building", "num_birds_near": 1, "approx_hgt": 97.0, "lights_out": 0, "address": "3710-30 LOCUST WALK" }, "geometry": { "type": "Polygon", "coordinates": [ [ [ -75.197623213560462, 39.952210735702735 ], [ -75.197710804665604, 39.951788971972782 ], [ -75.198174993240713, 39.951846159367321 ], [ -75.198086878497989, 39.952268131587211 ], [ -75.197623213560462, 39.952210735702735 ] ] ] } },
{ "type": "Feature", "properties": { "gid": 525436, "building_name": "University Crossings", "num_birds_near": 1, "approx_hgt": 224.0, "lights_out": 0, "address": "3175 JOHN F KENNEDY BLVD" }, "geometry": { "type": "Polygon", "coordinates": [ [ [ -75.187161636421123, 39.955862859285496 ], [ -75.188071695184121, 39.955978195131877 ], [ -75.187980680573276, 39.9564035326623 ], [ -75.187070616231935, 39.956288196988723 ], [ -75.187161636421123, 39.955862859285496 ] ] ] } },
{ "type": "Feature", "properties": { "gid": 525880, "building_name": "Police South Street Sub Station", "num_birds_near": 1, "approx_hgt": 33.0, "lights_out": 0, "address": "905-49 SOUTH ST" }, "geometry": { "type": "Polygon", "coordinates": [ [ [ -75.157288456143263, 39.943008354033793 ], [ -75.157349641131873, 39.942714775133766 ], [ -75.158520103327291, 39.942860119914258 ], [ -75.158458583056017, 39.943153657517556 ], [ -75.157288456143263, 39.943008354033793 ] ] ] } },
{ "type": "Feature", "properties": { "gid": 527374, "building_name": "Sedgeley Boat Club Building - Boathouse Row #15", "num_birds_near": 1, "approx_hgt": 39.0, "lights_out": 0, "address": "15 JOHN B KELLY DR" }, "geometry": { "type": "Polygon", "coordinates": [ [ [ -75.189723909502789, 39.969971587095493 ], [ -75.189661872625649, 39.969931927936486 ], [ -75.18964424046699, 39.969899587465171 ], [ -75.189704882861705, 39.969862161435756 ], [ -75.1896836911625, 39.969841833945821 ], [ -75.189761501932907, 39.969793812249762 ], [ -75.189879523901013, 39.969907023700465 ], [ -75.189842718377392, 39.969929739403312 ], [ -75.189887501572173, 39.969984867574269 ], [ -75.189848944755255, 39.970014930652759 ], [ -75.189794284823947, 39.969983236193009 ], [ -75.189723909502789, 39.969971587095493 ] ] ] } },
{ "type": "Feature", "properties": { "gid": 527535, "building_name": "FS Investments", "num_birds_near": 1, "approx_hgt": 75.0, "lights_out": 0, "address": "201 ROUSE BLV" }, "geometry": { "type": "Polygon", "coordinates": [ [ [ -75.17124130962145, 39.895170036055404 ], [ -75.170846738713848, 39.89493309489869 ], [ -75.170545514816411, 39.894752205920895 ], [ -75.170750359255251, 39.89454981730475 ], [ -75.171446153282034, 39.89496764529526 ], [ -75.17124130962145, 39.895170036055404 ] ] ] } },
{ "type": "Feature", "properties": { "gid": 528754, "building_name": "Municipal Court", "num_birds_near": 1, "approx_hgt": 284.0, "lights_out": 0, "address": "1327-39 CHESTNUT ST" }, "geometry": { "type": "Polygon", "coordinates": [ [ [ -75.163402762907737, 39.950839271817635 ], [ -75.163280564930062, 39.951445956799539 ], [ -75.162746369750778, 39.951377605843021 ], [ -75.162877186638411, 39.950772023056729 ], [ -75.163402762907737, 39.950839271817635 ] ] ] } },
{ "type": "Feature", "properties": { "gid": 529073, "building_name": null, "num_birds_near": 1, "approx_hgt": 30.0, "lights_out": 0, "address": "1714 WASHINGTON AVE" }, "geometry": { "type": "Polygon", "coordinates": [ [ [ -75.172419179973204, 39.938292985962498 ], [ -75.172168276341196, 39.9382693206516 ], [ -75.172219070740184, 39.938043760566508 ], [ -75.172467829460061, 39.938076955332853 ], [ -75.172419179973204, 39.938292985962498 ] ] ] } },
{ "type": "Feature", "properties": { "gid": 529240, "building_name": "Woodland Hall", "num_birds_near": 1, "approx_hgt": 52.0, "lights_out": 0, "address": "4500-12 WOODLAND AVE" }, "geometry": { "type": "Polygon", "coordinates": [ [ [ -75.208416024348793, 39.944581985694015 ], [ -75.208705778746591, 39.944370304484067 ], [ -75.208908989949421, 39.94454075083258 ], [ -75.208882435627558, 39.944565689671862 ], [ -75.20890444900121, 39.944563952831032 ], [ -75.209130017102396, 39.944753151099867 ], [ -75.209117723158428, 39.944761834695107 ], [ -75.209131992218175, 39.944773803468024 ], [ -75.209145406744042, 39.944764328389098 ], [ -75.20918072546867, 39.944790692972411 ], [ -75.208837402184813, 39.945088862275298 ], [ -75.208515773173318, 39.944817501537763 ], [ -75.208501034771459, 39.944827911280676 ], [ -75.208462280865177, 39.944795405716356 ], [ -75.208477880180922, 39.944784387057823 ], [ -75.208455185118225, 39.944765351431421 ], [ -75.208512301531115, 39.944725008848643 ], [ -75.208480417720935, 39.944698265164341 ], [ -75.208520718036169, 39.944669799958028 ], [ -75.208416024348793, 39.944581985694015 ] ] ] } },
{ "type": "Feature", "properties": { "gid": 529997, "building_name": null, "num_birds_near": 1, "approx_hgt": 143.0, "lights_out": 0, "address": "1530-32 CHESTNUT ST" }, "geometry": { "type": "Polygon", "coordinates": [ [ [ -75.166968593665374, 39.950726880159444 ], [ -75.167203170893472, 39.950753191337171 ], [ -75.167110809528594, 39.951211270733594 ], [ -75.166867822417217, 39.95118176422347 ], [ -75.166968593665374, 39.950726880159444 ] ] ] } },
{ "type": "Feature", "properties": { "gid": 530007, "building_name": null, "num_birds_near": 1, "approx_hgt": 193.0, "lights_out": 0, "address": "1425 WALNUT ST" }, "geometry": { "type": "Polygon", "coordinates": [ [ [ -75.165267706930692, 39.949832215742227 ], [ -75.165327047231784, 39.949563329900116 ], [ -75.165404076893211, 39.949573308184235 ], [ -75.16534204820816, 39.949841845154253 ], [ -75.165267706930692, 39.949832215742227 ] ] ] } },
{ "type": "Feature", "properties": { "gid": 530606, "building_name": "Class of 1925 House", "num_birds_near": 1, "approx_hgt": 39.0, "lights_out": 0, "address": "3907-15 SPRUCE ST" }, "geometry": { "type": "Polygon", "coordinates": [ [ [ -75.202799089704101, 39.952564663414513 ], [ -75.202398713402317, 39.952515728315291 ], [ -75.202392007541903, 39.952547855119207 ], [ -75.202301483634557, 39.95253577579539 ], [ -75.202308189273623, 39.952503905776929 ], [ -75.202250521553125, 39.952496452120087 ], [ -75.202281300054594, 39.952362726768939 ], [ -75.202321844074845, 39.95236788724749 ], [ -75.202328090968251, 39.952338821773715 ], [ -75.202438354504835, 39.952352857693235 ], [ -75.202434009285184, 39.95237307701003 ], [ -75.202682253968575, 39.952401007246976 ], [ -75.202685770917483, 39.952384642040464 ], [ -75.202761015693198, 39.952394221151529 ], [ -75.202755141966037, 39.95242155058957 ], [ -75.202827856092938, 39.952430806759843 ], [ -75.202799089704101, 39.952564663414513 ] ] ] } },
{ "type": "Feature", "properties": { "gid": 530918, "building_name": null, "num_birds_near": 1, "approx_hgt": 55.0, "lights_out": 0, "address": "3704-06 LOCUST WALK" }, "geometry": { "type": "Polygon", "coordinates": [ [ [ -75.197522481523578, 39.952187641302253 ], [ -75.197313686130499, 39.952161875232918 ], [ -75.197351362728014, 39.952018459238566 ], [ -75.197392004158203, 39.952023474973231 ], [ -75.197385812508415, 39.952053195581065 ], [ -75.197545657900591, 39.952076398215752 ], [ -75.197522481523578, 39.952187641302253 ] ] ] } },
{ "type": "Feature", "properties": { "gid": 531102, "building_name": null, "num_birds_near": 1, "approx_hgt": 34.0, "lights_out": 0, "address": "1535 SOUTH ST" }, "geometry": { "type": "Polygon", "coordinates": [ [ [ -75.168284973963353, 39.944298457668793 ], [ -75.168233586743639, 39.94429218585416 ], [ -75.168280749957944, 39.944064748803093 ], [ -75.168340694807839, 39.94407223227909 ], [ -75.168284973963353, 39.944298457668793 ] ] ] } },
{ "type": "Feature", "properties": { "gid": 531778, "building_name": "Penn Cardiology Pennsylvania Hospital", "num_birds_near": 1, "approx_hgt": 93.0, "lights_out": 0, "address": "230-34 W WASHINGTON SQ" }, "geometry": { "type": "Polygon", "coordinates": [ [ [ -75.154115670190237, 39.946578670399497 ], [ -75.154030195301814, 39.946568087820843 ], [ -75.154019387328049, 39.946538751150648 ], [ -75.15375607955194, 39.946506268739704 ], [ -75.153750736544836, 39.946531825881472 ], [ -75.153593029528736, 39.946512369091643 ], [ -75.153675284477359, 39.946123591526451 ], [ -75.154197249474919, 39.946188350907406 ], [ -75.154115670190237, 39.946578670399497 ] ] ] } },
{ "type": "Feature", "properties": { "gid": 532058, "building_name": "Barringer Building", "num_birds_near": 1, "approx_hgt": 97.0, "lights_out": 0, "address": "912-28 WALNUT ST" }, "geometry": { "type": "Polygon", "coordinates": [ [ [ -75.156529891903475, 39.948300793449093 ], [ -75.15656184857832, 39.948159193298892 ], [ -75.15715759836992, 39.948238837700004 ], [ -75.157237375580124, 39.947885334422445 ], [ -75.157423014204682, 39.947910152324056 ], [ -75.157315661540139, 39.948385856190995 ], [ -75.157284528486002, 39.94840399537847 ], [ -75.156529891903475, 39.948300793449093 ] ] ] } },
{ "type": "Feature", "properties": { "gid": 532891, "building_name": "Fairmount Park Information Center Building", "num_birds_near": 1, "approx_hgt": 26.0, "lights_out": 0, "address": "1501 JOHN F KENNEDY BLVD" }, "geometry": { "type": "Polygon", "coordinates": [ [ [ -75.166111295507832, 39.954206531619633 ], [ -75.166053645025428, 39.954188884059811 ], [ -75.166010567015249, 39.954146981494532 ], [ -75.166008891622312, 39.954071934372628 ], [ -75.16607862893818, 39.954016163939507 ], [ -75.166144342330497, 39.95400896836609 ], [ -75.166203350255714, 39.954026444633364 ], [ -75.16625699430999, 39.954093009801412 ], [ -75.166248612372257, 39.954144925706998 ], [ -75.16618088728994, 39.954199411674161 ], [ -75.166111295507832, 39.954206531619633 ] ] ] } },
{ "type": "Feature", "properties": { "gid": 533595, "building_name": null, "num_birds_near": 1, "approx_hgt": 45.0, "lights_out": 0, "address": "124 S 22ND ST" }, "geometry": { "type": "Polygon", "coordinates": [ [ [ -75.177292699129765, 39.95165329325804 ], [ -75.177405713459834, 39.951668032256521 ], [ -75.177403050444838, 39.951680204646031 ], [ -75.177497337651516, 39.95167986498938 ], [ -75.177562369425189, 39.951699726628725 ], [ -75.177571527892866, 39.951728144464134 ], [ -75.177553482982916, 39.951740931459376 ], [ -75.177280699322367, 39.951709716584467 ], [ -75.177292699129765, 39.95165329325804 ] ] ] } },
{ "type": "Feature", "properties": { "gid": 534706, "building_name": null, "num_birds_near": 1, "approx_hgt": 41.0, "lights_out": 0, "address": "2226 LOMBARD ST" }, "geometry": { "type": "Polygon", "coordinates": [ [ [ -75.179452078127255, 39.946365693051781 ], [ -75.179370121535356, 39.946355481288094 ], [ -75.179407022288729, 39.946169195608057 ], [ -75.179457078447243, 39.946175621745766 ], [ -75.179441254234078, 39.946248641730854 ], [ -75.179469748117683, 39.94625229963264 ], [ -75.179452078127255, 39.946365693051781 ] ] ] } },
{ "type": "Feature", "properties": { "gid": 535389, "building_name": null, "num_birds_near": 1, "approx_hgt": 52.0, "lights_out": 0, "address": "1733-35 CHESTNUT ST" }, "geometry": { "type": "Polygon", "coordinates": [ [ [ -75.169925463314243, 39.952025112883113 ], [ -75.169992882833867, 39.9517099433128 ], [ -75.170051286558348, 39.95171228684579 ], [ -75.169980617164967, 39.95203183975228 ], [ -75.169925463314243, 39.952025112883113 ] ] ] } },
{ "type": "Feature", "properties": { "gid": 535391, "building_name": null, "num_birds_near": 1, "approx_hgt": 31.0, "lights_out": 0, "address": "1729 CHESTNUT ST" }, "geometry": { "type": "Polygon", "coordinates": [ [ [ -75.169735531050662, 39.952001948905092 ], [ -75.16980334181504, 39.951686826972377 ], [ -75.169864379113903, 39.951694271008343 ], [ -75.169796313412434, 39.952009362008035 ], [ -75.169735531050662, 39.952001948905092 ] ] ] } },
{ "type": "Feature", "properties": { "gid": 535616, "building_name": null, "num_birds_near": 1, "approx_hgt": 56.0, "lights_out": 0, "address": "227-29 W THOMPSON ST" }, "geometry": { "type": "Polygon", "coordinates": [ [ [ -75.14026956089468, 39.971080998993706 ], [ -75.14030279892647, 39.971193323894518 ], [ -75.140196531516551, 39.971210300247961 ], [ -75.140169660121245, 39.971097320931207 ], [ -75.14026956089468, 39.971080998993706 ] ] ] } },
{ "type": "Feature", "properties": { "gid": 536242, "building_name": null, "num_birds_near": 1, "approx_hgt": 40.0, "lights_out": 0, "address": "713 FAIRMOUNT AVE" }, "geometry": { "type": "Polygon", "coordinates": [ [ [ -75.14974244267168, 39.964295581252429 ], [ -75.149792343607288, 39.964195491034729 ], [ -75.149836948416478, 39.964208460326766 ], [ -75.149787047537089, 39.964308550563935 ], [ -75.14974244267168, 39.964295581252429 ] ] ] } },
{ "type": "Feature", "properties": { "gid": 536357, "building_name": null, "num_birds_near": 1, "approx_hgt": 176.0, "lights_out": 0, "address": "250 N CHRIS COLUMBUS BLVD" }, "geometry": { "type": "Polygon", "coordinates": [ [ [ -75.140119663978666, 39.954336329397549 ], [ -75.139946226805918, 39.954930394270256 ], [ -75.140186460049136, 39.955075396059719 ], [ -75.140111941672288, 39.955305526051298 ], [ -75.139572323940826, 39.954979818708601 ], [ -75.139636457168677, 39.954899624075011 ], [ -75.139606288987522, 39.954881415376491 ], [ -75.139668574787521, 39.954803531251144 ], [ -75.139773126090859, 39.95486663746788 ], [ -75.139793356533417, 39.954847915990712 ], [ -75.139958603771461, 39.954307556832887 ], [ -75.140119663978666, 39.954336329397549 ] ] ] } },
{ "type": "Feature", "properties": { "gid": 536393, "building_name": "The Cast Iron Building", "num_birds_near": 1, "approx_hgt": 117.0, "lights_out": 0, "address": "720 ARCH ST" }, "geometry": { "type": "Polygon", "coordinates": [ [ [ -75.152455925336298, 39.952234886376864 ], [ -75.15273295932046, 39.952268107397366 ], [ -75.15266362903418, 39.952590133376411 ], [ -75.152634582856749, 39.952586429307402 ], [ -75.152538972159704, 39.953030513819641 ], [ -75.152291424001447, 39.952998945885781 ], [ -75.152455925336298, 39.952234886376864 ] ] ] } },
{ "type": "Feature", "properties": { "gid": 536475, "building_name": "Liacouras Garage", "num_birds_near": 1, "approx_hgt": 55.0, "lights_out": 0, "address": "1710-50 N 15TH ST" }, "geometry": { "type": "Polygon", "coordinates": [ [ [ -75.159537275280059, 39.979505742233975 ], [ -75.159585798014845, 39.979293753069335 ], [ -75.160186326342753, 39.979370778804885 ], [ -75.159946049981201, 39.980474198199722 ], [ -75.159344075339746, 39.980396980180153 ], [ -75.159524078611696, 39.979504041429081 ], [ -75.159537275280059, 39.979505742233975 ] ] ] } },
{ "type": "Feature", "properties": { "gid": 536481, "building_name": "Hill Pavilion", "num_birds_near": 1, "approx_hgt": 90.0, "lights_out": 0, "address": "401 UNIVERSITY AVE" }, "geometry": { "type": "Polygon", "coordinates": [ [ [ -75.20057058644106, 39.950028575611547 ], [ -75.20003910384365, 39.950191617129434 ], [ -75.200017687745614, 39.95015579732339 ], [ -75.199986052569159, 39.950165524934327 ], [ -75.199946712903511, 39.950090446325078 ], [ -75.199982735536878, 39.950079445841261 ], [ -75.199848385724252, 39.949823057756767 ], [ -75.199893982995391, 39.94981072135419 ], [ -75.199878976683422, 39.949749601471552 ], [ -75.199889961680483, 39.949731558021504 ], [ -75.199984654477944, 39.949698732269944 ], [ -75.200023776971733, 39.949769673136664 ], [ -75.200133360555526, 39.949742560911425 ], [ -75.200160167112827, 39.94970723651516 ], [ -75.200328494044427, 39.949760356153305 ], [ -75.200408590061627, 39.949815587764533 ], [ -75.200488335821305, 39.949817322529071 ], [ -75.2004816435945, 39.949874028027374 ], [ -75.200537732643127, 39.949875318905598 ], [ -75.200533934162635, 39.949949595233768 ], [ -75.200573383163231, 39.94995148120168 ], [ -75.20057058644106, 39.950028575611547 ] ] ] } },
{ "type": "Feature", "properties": { "gid": 536513, "building_name": null, "num_birds_near": 1, "approx_hgt": 252.0, "lights_out": 0, "address": "3500 CIVIC CENTER BLVD" }, "geometry": { "type": "Polygon", "coordinates": [ [ [ -75.193423029758705, 39.946633735568469 ], [ -75.193471309127574, 39.946692340061283 ], [ -75.193522941378134, 39.946668178072869 ], [ -75.193596175132569, 39.946760945352544 ], [ -75.19362888841988, 39.946722669944506 ], [ -75.19364095867158, 39.946735522422912 ], [ -75.193673145108789, 39.946721642610242 ], [ -75.193731148027325, 39.946767394617481 ], [ -75.193842458617112, 39.946891543659241 ], [ -75.193931306537095, 39.947039338941977 ], [ -75.19390012608234, 39.947054761245319 ], [ -75.193930971393584, 39.947086119806649 ], [ -75.194003055121172, 39.946991273560116 ], [ -75.194091903761617, 39.946966341402991 ], [ -75.194157362686553, 39.946972388028712 ], [ -75.194208145994153, 39.94701492629374 ], [ -75.194363476076717, 39.946995901089451 ], [ -75.19445064839114, 39.947022632815496 ], [ -75.194533461020214, 39.947081495409961 ], [ -75.194563635035507, 39.947129559701288 ], [ -75.194568999813072, 39.947194589482116 ], [ -75.194546201067126, 39.947262960698637 ], [ -75.194474089783, 39.947342242689224 ], [ -75.194333300893206, 39.947409470616023 ], [ -75.194233723391321, 39.947430031885141 ], [ -75.194116713092427, 39.947425405310817 ], [ -75.194102799094537, 39.947480795426983 ], [ -75.194072623537608, 39.947522435116134 ], [ -75.193941363290222, 39.947612524404093 ], [ -75.193824687722525, 39.947654163541131 ], [ -75.193739527424455, 39.947634114805922 ], [ -75.193697953547442, 39.947591447322708 ], [ -75.193679849230278, 39.947598644701976 ], [ -75.193614134924943, 39.947511252910999 ], [ -75.193646991993077, 39.947495831107197 ], [ -75.193145421725319, 39.946838849359764 ], [ -75.193175306993595, 39.94682555719735 ], [ -75.193205623948202, 39.946866279152637 ], [ -75.193297359567254, 39.946825820956946 ], [ -75.19321607201833, 39.946716633307958 ], [ -75.193423029758705, 39.946633735568469 ] ] ] } },
{ "type": "Feature", "properties": { "gid": 536517, "building_name": "Stellar-Chance Laboratories", "num_birds_near": 1, "approx_hgt": 205.0, "lights_out": 0, "address": "3501 CURIE BLVD" }, "geometry": { "type": "Polygon", "coordinates": [ [ [ -75.197120272230364, 39.948798472098261 ], [ -75.196689379215201, 39.948994358465093 ], [ -75.196455696605796, 39.948687020304263 ], [ -75.196885007075679, 39.94849685973864 ], [ -75.197120272230364, 39.948798472098261 ] ] ] } },
{ "type": "Feature", "properties": { "gid": 536708, "building_name": null, "num_birds_near": 1, "approx_hgt": 29.0, "lights_out": 0, "address": "461 UNIVERSITY AVE" }, "geometry": { "type": "Polygon", "coordinates": [ [ [ -75.195720835395846, 39.948618548695187 ], [ -75.195997772385766, 39.948495175471166 ], [ -75.196018391975855, 39.948521906126359 ], [ -75.195740783474406, 39.94864785033262 ], [ -75.195720835395846, 39.948618548695187 ] ] ] } },
{ "type": "Feature", "properties": { "gid": 536709, "building_name": null, "num_birds_near": 1, "approx_hgt": 86.0, "lights_out": 0, "address": "3501 CURIE BLVD" }, "geometry": { "type": "Polygon", "coordinates": [ [ [ -75.197004812451084, 39.948852277166402 ], [ -75.197043830555586, 39.94883445610057 ], [ -75.197097943697528, 39.948917383501083 ], [ -75.197068453957328, 39.948935973489498 ], [ -75.197004812451084, 39.948852277166402 ] ] ] } },
{ "type": "Feature", "properties": { "gid": 536710, "building_name": null, "num_birds_near": 1, "approx_hgt": 248.0, "lights_out": 0, "address": "5501-35 E WISTER ST" }, "geometry": { "type": "Polygon", "coordinates": [ [ [ -75.192383036403172, 39.948478379975455 ], [ -75.19242490269265, 39.94845869041135 ], [ -75.192695170114192, 39.948849467949067 ], [ -75.192670185884921, 39.948994689189725 ], [ -75.192619489662107, 39.94893806586753 ], [ -75.192639750915717, 39.948840604382525 ], [ -75.192383036403172, 39.948478379975455 ] ] ] } },
{ "type": "Feature", "properties": { "gid": 537901, "building_name": null, "num_birds_near": 1, "approx_hgt": 44.0, "lights_out": 0, "address": "116 N 34TH ST" }, "geometry": { "type": "Polygon", "coordinates": [ [ [ -75.191414955158805, 39.958528481035714 ], [ -75.191129700333462, 39.958495087175734 ], [ -75.191163782521784, 39.958335854826295 ], [ -75.191444063718478, 39.958368763765627 ], [ -75.191414955158805, 39.958528481035714 ] ] ] } },
{ "type": "Feature", "properties": { "gid": 538338, "building_name": "US Post Office", "num_birds_near": 1, "approx_hgt": 69.0, "lights_out": 0, "address": "125 S 31ST ST" }, "geometry": { "type": "Polygon", "coordinates": [ [ [ -75.183953341653734, 39.952884517372659 ], [ -75.185300384258582, 39.953052445422216 ], [ -75.185221020059174, 39.953428229332495 ], [ -75.183868147291093, 39.953258988853001 ], [ -75.183953341653734, 39.952884517372659 ] ] ] } },
{ "type": "Feature", "properties": { "gid": 538342, "building_name": null, "num_birds_near": 1, "approx_hgt": 229.0, "lights_out": 0, "address": "500 OSLER CIR" }, "geometry": { "type": "Polygon", "coordinates": [ [ [ -75.196437480283876, 39.947762994371736 ], [ -75.196575118730678, 39.947945130713514 ], [ -75.196551649002444, 39.947953869645779 ], [ -75.196827244813946, 39.948318340856709 ], [ -75.196585678588391, 39.948426806167113 ], [ -75.196556174600715, 39.948426806167923 ], [ -75.196506553856551, 39.948366661307531 ], [ -75.196478390843438, 39.948370260023403 ], [ -75.196458944510056, 39.948378998413411 ], [ -75.19647436655562, 39.948397505123026 ], [ -75.196135738130238, 39.948606725859769 ], [ -75.196123668852366, 39.948589247922143 ], [ -75.196083434915835, 39.948608267872814 ], [ -75.195988385686917, 39.948481295500009 ], [ -75.196037921959473, 39.948459276042513 ], [ -75.195970280271681, 39.948401102011701 ], [ -75.195974159554581, 39.948319792479211 ], [ -75.196007775707898, 39.948281679771227 ], [ -75.196076848075819, 39.948255818245237 ], [ -75.196172117055355, 39.94826179224286 ], [ -75.196168763457095, 39.948288008903916 ], [ -75.196231878640049, 39.948259678336306 ], [ -75.196203631976559, 39.948220153913255 ], [ -75.19632768497317, 39.948180056964091 ], [ -75.196093522267148, 39.947864773025522 ], [ -75.196379112099805, 39.947738510191598 ], [ -75.196407481233379, 39.947778573398686 ], [ -75.196437480283876, 39.947762994371736 ] ] ] } },
{ "type": "Feature", "properties": { "gid": 538394, "building_name": "Building 661", "num_birds_near": 1, "approx_hgt": 40.0, "lights_out": 0, "address": "4960 S 12TH ST" }, "geometry": { "type": "Polygon", "coordinates": [ [ [ -75.172254658665324, 39.890934603396957 ], [ -75.172149554977608, 39.890941586401567 ], [ -75.17213554249085, 39.890928899406973 ], [ -75.172096855928885, 39.890729039662979 ], [ -75.172075470708251, 39.890457704316297 ], [ -75.172250024702208, 39.890444677197429 ], [ -75.172251964422344, 39.890460094804617 ], [ -75.172626698456554, 39.890432126587953 ], [ -75.172682240193524, 39.890873698661728 ], [ -75.172307632746239, 39.890901658245127 ], [ -75.172309484476486, 39.890916373784954 ], [ -75.172252897026254, 39.890920597177299 ], [ -75.172254658665324, 39.890934603396957 ] ] ] } },
{ "type": "Feature", "properties": { "gid": 538405, "building_name": "Jefferson at Washington Square", "num_birds_near": 1, "approx_hgt": 55.0, "lights_out": 0, "address": "200 W WASHINGTON SQ" }, "geometry": { "type": "Polygon", "coordinates": [ [ [ -75.153788731894082, 39.947782577878897 ], [ -75.153806109167789, 39.947823142175473 ], [ -75.15382751242835, 39.947824488023201 ], [ -75.153796937679772, 39.94797168799937 ], [ -75.153416049831748, 39.947925122961763 ], [ -75.153391314688946, 39.94792748768112 ], [ -75.153385157551298, 39.947958320756641 ], [ -75.153350567487237, 39.947954229120995 ], [ -75.15335652194419, 39.947924411409929 ], [ -75.153281677655002, 39.94790738973807 ], [ -75.153380146919375, 39.947453374547734 ], [ -75.153572774319031, 39.947478499317299 ], [ -75.153552269560493, 39.947581176376794 ], [ -75.153524430175224, 39.947577715150281 ], [ -75.15349845872089, 39.947707769294219 ], [ -75.153515617599098, 39.94772530860552 ], [ -75.153508108249852, 39.947762916457613 ], [ -75.153788731894082, 39.947782577878897 ] ] ] } },
{ "type": "Feature", "properties": { "gid": 538467, "building_name": null, "num_birds_near": 1, "approx_hgt": 219.0, "lights_out": 1, "address": "3737 MARKET ST" }, "geometry": { "type": "Polygon", "coordinates": [ [ [ -75.197240544032866, 39.95726483873036 ], [ -75.197346982859486, 39.95675571419185 ], [ -75.19750408627165, 39.956776249926335 ], [ -75.197526095374172, 39.956723915563558 ], [ -75.197903015833049, 39.956799368291129 ], [ -75.197727158576242, 39.957326121221655 ], [ -75.197528183991324, 39.95728693588093 ], [ -75.197525476170256, 39.957300453768383 ], [ -75.197240544032866, 39.95726483873036 ] ] ] } },
{ "type": "Feature", "properties": { "gid": 538547, "building_name": null, "num_birds_near": 1, "approx_hgt": 57.0, "lights_out": 0, "address": "1926-34 ARCH ST" }, "geometry": { "type": "Polygon", "coordinates": [ [ [ -75.172171916215063, 39.955435272624648 ], [ -75.172262917235955, 39.955031086589429 ], [ -75.172578062340733, 39.955075401639185 ], [ -75.172492868826808, 39.955483914393433 ], [ -75.172171916215063, 39.955435272624648 ] ] ] } },
{ "type": "Feature", "properties": { "gid": 538698, "building_name": null, "num_birds_near": 1, "approx_hgt": 30.0, "lights_out": 0, "address": "3940 BALTIMORE AVE" }, "geometry": { "type": "Polygon", "coordinates": [ [ [ -75.203116527837295, 39.949750103549015 ], [ -75.202780271432445, 39.949796417380234 ], [ -75.202768637672733, 39.949749815911062 ], [ -75.202811635106031, 39.949743046488713 ], [ -75.20280490825678, 39.949714290245019 ], [ -75.203063182229286, 39.949675971070882 ], [ -75.203067049513095, 39.949691790264701 ], [ -75.203100315995442, 39.949686807585621 ], [ -75.203116527837295, 39.949750103549015 ] ] ] } },
{ "type": "Feature", "properties": { "gid": 539495, "building_name": null, "num_birds_near": 1, "approx_hgt": 88.0, "lights_out": 0, "address": "1708-16 CHANCELLOR ST" }, "geometry": { "type": "MultiPolygon", "coordinates": [ [ [ [ -75.169673955324498, 39.949415566660242 ], [ -75.169730891039663, 39.949145531893393 ], [ -75.170067698854908, 39.94918759820559 ], [ -75.170007707091827, 39.949457250817161 ], [ -75.169673955324498, 39.949415566660242 ] ] ], [ [ [ -75.158644802756911, 39.953912475062033 ], [ -75.158667690930841, 39.953805508179606 ], [ -75.159110603718489, 39.953858010635514 ], [ -75.159086996550784, 39.953968345565578 ], [ -75.158644802756911, 39.953912475062033 ] ] ] ] } },
{ "type": "Feature", "properties": { "gid": 539496, "building_name": "Warwick Hotel", "num_birds_near": 1, "approx_hgt": 226.0, "lights_out": 0, "address": "1701-15 LOCUST ST" }, "geometry": { "type": "Polygon", "coordinates": [ [ [ -75.170112630700757, 39.948972576700726 ], [ -75.170080259343592, 39.949128024669278 ], [ -75.169700300843985, 39.949089037702045 ], [ -75.169711977849133, 39.94903365475605 ], [ -75.169696726046652, 39.949031750187075 ], [ -75.169617351326977, 39.949408209601849 ], [ -75.169312692760329, 39.94937015764625 ], [ -75.169341783142485, 39.949232193168214 ], [ -75.169391134663755, 39.949222226502918 ], [ -75.169404009839411, 39.949161164427025 ], [ -75.16936643611804, 39.949156470816703 ], [ -75.16937642276477, 39.949109106722311 ], [ -75.169415068425863, 39.949113933470159 ], [ -75.16942745074779, 39.949055212847817 ], [ -75.169396877277151, 39.949051393951031 ], [ -75.169402270220232, 39.949025820207744 ], [ -75.169388745184932, 39.949024131047125 ], [ -75.16941759124613, 39.948887320661491 ], [ -75.170112630700757, 39.948972576700726 ] ] ] } },
{ "type": "Feature", "properties": { "gid": 539504, "building_name": null, "num_birds_near": 1, "approx_hgt": 73.0, "lights_out": 0, "address": "321 CHESTNUT ST" }, "geometry": { "type": "Polygon", "coordinates": [ [ [ -75.146838815360056, 39.949326705554419 ], [ -75.146715328147337, 39.949310650635944 ], [ -75.146718848397498, 39.949228856728006 ], [ -75.146748240305214, 39.949155447446763 ], [ -75.146814765471632, 39.948824322702841 ], [ -75.146939663830778, 39.948840587059941 ], [ -75.146838815360056, 39.949326705554419 ] ] ] } },
{ "type": "Feature", "properties": { "gid": 539774, "building_name": null, "num_birds_near": 1, "approx_hgt": 265.0, "lights_out": 0, "address": "237-47 S 18TH ST" }, "geometry": { "type": "Polygon", "coordinates": [ [ [ -75.170897235306938, 39.948740234525843 ], [ -75.17066949996854, 39.948713230484444 ], [ -75.170686492923707, 39.948632785510263 ], [ -75.170673316256782, 39.94863111064123 ], [ -75.170678145218247, 39.948608260540269 ], [ -75.170691518555927, 39.948609935326488 ], [ -75.170705348700182, 39.948544467932855 ], [ -75.170578963483962, 39.948528652029182 ], [ -75.170583416913615, 39.948582025441496 ], [ -75.170567750563421, 39.94858006481126 ], [ -75.17054257455365, 39.948699239563375 ], [ -75.170328219242677, 39.948672415011394 ], [ -75.170391326530378, 39.948373684587743 ], [ -75.170959051777729, 39.948444728371626 ], [ -75.170931628666054, 39.948574547681766 ], [ -75.170953516825037, 39.948577286982804 ], [ -75.170940092259585, 39.948640834453833 ], [ -75.17091879594895, 39.948638169727808 ], [ -75.170897235306938, 39.948740234525843 ] ] ] } },
{ "type": "Feature", "properties": { "gid": 539905, "building_name": "Jefferson East Falls Fortess Hall", "num_birds_near": 1, "approx_hgt": 35.0, "lights_out": 0, "address": "3480-90 W SCHOOL HOUSE LN" }, "geometry": { "type": "Polygon", "coordinates": [ [ [ -75.196237132360537, 40.015337695403261 ], [ -75.196352570235177, 40.015277178580241 ], [ -75.196206986604153, 40.015149976684313 ], [ -75.196341647954739, 40.015058859669466 ], [ -75.196425665765986, 40.01513226989055 ], [ -75.196885283931465, 40.014821269433781 ], [ -75.19702904043416, 40.014946872896076 ], [ -75.19643412333599, 40.015349423028745 ], [ -75.196403474767521, 40.01533967002856 ], [ -75.196414488843374, 40.015332217747336 ], [ -75.196372560318665, 40.015295583808992 ], [ -75.19629579115481, 40.01534752820011 ], [ -75.196284940591198, 40.015338047961542 ], [ -75.196258813362604, 40.015355726507075 ], [ -75.196237132360537, 40.015337695403261 ] ] ] } },
{ "type": "Feature", "properties": { "gid": 540023, "building_name": null, "num_birds_near": 1, "approx_hgt": 28.0, "lights_out": 0, "address": "70 RED LION RD" }, "geometry": { "type": "Polygon", "coordinates": [ [ [ -75.048655213338549, 40.112408117756466 ], [ -75.04902745988143, 40.112084339084674 ], [ -75.049218209980609, 40.112211035892592 ], [ -75.048983134172019, 40.112419676864185 ], [ -75.048826853616688, 40.11252212192295 ], [ -75.048655213338549, 40.112408117756466 ] ] ] } },
{ "type": "Feature", "properties": { "gid": 540140, "building_name": null, "num_birds_near": 1, "approx_hgt": 46.0, "lights_out": 0, "address": "1510 CAMBRIDGE ST" }, "geometry": { "type": "Polygon", "coordinates": [ [ [ -75.161766348027101, 39.971029263344043 ], [ -75.16180386623067, 39.970859499933887 ], [ -75.161861340460263, 39.970866535922923 ], [ -75.161823821369723, 39.971036910216604 ], [ -75.161766348027101, 39.971029263344043 ] ] ] } },
{ "type": "Feature", "properties": { "gid": 540405, "building_name": "INDEPENDENCE BLUE CROSS STUDENT RECREATION CENTER", "num_birds_near": 1, "approx_hgt": 41.0, "lights_out": 0, "address": "1701-23 N 15TH ST" }, "geometry": { "type": "Polygon", "coordinates": [ [ [ -75.15904896685457, 39.979428979237191 ], [ -75.159075515173953, 39.979306191908897 ], [ -75.158742569678182, 39.979263648427597 ], [ -75.158776826881592, 39.979104650456478 ], [ -75.158665607720707, 39.979090467051151 ], [ -75.158708709097056, 39.978890418558827 ], [ -75.159317097215961, 39.978968130105507 ], [ -75.159303785087289, 39.97903000497837 ], [ -75.159333830545975, 39.979078035272529 ], [ -75.159330223962257, 39.979121953103018 ], [ -75.159271663343432, 39.979179294204592 ], [ -75.15925859188971, 39.979240046436878 ], [ -75.159215168933144, 39.979234508682424 ], [ -75.159198216981281, 39.979313197194806 ], [ -75.159353370160375, 39.979332982489581 ], [ -75.15932332872103, 39.979464640785878 ], [ -75.15904896685457, 39.979428979237191 ] ] ] } },
{ "type": "Feature", "properties": { "gid": 540406, "building_name": null, "num_birds_near": 1, "approx_hgt": 65.0, "lights_out": 0, "address": "800-34 WALNUT ST" }, "geometry": { "type": "Polygon", "coordinates": [ [ [ -75.154471688547616, 39.947539128816175 ], [ -75.154677403720541, 39.947563230605546 ], [ -75.15475008838618, 39.947581133251347 ], [ -75.154745180889151, 39.947605318127223 ], [ -75.155534067892376, 39.94770015156039 ], [ -75.155585307144591, 39.947699549126156 ], [ -75.155595216483988, 39.947650716524535 ], [ -75.155882300277668, 39.947668033948013 ], [ -75.15584100009913, 39.947831998476772 ], [ -75.155859107126304, 39.947845355626718 ], [ -75.155833526379254, 39.947863126247213 ], [ -75.155828509834734, 39.947887846601965 ], [ -75.155803639756613, 39.947884856748779 ], [ -75.155674865456234, 39.947965137596952 ], [ -75.155359603889394, 39.94808564778846 ], [ -75.155374020461807, 39.94809644283292 ], [ -75.15555306060196, 39.948053522024381 ], [ -75.155564206592601, 39.948117749035355 ], [ -75.155469241567516, 39.948106333006109 ], [ -75.155465366844453, 39.948125428000644 ], [ -75.155411908086762, 39.948127031665969 ], [ -75.155371002321857, 39.948152732250499 ], [ -75.155279436519194, 39.948140712693736 ], [ -75.155275116262303, 39.948162000589811 ], [ -75.155093990675581, 39.948155325077778 ], [ -75.155090474443895, 39.948138362272836 ], [ -75.154902390002434, 39.948141232066945 ], [ -75.15481068210083, 39.948130207245576 ], [ -75.15481803223912, 39.948093991395787 ], [ -75.154593907546328, 39.948067048675249 ], [ -75.154589334419327, 39.94808958774648 ], [ -75.154353226932727, 39.948061203876975 ], [ -75.154445543627958, 39.947581008391914 ], [ -75.154471688547616, 39.947539128816175 ] ], [ [ -75.155284506449206, 39.948112638179936 ], [ -75.155331363250781, 39.948106665761848 ], [ -75.155336928402477, 39.948090269714662 ], [ -75.155287832741621, 39.948102203970528 ], [ -75.155284506449206, 39.948112638179936 ] ] ] } },
{ "type": "Feature", "properties": { "gid": 540882, "building_name": null, "num_birds_near": 1, "approx_hgt": 29.0, "lights_out": 0, "address": "1600-46 RACE ST" }, "geometry": { "type": "Polygon", "coordinates": [ [ [ -75.166623533081392, 39.956173426915015 ], [ -75.16743691376638, 39.956276516002262 ], [ -75.167606212287509, 39.956283055753225 ], [ -75.167621133945659, 39.956299016145955 ], [ -75.167523261843783, 39.956759613627483 ], [ -75.167502899312595, 39.956770019615355 ], [ -75.166538805515614, 39.956648693593458 ], [ -75.166525527517507, 39.956634619855258 ], [ -75.166623533081392, 39.956173426915015 ] ] ] } },
{ "type": "Feature", "properties": { "gid": 541447, "building_name": null, "num_birds_near": 1, "approx_hgt": 303.0, "lights_out": 0, "address": "60 N 23RD ST" }, "geometry": { "type": "Polygon", "coordinates": [ [ [ -75.177439212313786, 39.956302631171084 ], [ -75.177787664481599, 39.956380414186732 ], [ -75.17778766483319, 39.956337854076544 ], [ -75.178201212357166, 39.956390688687769 ], [ -75.178229930605866, 39.956531576574093 ], [ -75.178465422228626, 39.956566799300688 ], [ -75.1784367038168, 39.956720894952113 ], [ -75.178356290977575, 39.956713556418684 ], [ -75.178243330564811, 39.95717730925297 ], [ -75.177276472420132, 39.957062836249754 ], [ -75.177439212313786, 39.956302631171084 ] ] ] } },
{ "type": "Feature", "properties": { "gid": 541527, "building_name": null, "num_birds_near": 1, "approx_hgt": 363.0, "lights_out": 0, "address": "30 N 23RD ST" }, "geometry": { "type": "Polygon", "coordinates": [ [ [ -75.17763450065361, 39.955693581307912 ], [ -75.178557323293262, 39.955951880283429 ], [ -75.178538176822016, 39.95600618112119 ], [ -75.178595614137507, 39.956020857710186 ], [ -75.178503714023805, 39.956221916749953 ], [ -75.17765364480654, 39.956111846016384 ], [ -75.177728313959065, 39.955966553972004 ], [ -75.177550258966392, 39.955909317644398 ], [ -75.17763450065361, 39.955693581307912 ] ] ] } },
{ "type": "Feature", "properties": { "gid": 541533, "building_name": null, "num_birds_near": 1, "approx_hgt": 46.0, "lights_out": 0, "address": "2240 LEAGUE ST" }, "geometry": { "type": "Polygon", "coordinates": [ [ [ -75.181233326815089, 39.940092401712796 ], [ -75.181258319997099, 39.939984076327804 ], [ -75.181328095475408, 39.939992593176058 ], [ -75.181305183129368, 39.940101983321718 ], [ -75.181233326815089, 39.940092401712796 ] ] ] } },
{ "type": "Feature", "properties": { "gid": 542995, "building_name": null, "num_birds_near": 1, "approx_hgt": 47.0, "lights_out": 0, "address": "1700-06 RACE ST" }, "geometry": { "type": "Polygon", "coordinates": [ [ [ -75.167987409024619, 39.95673740131744 ], [ -75.167955047437232, 39.956842768958687 ], [ -75.167687378558441, 39.956801295015893 ], [ -75.167722997690532, 39.956633737169142 ], [ -75.16780975809084, 39.956652493236341 ], [ -75.16779620792073, 39.956716237622025 ], [ -75.167858426579386, 39.956720252940109 ], [ -75.167891428033101, 39.95661080552415 ], [ -75.167857512854724, 39.956606535343887 ], [ -75.167864708441485, 39.956572685880268 ], [ -75.168013585258407, 39.956580861069334 ], [ -75.16797427958366, 39.956730285115569 ], [ -75.167987409024619, 39.95673740131744 ] ] ] } },
{ "type": "Feature", "properties": { "gid": 543035, "building_name": null, "num_birds_near": 1, "approx_hgt": 578.0, "lights_out": 0, "address": "1441 CHESTNUT ST" }, "geometry": { "type": "Polygon", "coordinates": [ [ [ -75.165406420721368, 39.951403671453697 ], [ -75.16462206832766, 39.951308386726502 ], [ -75.164627935974934, 39.951283404119785 ], [ -75.164556288241087, 39.951273434941257 ], [ -75.16460987719428, 39.951044396842413 ], [ -75.165455173255154, 39.951154345834524 ], [ -75.165406420721368, 39.951403671453697 ] ] ] } },
{ "type": "Feature", "properties": { "gid": 543080, "building_name": null, "num_birds_near": 1, "approx_hgt": 206.0, "lights_out": 0, "address": "951 LOCUST ST" }, "geometry": { "type": "Polygon", "coordinates": [ [ [ -75.156540288269269, 39.947791800204556 ], [ -75.156545102432119, 39.947770013462588 ], [ -75.15667542609728, 39.947785988937625 ], [ -75.156736432591231, 39.947491165508815 ], [ -75.156702535710991, 39.947487010365322 ], [ -75.15671240831972, 39.94743930222382 ], [ -75.156745693416255, 39.947443383164199 ], [ -75.156759078610293, 39.947378695497335 ], [ -75.157015178005722, 39.947410088010116 ], [ -75.157005904013204, 39.947454907533206 ], [ -75.157083119619386, 39.947464372194474 ], [ -75.15710276793358, 39.947450902893806 ], [ -75.157126004609651, 39.947469513401408 ], [ -75.157112029743814, 39.947537053905691 ], [ -75.15709491988558, 39.947534956974231 ], [ -75.157090800379251, 39.947554865503399 ], [ -75.157125296212996, 39.947559094439299 ], [ -75.157108416256932, 39.947640671974575 ], [ -75.157067617779404, 39.94763567073862 ], [ -75.157041524488292, 39.94767976673738 ], [ -75.156987397549713, 39.947941348766733 ], [ -75.157021707116144, 39.947945555498265 ], [ -75.157007650399407, 39.948013486986184 ], [ -75.156971930879251, 39.948009107816297 ], [ -75.156951264315907, 39.948108977754991 ], [ -75.156797626376971, 39.948090145458245 ], [ -75.156809599279995, 39.948032281686579 ], [ -75.156598750900258, 39.948006435957979 ], [ -75.156648630379465, 39.947911418133053 ], [ -75.156614930209841, 39.947907287238209 ], [ -75.156630250548588, 39.947833249341905 ], [ -75.15666349740664, 39.947837324932344 ], [ -75.15666963668977, 39.947807656323455 ], [ -75.156540288269269, 39.947791800204556 ] ] ] } },
{ "type": "Feature", "properties": { "gid": 543136, "building_name": null, "num_birds_near": 1, "approx_hgt": 48.0, "lights_out": 0, "address": "141-43 N 4TH ST" }, "geometry": { "type": "Polygon", "coordinates": [ [ [ -75.146285552783795, 39.953525979757572 ], [ -75.146269502440745, 39.95362136402769 ], [ -75.146446660088031, 39.953642531688644 ], [ -75.146426887868685, 39.953741526576508 ], [ -75.146252199773386, 39.953720860953077 ], [ -75.146265121315253, 39.953656162852823 ], [ -75.146236495968637, 39.953652776669927 ], [ -75.146226079322673, 39.95370493267712 ], [ -75.145954284839362, 39.953672778144053 ], [ -75.145957761656049, 39.953655376400974 ], [ -75.145900177691786, 39.953648563871077 ], [ -75.145925642733275, 39.953521074719241 ], [ -75.146039018057309, 39.953545390173304 ], [ -75.14604248778943, 39.953528019802945 ], [ -75.146131826263058, 39.953538588654609 ], [ -75.146136740293798, 39.953513988853707 ], [ -75.14616617671669, 39.953517471863485 ], [ -75.146160767177065, 39.953544553537149 ], [ -75.146279047994511, 39.953558546306489 ], [ -75.146285552783795, 39.953525979757572 ] ] ] } },
{ "type": "Feature", "properties": { "gid": 543770, "building_name": null, "num_birds_near": 1, "approx_hgt": 31.0, "lights_out": 0, "address": "3151 MARKET ST" }, "geometry": { "type": "Polygon", "coordinates": [ [ [ -75.186205437306739, 39.956079560473228 ], [ -75.18635389963714, 39.955377194849056 ], [ -75.186812804809151, 39.95542919928986 ], [ -75.186846422716442, 39.955661444591883 ], [ -75.186888769689446, 39.955664864094963 ], [ -75.186730119545629, 39.955970207867637 ], [ -75.186690049431007, 39.956136376404416 ], [ -75.186417069533434, 39.956104716210859 ], [ -75.186416269600855, 39.956079343073355 ], [ -75.186205437306739, 39.956079560473228 ] ] ] } },
{ "type": "Feature", "properties": { "gid": 543835, "building_name": null, "num_birds_near": 1, "approx_hgt": 39.0, "lights_out": 0, "address": "324 N 13TH ST" }, "geometry": { "type": "Polygon", "coordinates": [ [ [ -75.160643300291198, 39.958707430126772 ], [ -75.160608315682666, 39.958875944749934 ], [ -75.16007215276565, 39.958814429992948 ], [ -75.160111539258793, 39.958633616018446 ], [ -75.160643300291198, 39.958707430126772 ] ] ] } },
{ "type": "Feature", "properties": { "gid": 544412, "building_name": null, "num_birds_near": 1, "approx_hgt": 328.0, "lights_out": 0, "address": "1101-53 CHESTNUT ST" }, "geometry": { "type": "Polygon", "coordinates": [ [ [ -75.158644745736041, 39.950615294243022 ], [ -75.158711224607558, 39.950306454807496 ], [ -75.159397984703432, 39.950394018714398 ], [ -75.159329631221198, 39.95069511696358 ], [ -75.158644745736041, 39.950615294243022 ] ] ] } },
{ "type": "Feature", "properties": { "gid": 544461, "building_name": null, "num_birds_near": 1, "approx_hgt": 3.0, "lights_out": 0, "address": "212-14 W RITTENHOUSE ST" }, "geometry": { "type": "Polygon", "coordinates": [ [ [ -75.1785788066843, 40.034926728974405 ], [ -75.17869264435268, 40.034816080801569 ], [ -75.179118368542319, 40.035077120231527 ], [ -75.179040694792562, 40.035149145874151 ], [ -75.179028418752708, 40.03514261805519 ], [ -75.178982518450908, 40.035205703401765 ], [ -75.178877935927929, 40.03514268364453 ], [ -75.178881644275762, 40.035127470274325 ], [ -75.1788109901849, 40.035082978826523 ], [ -75.178819219878235, 40.035071222038887 ], [ -75.1785788066843, 40.034926728974405 ] ] ] } },
{ "type": "Feature", "properties": { "gid": 544677, "building_name": null, "num_birds_near": 1, "approx_hgt": 55.0, "lights_out": 0, "address": "2535 PINE ST" }, "geometry": { "type": "Polygon", "coordinates": [ [ [ -75.182521345056387, 39.94791090900565 ], [ -75.182411940178554, 39.947897231530263 ], [ -75.182432851810532, 39.947792729399325 ], [ -75.182544639627636, 39.947806198907749 ], [ -75.182521345056387, 39.94791090900565 ] ] ] } },
{ "type": "Feature", "properties": { "gid": 544863, "building_name": null, "num_birds_near": 1, "approx_hgt": 67.0, "lights_out": 0, "address": "2330 SANSOM ST" }, "geometry": { "type": "Polygon", "coordinates": [ [ [ -75.178988989434202, 39.951817219657187 ], [ -75.179030181894575, 39.951705822167909 ], [ -75.179090216323658, 39.951713060395619 ], [ -75.179061100908498, 39.951837364365119 ], [ -75.178988989434202, 39.951817219657187 ] ] ] } },
{ "type": "Feature", "properties": { "gid": 545240, "building_name": null, "num_birds_near": 1, "approx_hgt": 6.0, "lights_out": 0, "address": "139 N 23RD ST" }, "geometry": { "type": "Polygon", "coordinates": [ [ [ -75.17689795884688, 39.957929664414735 ], [ -75.176694953336195, 39.957892469691899 ], [ -75.176742930551868, 39.957689437344648 ], [ -75.176413384271882, 39.957639767998977 ], [ -75.176418065048892, 39.9575162057101 ], [ -75.176570691397799, 39.957544650905653 ], [ -75.176656701105713, 39.957105724091839 ], [ -75.17709174353989, 39.9571604567059 ], [ -75.17689795884688, 39.957929664414735 ] ] ] } },
{ "type": "Feature", "properties": { "gid": 545490, "building_name": null, "num_birds_near": 1, "approx_hgt": 143.0, "lights_out": 0, "address": "29-31 S 19TH ST" }, "geometry": { "type": "Polygon", "coordinates": [ [ [ -75.171464251639023, 39.952430225358135 ], [ -75.171748065184076, 39.952463207573281 ], [ -75.171737226141474, 39.952529701893731 ], [ -75.171500335995248, 39.952486984879911 ], [ -75.17149426092378, 39.952516448360996 ], [ -75.171358049659773, 39.952499541309734 ], [ -75.171331169612074, 39.952628755737791 ], [ -75.171170774607461, 39.952608693650255 ], [ -75.17120576469253, 39.952479662488173 ], [ -75.171107007948194, 39.952468299581859 ], [ -75.171131983417396, 39.952350470815603 ], [ -75.171471364384203, 39.952392360742721 ], [ -75.171464251639023, 39.952430225358135 ] ] ] } },
{ "type": "Feature", "properties": { "gid": 545515, "building_name": null, "num_birds_near": 1, "approx_hgt": 81.0, "lights_out": 0, "address": "3700 LANCASTER AVE" }, "geometry": { "type": "Polygon", "coordinates": [ [ [ -75.194929227458331, 39.959062620147478 ], [ -75.195271758252289, 39.958679441569267 ], [ -75.195961083629641, 39.95902560692403 ], [ -75.195739255153683, 39.959274064684323 ], [ -75.195855256656344, 39.959332258491806 ], [ -75.196006093450876, 39.959321338597398 ], [ -75.196183360877754, 39.959123537515119 ], [ -75.196711411462886, 39.959419514922786 ], [ -75.196678870514233, 39.959451780919302 ], [ -75.196434041853834, 39.959472976651568 ], [ -75.196199351604008, 39.959356093304748 ], [ -75.196175381068642, 39.9593796678529 ], [ -75.196222300456967, 39.959403551962602 ], [ -75.196139694391888, 39.959495607579072 ], [ -75.195795636229406, 39.959524744411162 ], [ -75.194929227458331, 39.959062620147478 ] ] ] } },
{ "type": "Feature", "properties": { "gid": 545618, "building_name": null, "num_birds_near": 1, "approx_hgt": null, "lights_out": 0, "address": "730 W BERKS ST" }, "geometry": { "type": "Polygon", "coordinates": [ [ [ -75.147451407551216, 39.979903794068257 ], [ -75.147398881001237, 39.980135392475603 ], [ -75.147462983408346, 39.980161605464843 ], [ -75.147451151561143, 39.980209716380394 ], [ -75.147629220702996, 39.980231319450276 ], [ -75.147615752605304, 39.980292394062275 ], [ -75.147599033114346, 39.98030239640434 ], [ -75.14761622514996, 39.980304789273866 ], [ -75.147603070127914, 39.980363867120801 ], [ -75.147568200533428, 39.980359433474668 ], [ -75.147564761917124, 39.980375018787385 ], [ -75.147142625064774, 39.980319546153972 ], [ -75.147234004781339, 39.979911998906218 ], [ -75.147252385540455, 39.97991423769156 ], [ -75.147258692505432, 39.979885603127912 ], [ -75.147336439099561, 39.979895562261085 ], [ -75.14733383095404, 39.979908485875143 ], [ -75.147348951102344, 39.979910570497154 ], [ -75.147352935351435, 39.979891383581936 ], [ -75.147451407551216, 39.979903794068257 ] ] ] } },
{ "type": "Feature", "properties": { "gid": 545667, "building_name": null, "num_birds_near": 1, "approx_hgt": 135.0, "lights_out": 0, "address": "4101-23 MARKET ST" }, "geometry": { "type": "Polygon", "coordinates": [ [ [ -75.205265246673477, 39.958235501813981 ], [ -75.205154453107141, 39.958244224499104 ], [ -75.205138128446748, 39.958108665112441 ], [ -75.205166286447223, 39.958106887714784 ], [ -75.205141913330763, 39.958019532710665 ], [ -75.205130278178785, 39.9580206468139 ], [ -75.205109855847979, 39.957839702215523 ], [ -75.205209956419779, 39.95784055699206 ], [ -75.205194631832995, 39.957731091206931 ], [ -75.205388498553134, 39.95773367634785 ], [ -75.205792763225773, 39.957797545891097 ], [ -75.205976302953871, 39.957798083668543 ], [ -75.206044437885737, 39.958183275718646 ], [ -75.205797618342373, 39.958205423805865 ], [ -75.205800997269392, 39.958231468337146 ], [ -75.205296215513542, 39.95828058931135 ], [ -75.205265246673477, 39.958235501813981 ] ] ] } },
{ "type": "Feature", "properties": { "gid": 545693, "building_name": null, "num_birds_near": 1, "approx_hgt": null, "lights_out": 0, "address": "1823 CALLOWHILL ST" }, "geometry": { "type": "Polygon", "coordinates": [ [ [ -75.169580726385377, 39.960652101458201 ], [ -75.169523663916664, 39.960922552415944 ], [ -75.169086937372299, 39.960868960966117 ], [ -75.169143564309834, 39.96059744440393 ], [ -75.169296363052055, 39.96061576127147 ], [ -75.169274632628841, 39.960716490353079 ], [ -75.169409093684877, 39.960733659298874 ], [ -75.169428908837602, 39.960633071818883 ], [ -75.169580726385377, 39.960652101458201 ] ] ] } },
{ "type": "Feature", "properties": { "gid": 545823, "building_name": "PIER 36", "num_birds_near": 1, "approx_hgt": 51.0, "lights_out": 0, "address": "901 N PENN ST" }, "geometry": { "type": "Polygon", "coordinates": [ [ [ -75.136029882937422, 39.961659248035041 ], [ -75.134702797410711, 39.962800710158135 ], [ -75.133554804155452, 39.962075534050413 ], [ -75.133387744142397, 39.961891133486418 ], [ -75.13342238454382, 39.961833096735255 ], [ -75.133458050719454, 39.96183637273495 ], [ -75.13355634276725, 39.961645455175997 ], [ -75.133051119812734, 39.96128565053688 ], [ -75.133215098714956, 39.961153662911848 ], [ -75.133252278858947, 39.961173313565943 ], [ -75.133270078722276, 39.961160063691572 ], [ -75.133332309523809, 39.961181678717082 ], [ -75.133359644940896, 39.961161959845199 ], [ -75.133305100273574, 39.961112977694725 ], [ -75.133664093668813, 39.96083492449538 ], [ -75.13370972415953, 39.960850134672832 ], [ -75.134018441705365, 39.961067839594811 ], [ -75.134398325286128, 39.960744503926144 ], [ -75.134923286439133, 39.961096191015386 ], [ -75.135110069187945, 39.961191425905781 ], [ -75.135254908222521, 39.961246421692273 ], [ -75.135388130052547, 39.961242849172095 ], [ -75.135515811780323, 39.961272179000133 ], [ -75.136029882937422, 39.961659248035041 ] ] ] } },
{ "type": "Feature", "properties": { "gid": 545839, "building_name": "PIER 9", "num_birds_near": 1, "approx_hgt": 40.0, "lights_out": 0, "address": "3A N CHRISTOPHER COLUMBUS BLVD" }, "geometry": { "type": "Polygon", "coordinates": [ [ [ -75.139758221334873, 39.952750097222385 ], [ -75.13789059821238, 39.952499287495087 ], [ -75.137875374714739, 39.952483886540222 ], [ -75.137955437091804, 39.952238847892552 ], [ -75.137995008333078, 39.952226723855198 ], [ -75.138074542412625, 39.951882731030416 ], [ -75.13813424638137, 39.951890285093192 ], [ -75.138090405227672, 39.952083466829222 ], [ -75.138125112068735, 39.952087875649951 ], [ -75.138112420201963, 39.95214338960853 ], [ -75.138075319893517, 39.952138444235167 ], [ -75.138057722668563, 39.952215120506054 ], [ -75.139871758936721, 39.952445492198144 ], [ -75.139758221334873, 39.952750097222385 ] ] ] } },
{ "type": "Feature", "properties": { "gid": 398, "building_name": null, "num_birds_near": 1, "approx_hgt": 29.0, "lights_out": 0, "address": "3629 STANTON ST" }, "geometry": { "type": "Polygon", "coordinates": [ [ [ -75.193841381419134, 40.011690182393494 ], [ -75.19399634182389, 40.011747218970129 ], [ -75.194013276753168, 40.011753452547111 ], [ -75.193992169530318, 40.011789352499846 ], [ -75.193866106023791, 40.011762645607256 ], [ -75.193871806037691, 40.011751860471641 ], [ -75.193815110678713, 40.011731330115254 ], [ -75.193841381419134, 40.011690182393494 ] ] ] } },
{ "type": "Feature", "properties": { "gid": 545886, "building_name": "PIER 339", "num_birds_near": 1, "approx_hgt": null, "lights_out": 0, "address": "3101 E VENANGO ST" }, "geometry": { "type": "Polygon", "coordinates": [ [ [ -75.092003388200411, 39.979058613356045 ], [ -75.081781491354732, 39.9809742044459 ], [ -75.081670182893887, 39.980726580864577 ], [ -75.081550254316966, 39.98064893558945 ], [ -75.080850689701364, 39.980830329067601 ], [ -75.079884260394749, 39.979736423347767 ], [ -75.079914005586645, 39.979589549868372 ], [ -75.080018301212931, 39.979512080855649 ], [ -75.09099669325083, 39.97762111462837 ], [ -75.092003388200411, 39.979058613356045 ] ] ] } },
{ "type": "Feature", "properties": { "gid": 1040, "building_name": null, "num_birds_near": 1, "approx_hgt": 63.0, "lights_out": 0, "address": "1801-35 N BROAD ST" }, "geometry": { "type": "Polygon", "coordinates": [ [ [ -75.156566310302438, 39.981269038998725 ], [ -75.156614455582471, 39.981014763991617 ], [ -75.156667385250245, 39.980955154291266 ], [ -75.156715687703354, 39.980961325855212 ], [ -75.156730824184265, 39.981030106374121 ], [ -75.157091184046479, 39.981076149242092 ], [ -75.157083230467492, 39.981112985034827 ], [ -75.157116867821983, 39.981147262893572 ], [ -75.157092531083308, 39.981259991334738 ], [ -75.157034858856193, 39.981292677137546 ], [ -75.156720817931756, 39.981252552711851 ], [ -75.156712934018088, 39.981289030552681 ], [ -75.156566310302438, 39.981269038998725 ] ] ] } },
{ "type": "Feature", "properties": { "gid": 1067, "building_name": "Cecil B. Moore Subway Station", "num_birds_near": 1, "approx_hgt": 30.0, "lights_out": 0, "address": "1715 N BROAD ST" }, "geometry": { "type": "Polygon", "coordinates": [ [ [ -75.15751022563019, 39.979147335126747 ], [ -75.157575739627561, 39.978834296063951 ], [ -75.157545951900033, 39.978830603762937 ], [ -75.157551413935593, 39.978804504016637 ], [ -75.157634927534346, 39.978800347719186 ], [ -75.157560992466813, 39.979153623309294 ], [ -75.15751022563019, 39.979147335126747 ] ] ] } },
{ "type": "Feature", "properties": { "gid": 1282, "building_name": "Ritter Complex", "num_birds_near": 1, "approx_hgt": 103.0, "lights_out": 0, "address": "1301-43 CECIL B MOORE AVE" }, "geometry": { "type": "Polygon", "coordinates": [ [ [ -75.156168474365941, 39.978985913733418 ], [ -75.15609876811294, 39.978976319846211 ], [ -75.15610161256383, 39.978958329593226 ], [ -75.156063663605565, 39.978946949656844 ], [ -75.155951842344024, 39.978932604028657 ], [ -75.155958940885881, 39.978899857606464 ], [ -75.155943350242609, 39.978882065083873 ], [ -75.155899563029706, 39.978876447550384 ], [ -75.155916312574178, 39.97879392645244 ], [ -75.155946702537975, 39.978797824709865 ], [ -75.155958683222252, 39.978742555141864 ], [ -75.155929328243175, 39.978738789308288 ], [ -75.155947157374712, 39.978656119618719 ], [ -75.155989972438874, 39.978661612444036 ], [ -75.156013428081991, 39.978648881550235 ], [ -75.156020575118504, 39.978615906462416 ], [ -75.156306865825059, 39.97865294333414 ], [ -75.156301968273766, 39.978675535522427 ], [ -75.156358988197937, 39.978682852191781 ], [ -75.156353042519456, 39.97871028797725 ], [ -75.156405510176612, 39.978717018779989 ], [ -75.156399510730225, 39.978744697527482 ], [ -75.15667722841296, 39.978780431431375 ], [ -75.156670088903894, 39.978813370683 ], [ -75.156685135524882, 39.978831305782407 ], [ -75.156728660547941, 39.978836889158572 ], [ -75.156710315452457, 39.978919752720174 ], [ -75.156681679471646, 39.978916079016628 ], [ -75.156669839944087, 39.978970703106931 ], [ -75.156698528399374, 39.978974383404939 ], [ -75.156680623900826, 39.979057085727995 ], [ -75.156636535774425, 39.979051431043878 ], [ -75.156614078020368, 39.979063792677124 ], [ -75.156606883153856, 39.979096983860103 ], [ -75.156421330418894, 39.979073180256123 ], [ -75.156428316536491, 39.97904094935236 ], [ -75.156411467560432, 39.979021846309472 ], [ -75.156369224493233, 39.979016426944142 ], [ -75.156380482973404, 39.978964481079856 ], [ -75.156242849694081, 39.978946822217196 ], [ -75.156237865384909, 39.978969814295418 ], [ -75.156173738839897, 39.978961627825122 ], [ -75.156168474365941, 39.978985913733418 ] ] ] } },
{ "type": "Feature", "properties": { "gid": 2260, "building_name": "1300 Residence Hall", "num_birds_near": 1, "approx_hgt": 59.0, "lights_out": 0, "address": "1300-22 CECIL B MOORE AVE" }, "geometry": { "type": "Polygon", "coordinates": [ [ [ -75.156472654809534, 39.978366646573733 ], [ -75.156530994134698, 39.97809585485129 ], [ -75.156509536093807, 39.978092257738773 ], [ -75.156549769769228, 39.977912159372458 ], [ -75.156530994402971, 39.977909588786034 ], [ -75.156524959369392, 39.977936822533046 ], [ -75.156473327174993, 39.977929115033668 ], [ -75.156462344988157, 39.977951443554247 ], [ -75.156430829866565, 39.97794322124745 ], [ -75.156417653392595, 39.97796958447028 ], [ -75.156366038394111, 39.977967651921396 ], [ -75.156246010559002, 39.977934766453764 ], [ -75.156262773431877, 39.97790290883357 ], [ -75.156211141270887, 39.977897256432762 ], [ -75.156217176426836, 39.977870022702412 ], [ -75.156196389825041, 39.977866939870083 ], [ -75.156156826120011, 39.978047810130569 ], [ -75.156133357474133, 39.978044727026692 ], [ -75.156073677053087, 39.978316032476812 ], [ -75.155974436069769, 39.978302158652248 ], [ -75.155977118570476, 39.978288285987055 ], [ -75.15586379482005, 39.978288284693512 ], [ -75.155922804158124, 39.977979469289373 ], [ -75.155944262456046, 39.97798152488074 ], [ -75.155990201409665, 39.977783789431328 ], [ -75.156103296691086, 39.97780842553265 ], [ -75.156117411819977, 39.97774565098905 ], [ -75.156198699795596, 39.97775646988773 ], [ -75.156245446158863, 39.977669681163036 ], [ -75.156137381949975, 39.977657292909861 ], [ -75.156150122228098, 39.977596660533493 ], [ -75.156030093001988, 39.977589466357621 ], [ -75.156073008973607, 39.977392151794987 ], [ -75.156052222559111, 39.977389068036459 ], [ -75.156118867023636, 39.977082256028339 ], [ -75.156957466881792, 39.97719124275811 ], [ -75.156889404775455, 39.977497490635251 ], [ -75.156865263858094, 39.97749441230701 ], [ -75.156824025374306, 39.97769223625972 ], [ -75.156706008400093, 39.977667058048439 ], [ -75.156695279189634, 39.977729232515244 ], [ -75.156616154456287, 39.977718441237819 ], [ -75.156570059618389, 39.977805815172772 ], [ -75.156673578495045, 39.977819591462818 ], [ -75.156659678339878, 39.977881411341109 ], [ -75.156679950980333, 39.977871699763803 ], [ -75.156780322625991, 39.97788505703187 ], [ -75.156735511601639, 39.978085578952893 ], [ -75.15675965104694, 39.978088149097957 ], [ -75.156700642225346, 39.978366131207835 ], [ -75.15668790211781, 39.978393366594965 ], [ -75.156610121670724, 39.978383604037589 ], [ -75.156595366058852, 39.978367160376585 ], [ -75.156576591093042, 39.978365618769139 ], [ -75.156572565317006, 39.978379492620846 ], [ -75.156472654809534, 39.978366646573733 ] ], [ [ -75.156701143034809, 39.977324336885637 ], [ -75.156583298136837, 39.977312121731067 ], [ -75.156596542173745, 39.977250460928467 ], [ -75.156620682515708, 39.977226438552684 ], [ -75.156595872263807, 39.977223869428435 ], [ -75.156608277592227, 39.97716092374128 ], [ -75.156460084888664, 39.97714216862984 ], [ -75.156447025388104, 39.977201325162447 ], [ -75.156419051350241, 39.977197603268458 ], [ -75.156433070941915, 39.977229203427306 ], [ -75.156419780121325, 39.97728831328223 ], [ -75.156304089861891, 39.977264148615163 ], [ -75.156277852302082, 39.977380834438819 ], [ -75.156301666623705, 39.977383416257886 ], [ -75.156263445269545, 39.977565829694356 ], [ -75.156282891652026, 39.977568399276734 ], [ -75.156288925841622, 39.977541680001742 ], [ -75.156377438741146, 39.977552984658779 ], [ -75.156372731096482, 39.977573857498257 ], [ -75.156387917090811, 39.977579423948129 ], [ -75.156410966340573, 39.977535000479122 ], [ -75.156503502662204, 39.977561720457558 ], [ -75.156488079239196, 39.977590495375196 ], [ -75.156506855132562, 39.977596147456275 ], [ -75.156511651702189, 39.977568957798972 ], [ -75.156600722246395, 39.97758081189199 ], [ -75.156595702644964, 39.977607709087231 ], [ -75.156614143194588, 39.977609507135142 ], [ -75.15665471371473, 39.977427688206824 ], [ -75.156677229795903, 39.97743068480591 ], [ -75.156701143034809, 39.977324336885637 ] ] ] } },
{ "type": "Feature", "properties": { "gid": 2472, "building_name": null, "num_birds_near": 1, "approx_hgt": 50.0, "lights_out": 0, "address": "1900-54 N 10TH ST" }, "geometry": { "type": "Polygon", "coordinates": [ [ [ -75.151077381560768, 39.981389620513923 ], [ -75.150961992145398, 39.981374931584256 ], [ -75.151042338277307, 39.981001418274033 ], [ -75.151164294974549, 39.981016943349857 ], [ -75.151077381560768, 39.981389620513923 ] ] ] } },
{ "type": "Feature", "properties": { "gid": 2562, "building_name": null, "num_birds_near": 1, "approx_hgt": 51.0, "lights_out": 0, "address": "2152-54 N BROAD ST" }, "geometry": { "type": "Polygon", "coordinates": [ [ [ -75.156467747493949, 39.986056629785644 ], [ -75.156719648854306, 39.986093987865537 ], [ -75.15671092681913, 39.986134209412896 ], [ -75.156453824765762, 39.986092585503606 ], [ -75.156467747493949, 39.986056629785644 ] ] ] } },
{ "type": "Feature", "properties": { "gid": 2677, "building_name": null, "num_birds_near": 1, "approx_hgt": 9.0, "lights_out": 0, "address": "1801-59 N 13TH ST" }, "geometry": { "type": "Polygon", "coordinates": [ [ [ -75.153702926052304, 39.980876066381072 ], [ -75.153660517632133, 39.980870657615405 ], [ -75.153672419488501, 39.980815425201989 ], [ -75.153714830284343, 39.980820832215784 ], [ -75.153702926052304, 39.980876066381072 ] ] ] } },
{ "type": "Feature", "properties": { "gid": 3551, "building_name": null, "num_birds_near": 1, "approx_hgt": 117.0, "lights_out": 0, "address": "1601 N 15TH ST" }, "geometry": { "type": "Polygon", "coordinates": [ [ [ -75.159320333759879, 39.978558721653343 ], [ -75.15920440882617, 39.978021554628043 ], [ -75.159094011520679, 39.97800677926994 ], [ -75.15921412758594, 39.977483742913854 ], [ -75.159754680226357, 39.977568325381064 ], [ -75.159722495305147, 39.977720420840043 ], [ -75.159374486948025, 39.977673661924975 ], [ -75.159350909793758, 39.977770016636995 ], [ -75.159529961597954, 39.978583396577882 ], [ -75.159320333759879, 39.978558721653343 ] ] ] } },
{ "type": "Feature", "properties": { "gid": 3717, "building_name": null, "num_birds_near": 1, "approx_hgt": 28.0, "lights_out": 0, "address": "3417 WARDEN DR" }, "geometry": { "type": "Polygon", "coordinates": [ [ [ -75.192873360261146, 40.017090866668113 ], [ -75.192691149454674, 40.016956487881117 ], [ -75.192717681833869, 40.016935219628699 ], [ -75.192699979680867, 40.016922164419675 ], [ -75.192749696150742, 40.016882311297465 ], [ -75.192793625462869, 40.016914708672921 ], [ -75.192776948182257, 40.016928077510698 ], [ -75.192871975543255, 40.016987042019139 ], [ -75.192860562957577, 40.01699618979768 ], [ -75.192925646852487, 40.017048953355555 ], [ -75.192873360261146, 40.017090866668113 ] ] ] } },
{ "type": "Feature", "properties": { "gid": 3835, "building_name": "Dunbar Paul L Elementary School", "num_birds_near": 1, "approx_hgt": 66.0, "lights_out": 0, "address": "1720-58 N 12TH ST" }, "geometry": { "type": "Polygon", "coordinates": [ [ [ -75.153982562844845, 39.979376278539597 ], [ -75.154119225840944, 39.978783888647165 ], [ -75.154429580706804, 39.978826263513852 ], [ -75.154400289988132, 39.978953233498743 ], [ -75.154374776241283, 39.97894975058054 ], [ -75.154365199825349, 39.978991261818614 ], [ -75.1543346387746, 39.97898708986834 ], [ -75.154236840534907, 39.979410997853336 ], [ -75.153982562844845, 39.979376278539597 ] ] ] } },
{ "type": "Feature", "properties": { "gid": 3853, "building_name": null, "num_birds_near": 1, "approx_hgt": 28.0, "lights_out": 0, "address": "1530 N 13TH ST" }, "geometry": { "type": "Polygon", "coordinates": [ [ [ -75.156414576637403, 39.97657198545641 ], [ -75.156422825806857, 39.976534887887233 ], [ -75.156399034080337, 39.97653150739675 ], [ -75.156403724699658, 39.976511967675741 ], [ -75.156557191461388, 39.976533774903913 ], [ -75.156543841668125, 39.976590080376312 ], [ -75.156414576637403, 39.97657198545641 ] ] ] } },
{ "type": "Feature", "properties": { "gid": 3938, "building_name": null, "num_birds_near": 1, "approx_hgt": 35.0, "lights_out": 0, "address": "4000 GYPSY LN" }, "geometry": { "type": "Polygon", "coordinates": [ [ [ -75.200361032407699, 40.015421554429913 ], [ -75.200295860137459, 40.015378180747355 ], [ -75.200284714672406, 40.015388082098227 ], [ -75.200135952828603, 40.015274854173462 ], [ -75.200123736997057, 40.015285704817202 ], [ -75.199976420293879, 40.015174135079228 ], [ -75.199963498889403, 40.015185613349196 ], [ -75.199932756424488, 40.015165153514801 ], [ -75.200044364808718, 40.015066009463659 ], [ -75.200088395513106, 40.015099072992768 ], [ -75.200133971235502, 40.015058586931318 ], [ -75.20008726364766, 40.015027502029085 ], [ -75.200230341618521, 40.014914406485531 ], [ -75.200215200780576, 40.01490432948578 ], [ -75.200241119758147, 40.01488130520633 ], [ -75.200252180421899, 40.014888666967352 ], [ -75.20036342426414, 40.014789844295791 ], [ -75.200348906485928, 40.014780182096274 ], [ -75.200372307565942, 40.014759394017688 ], [ -75.20050196858287, 40.014845687316843 ], [ -75.200359146349371, 40.014961568454488 ], [ -75.200368739167615, 40.014967952454441 ], [ -75.200214745226489, 40.015110926205658 ], [ -75.200171179153159, 40.015081932057434 ], [ -75.200125678564532, 40.015122352227124 ], [ -75.200471882352701, 40.015347031007032 ], [ -75.200361032407699, 40.015421554429913 ] ] ] } },
{ "type": "Feature", "properties": { "gid": 4195, "building_name": "The Liacouras Center", "num_birds_near": 1, "approx_hgt": 89.0, "lights_out": 0, "address": "1724-76 N BROAD ST" }, "geometry": { "type": "Polygon", "coordinates": [ [ [ -75.15904896685457, 39.979428979237191 ], [ -75.15932332872103, 39.979464640785878 ], [ -75.159299355065315, 39.979575915459982 ], [ -75.159319434560189, 39.979578485292087 ], [ -75.159283567109284, 39.979744966914836 ], [ -75.15924924665488, 39.979740590671561 ], [ -75.159255095046007, 39.979857122124272 ], [ -75.159214276550344, 39.980045924512886 ], [ -75.159162493346955, 39.980148137769234 ], [ -75.159194930124357, 39.980152283191572 ], [ -75.159158686297644, 39.980320509662292 ], [ -75.159137309331356, 39.980317774458015 ], [ -75.159130131889711, 39.980351090507668 ], [ -75.159020822668793, 39.980337167310843 ], [ -75.15901276462246, 39.980374560835884 ], [ -75.15799136245866, 39.980244306448057 ], [ -75.158002875768645, 39.980190873222902 ], [ -75.157801515360234, 39.980165102930044 ], [ -75.157856460366574, 39.979910878403651 ], [ -75.157755568520002, 39.979897964505668 ], [ -75.157815222665988, 39.979621990455406 ], [ -75.157908468812167, 39.979633882838151 ], [ -75.157972431775789, 39.979385168063487 ], [ -75.158172118399008, 39.979410637201916 ], [ -75.158182425960874, 39.97936279726116 ], [ -75.159039614743307, 39.979472236630755 ], [ -75.15904896685457, 39.979428979237191 ] ] ] } },
{ "type": "Feature", "properties": { "gid": 4497, "building_name": "Facilities Management Office", "num_birds_near": 1, "approx_hgt": 53.0, "lights_out": 0, "address": "1800-22 N 10TH ST" }, "geometry": { "type": "Polygon", "coordinates": [ [ [ -75.150503464642412, 39.980457180993589 ], [ -75.150523411048326, 39.980367054490543 ], [ -75.150706895486152, 39.980391087444701 ], [ -75.150722606036283, 39.980320098075161 ], [ -75.150532237871985, 39.980295164057118 ], [ -75.150675517527603, 39.979647753697229 ], [ -75.15088545396064, 39.97967525085356 ], [ -75.15087483327008, 39.979723240834993 ], [ -75.150941978363434, 39.979732035641575 ], [ -75.150915665040841, 39.97987360122417 ], [ -75.150843570475047, 39.979864158187624 ], [ -75.15078608769862, 39.980123899730337 ], [ -75.150909770267248, 39.980140099423309 ], [ -75.151038751981133, 39.979557281315934 ], [ -75.151324452324417, 39.979594701948557 ], [ -75.151117517008757, 39.980529787855666 ], [ -75.150503464642412, 39.980457180993589 ] ] ] } },
{ "type": "Feature", "properties": { "gid": 4778, "building_name": null, "num_birds_near": 1, "approx_hgt": 12.0, "lights_out": 0, "address": "1801-59 N 13TH ST" }, "geometry": { "type": "Polygon", "coordinates": [ [ [ -75.155021478316101, 39.981209911568975 ], [ -75.154981073999195, 39.981204338682936 ], [ -75.154990736328799, 39.981162876193416 ], [ -75.155031375974929, 39.981168481428831 ], [ -75.155021478316101, 39.981209911568975 ] ] ] } },
{ "type": "Feature", "properties": { "gid": 5092, "building_name": "Redeemer Lutheran Church", "num_birds_near": 1, "approx_hgt": 46.0, "lights_out": 0, "address": "3460-62 MIDVALE AVE" }, "geometry": { "type": "Polygon", "coordinates": [ [ [ -75.191352331298944, 40.014032281033913 ], [ -75.191428439367641, 40.013992439159182 ], [ -75.191603877311763, 40.014139506773368 ], [ -75.19148353514359, 40.014223535709576 ], [ -75.191309094950242, 40.014075832415514 ], [ -75.191352331298944, 40.014032281033913 ] ] ] } },
{ "type": "Feature", "properties": { "gid": 5470, "building_name": null, "num_birds_near": 1, "approx_hgt": 28.0, "lights_out": 0, "address": "3421 WARDEN DR" }, "geometry": { "type": "Polygon", "coordinates": [ [ [ -75.192913741927526, 40.016713960879798 ], [ -75.192978239308502, 40.016673431355841 ], [ -75.193034013188054, 40.016725903709634 ], [ -75.193046189624283, 40.016718252375284 ], [ -75.193132479796432, 40.016815017395508 ], [ -75.193074064042818, 40.01685172434459 ], [ -75.192983184553199, 40.016787171557453 ], [ -75.192913741927526, 40.016713960879798 ] ] ] } },
{ "type": "Feature", "properties": { "gid": 5588, "building_name": null, "num_birds_near": 1, "approx_hgt": 39.0, "lights_out": 0, "address": "2015 N 15TH ST" }, "geometry": { "type": "Polygon", "coordinates": [ [ [ -75.15838511673492, 39.983878224366727 ], [ -75.158280713482057, 39.983865212835624 ], [ -75.15828312945699, 39.983853744319973 ], [ -75.158118576744783, 39.983844620743128 ], [ -75.158128550147381, 39.983797268809319 ], [ -75.15839829745731, 39.983830888985722 ], [ -75.15838511673492, 39.983878224366727 ] ] ] } },
{ "type": "Feature", "properties": { "gid": 5623, "building_name": null, "num_birds_near": 1, "approx_hgt": 54.0, "lights_out": 0, "address": "1900 N 9TH ST" }, "geometry": { "type": "Polygon", "coordinates": [ [ [ -75.148589857469545, 39.981916011532412 ], [ -75.148712557608008, 39.981931789407 ], [ -75.148726710091125, 39.981866651290481 ], [ -75.148609735110313, 39.981851607802298 ], [ -75.148611804300216, 39.981768327681571 ], [ -75.148633149480602, 39.981670105077121 ], [ -75.148736476108539, 39.9816833930185 ], [ -75.148766818579219, 39.981543767155074 ], [ -75.148679231109512, 39.981532502923088 ], [ -75.14868239861822, 39.981448494449957 ], [ -75.148703884344357, 39.981349624487152 ], [ -75.148811496034156, 39.981363463624618 ], [ -75.148840285481157, 39.981230984554493 ], [ -75.148739619406882, 39.981207911583454 ], [ -75.148771693939565, 39.981033272690375 ], [ -75.148881257362206, 39.98104736235009 ], [ -75.148910307087533, 39.980841996829398 ], [ -75.148877847171917, 39.980837818236665 ], [ -75.148866967956764, 39.980772429839952 ], [ -75.14901259122523, 39.980753847766209 ], [ -75.149373581960205, 39.980800270790382 ], [ -75.149348701094581, 39.980957367858608 ], [ -75.149358735987249, 39.980958658490508 ], [ -75.149226567785036, 39.981499850598091 ], [ -75.149246451248615, 39.981502407833666 ], [ -75.149219498210655, 39.981572791731253 ], [ -75.149287036849202, 39.981581476555085 ], [ -75.149231658399643, 39.981853512690556 ], [ -75.149196923924038, 39.981849045678786 ], [ -75.149180489161338, 39.981924673120751 ], [ -75.149095017725699, 39.981913680630967 ], [ -75.149080392909994, 39.981980976829036 ], [ -75.149037815554806, 39.981975503967412 ], [ -75.149022398589068, 39.982046447544356 ], [ -75.148980039238594, 39.982041000326873 ], [ -75.148968094302845, 39.982095967363342 ], [ -75.148677803508122, 39.98204772840684 ], [ -75.14867555983723, 39.982058051862751 ], [ -75.148547195174686, 39.982041941003487 ], [ -75.148570103118203, 39.981936529475938 ], [ -75.148584222088076, 39.98193834524951 ], [ -75.148589857469545, 39.981916011532412 ] ] ] } },
{ "type": "Feature", "properties": { "gid": 5682, "building_name": "The Shops on Liacouras Walk", "num_birds_near": 1, "approx_hgt": 40.0, "lights_out": 0, "address": "1901R-39 N BROAD ST" }, "geometry": { "type": "Polygon", "coordinates": [ [ [ -75.156005586256441, 39.982634949366151 ], [ -75.155853989335313, 39.98261341552795 ], [ -75.155939915122488, 39.982173710729747 ], [ -75.156127664910301, 39.982198044836892 ], [ -75.156114729463297, 39.982257109547163 ], [ -75.156166769287651, 39.982269930605213 ], [ -75.156159890309567, 39.982301337690068 ], [ -75.156137219336628, 39.982298398791791 ], [ -75.156130731719927, 39.982328022601465 ], [ -75.156145450623015, 39.982329930289609 ], [ -75.156138524930697, 39.98236154805614 ], [ -75.156163905671136, 39.982364838332963 ], [ -75.156154489938217, 39.982407831901668 ], [ -75.156116765491646, 39.982402942611209 ], [ -75.156118508410259, 39.982457432188653 ], [ -75.156101190016102, 39.982463539738333 ], [ -75.156117547574169, 39.982465661069917 ], [ -75.156110726642808, 39.982496804565976 ], [ -75.15609544477924, 39.982494823780499 ], [ -75.156089533234749, 39.982521814327406 ], [ -75.156106970088402, 39.982524074486363 ], [ -75.156099194424542, 39.982559576237755 ], [ -75.156156755563643, 39.98256703671963 ], [ -75.156146000788667, 39.982616139540923 ], [ -75.156048064708003, 39.982603446910915 ], [ -75.15601085424619, 39.982610886992205 ], [ -75.156005586256441, 39.982634949366151 ] ] ] } },
{ "type": "Feature", "properties": { "gid": 5929, "building_name": null, "num_birds_near": 1, "approx_hgt": 102.0, "lights_out": 0, "address": "1801-23 N 10TH ST" }, "geometry": { "type": "Polygon", "coordinates": [ [ [ -75.149822057800066, 39.979855744790257 ], [ -75.149897890723764, 39.979313221546292 ], [ -75.150565088380944, 39.979397491255064 ], [ -75.150540277524655, 39.979550611211572 ], [ -75.150088996974503, 39.979493061912706 ], [ -75.150058821743897, 39.979723897339895 ], [ -75.150478587156584, 39.97977977678682 ], [ -75.15044489139521, 39.979933409951101 ], [ -75.149822057800066, 39.979855744790257 ] ] ] } },
{ "type": "Feature", "properties": { "gid": 6562, "building_name": null, "num_birds_near": 1, "approx_hgt": 10.0, "lights_out": 0, "address": null }, "geometry": { "type": "Polygon", "coordinates": [ [ [ -75.156286122070853, 39.97999121620466 ], [ -75.15629316352512, 39.979955761822353 ], [ -75.156341778595646, 39.979961671222412 ], [ -75.156333396585353, 39.979996868250026 ], [ -75.156286122070853, 39.97999121620466 ] ] ] } },
{ "type": "Feature", "properties": { "gid": 6577, "building_name": null, "num_birds_near": 1, "approx_hgt": 53.0, "lights_out": 0, "address": "1900-54 N 10TH ST" }, "geometry": { "type": "Polygon", "coordinates": [ [ [ -75.150919532957104, 39.981132564850867 ], [ -75.15066127016614, 39.981098983314617 ], [ -75.150681428705795, 39.981007200115762 ], [ -75.150935783678733, 39.98104103278483 ], [ -75.150919532957104, 39.981132564850867 ] ] ] } },
{ "type": "Feature", "properties": { "gid": 12434, "building_name": null, "num_birds_near": 1, "approx_hgt": 35.0, "lights_out": 0, "address": "2511 ASPEN ST" }, "geometry": { "type": "Polygon", "coordinates": [ [ [ -75.178624837190526, 39.969175257085745 ], [ -75.178636607572855, 39.969027968841957 ], [ -75.178699322120423, 39.969035681480015 ], [ -75.178670195868435, 39.969182916823293 ], [ -75.178637574517438, 39.969190101074858 ], [ -75.178624837190526, 39.969175257085745 ] ] ] } },
{ "type": "Feature", "properties": { "gid": 16991, "building_name": "Library Processing Facility", "num_birds_near": 1, "approx_hgt": 58.0, "lights_out": 0, "address": "2000 HAMILTON ST" }, "geometry": { "type": "Polygon", "coordinates": [ [ [ -75.173118724938789, 39.962377054201085 ], [ -75.172731104092719, 39.962328823679464 ], [ -75.17272482110792, 39.962358727654724 ], [ -75.171376363090431, 39.962191292014232 ], [ -75.171423972675072, 39.96196232392694 ], [ -75.171406202950891, 39.961946905538355 ], [ -75.17141391407381, 39.961910670778664 ], [ -75.171438054706925, 39.961901162614105 ], [ -75.171478751082375, 39.961704981914792 ], [ -75.171495482535406, 39.961707064505788 ], [ -75.171508672193809, 39.961644300050693 ], [ -75.17157138749829, 39.961652104162297 ], [ -75.171567116307259, 39.96167242779255 ], [ -75.171766289924591, 39.961696608555023 ], [ -75.171771653389982, 39.961671937757828 ], [ -75.172060661521741, 39.961713826286321 ], [ -75.172055632506243, 39.961731815499796 ], [ -75.172212791804526, 39.961752773563653 ], [ -75.172208810827314, 39.961771717979268 ], [ -75.172241685303504, 39.961775809354222 ], [ -75.17223232139105, 39.961815591245106 ], [ -75.172581679215355, 39.961875724879974 ], [ -75.172793573062052, 39.961953333089696 ], [ -75.172909522059953, 39.961964109171376 ], [ -75.173177754633016, 39.962096128426488 ], [ -75.173118724938789, 39.962377054201085 ] ] ] } },
{ "type": "Feature", "properties": { "gid": 19518, "building_name": null, "num_birds_near": 1, "approx_hgt": 93.0, "lights_out": 0, "address": "428-40 N 13TH ST" }, "geometry": { "type": "Polygon", "coordinates": [ [ [ -75.159667455466362, 39.960760064595966 ], [ -75.159695253441043, 39.960568447172406 ], [ -75.159774256497101, 39.960230857374974 ], [ -75.160072535249114, 39.960267639086943 ], [ -75.160065560964568, 39.960301130037244 ], [ -75.160142476944941, 39.960310615284911 ], [ -75.160116971869584, 39.960433095605119 ], [ -75.160026111759933, 39.96042189173972 ], [ -75.160013167485872, 39.960547783956343 ], [ -75.159995645729907, 39.960545623268359 ], [ -75.159984939036093, 39.96059703853539 ], [ -75.160001013385809, 39.960599020581284 ], [ -75.159995056662297, 39.960627624871115 ], [ -75.159972348866617, 39.960624824502567 ], [ -75.15995872536655, 39.960690246867948 ], [ -75.159981302638457, 39.960693031677636 ], [ -75.159959836064971, 39.960796118698816 ], [ -75.159667455466362, 39.960760064595966 ] ] ] } },
{ "type": "Feature", "properties": { "gid": 20391, "building_name": null, "num_birds_near": 1, "approx_hgt": 44.0, "lights_out": 0, "address": "35 HAMILTON CIR" }, "geometry": { "type": "Polygon", "coordinates": [ [ [ -75.169715270039418, 39.962538495934368 ], [ -75.169731527420268, 39.962490670053178 ], [ -75.169893526132327, 39.962512520396004 ], [ -75.169882904372571, 39.962562166950789 ], [ -75.169715270039418, 39.962538495934368 ] ] ] } },
{ "type": "Feature", "properties": { "gid": 27165, "building_name": null, "num_birds_near": 1, "approx_hgt": 67.0, "lights_out": 0, "address": "1701-07 TULIP ST" }, "geometry": { "type": "Polygon", "coordinates": [ [ [ -75.130867276662059, 39.974967596383294 ], [ -75.130969644495863, 39.974777478178801 ], [ -75.131245073462367, 39.974877938886962 ], [ -75.131158990477289, 39.975019442200015 ], [ -75.131006859516518, 39.974960283851132 ], [ -75.130962435540525, 39.975034793577848 ], [ -75.130932596398992, 39.975023488494962 ], [ -75.130947348852757, 39.974997409948294 ], [ -75.130867276662059, 39.974967596383294 ] ] ] } },
{ "type": "Feature", "properties": { "gid": 33340, "building_name": null, "num_birds_near": 1, "approx_hgt": 56.0, "lights_out": 0, "address": "714 N BROAD ST" }, "geometry": { "type": "Polygon", "coordinates": [ [ [ -75.16057849606139, 39.967650488269378 ], [ -75.160479848284993, 39.967637445928936 ], [ -75.160493386692821, 39.967580514539613 ], [ -75.160629721299571, 39.967580637256596 ], [ -75.160625144706856, 39.967599967951095 ], [ -75.160798026348914, 39.967624079514813 ], [ -75.160787920931625, 39.967666773090123 ], [ -75.160581488683235, 39.967637844297137 ], [ -75.16057849606139, 39.967650488269378 ] ] ] } },
{ "type": "Feature", "properties": { "gid": 44313, "building_name": null, "num_birds_near": 1, "approx_hgt": 37.0, "lights_out": 0, "address": "800 N WOODSTOCK ST" }, "geometry": { "type": "Polygon", "coordinates": [ [ [ -75.17188069110999, 39.969464163880779 ], [ -75.171891369010382, 39.969415341944298 ], [ -75.17211094196324, 39.969443361509732 ], [ -75.172100414535009, 39.969492203062572 ], [ -75.17188069110999, 39.969464163880779 ] ] ] } },
{ "type": "Feature", "properties": { "gid": 44966, "building_name": null, "num_birds_near": 1, "approx_hgt": 41.0, "lights_out": 0, "address": "2014 BROWN ST" }, "geometry": { "type": "Polygon", "coordinates": [ [ [ -75.170574347215322, 39.96912174196801 ], [ -75.170425658432109, 39.969104032304735 ], [ -75.170444461516254, 39.969010569624118 ], [ -75.170593150099748, 39.969028279262851 ], [ -75.170574347215322, 39.96912174196801 ] ] ] } },
{ "type": "Feature", "properties": { "gid": 46253, "building_name": "NCC Neumann Senior Housing", "num_birds_near": 1, "approx_hgt": 77.0, "lights_out": 0, "address": "1741 FRANKFORD AVE" }, "geometry": { "type": "Polygon", "coordinates": [ [ [ -75.132103488834716, 39.976026497761147 ], [ -75.132104880311928, 39.976014340473931 ], [ -75.131578493997807, 39.975839617128699 ], [ -75.131665000053502, 39.975695740850846 ], [ -75.131684781305594, 39.975701650652155 ], [ -75.131695845601868, 39.975664910742921 ], [ -75.131762568773652, 39.975567409115051 ], [ -75.131772627016645, 39.97557113460342 ], [ -75.131755528052182, 39.975545955480811 ], [ -75.131764177970538, 39.975530587695445 ], [ -75.131914114543463, 39.975582494853874 ], [ -75.131930086572581, 39.975557036887807 ], [ -75.132046893504807, 39.975583675600518 ], [ -75.132367072426518, 39.975697681459735 ], [ -75.132295824925322, 39.975819850216411 ], [ -75.132276378438078, 39.975813426467859 ], [ -75.132149304625329, 39.976029500106122 ], [ -75.132103488834716, 39.976026497761147 ] ], [ [ -75.13205543297245, 39.975879713143705 ], [ -75.132125170773179, 39.975753305908569 ], [ -75.132079573672542, 39.975737889743513 ], [ -75.132019558380748, 39.975836292450161 ], [ -75.131986366906645, 39.975824986849304 ], [ -75.132045040930336, 39.975725043441798 ], [ -75.131970608971827, 39.975700634855066 ], [ -75.131923503584218, 39.975783622750093 ], [ -75.131888468303458, 39.975770263064859 ], [ -75.131861308520868, 39.975813424928752 ], [ -75.13205543297245, 39.975879713143705 ] ] ] } },
{ "type": "Feature", "properties": { "gid": 49332, "building_name": null, "num_birds_near": 1, "approx_hgt": 21.0, "lights_out": 0, "address": "606-22 SPRING GARDEN ST" }, "geometry": { "type": "Polygon", "coordinates": [ [ [ -75.149766521723805, 39.96127718967201 ], [ -75.14936838963078, 39.961233029454526 ], [ -75.149366280818526, 39.961244285820911 ], [ -75.149148051471627, 39.961209438030458 ], [ -75.149244584807263, 39.960694088967699 ], [ -75.149428360262249, 39.960728024003899 ], [ -75.149432266031667, 39.96070717198446 ], [ -75.149510718997675, 39.960726374355005 ], [ -75.149512907415243, 39.960714689104563 ], [ -75.149547472691737, 39.960718522607436 ], [ -75.149543583237232, 39.960739285799129 ], [ -75.149860689359954, 39.96077445938576 ], [ -75.149766521723805, 39.96127718967201 ] ] ] } },
{ "type": "Feature", "properties": { "gid": 57275, "building_name": null, "num_birds_near": 1, "approx_hgt": 41.0, "lights_out": 0, "address": "2330 POPLAR ST" }, "geometry": { "type": "Polygon", "coordinates": [ [ [ -75.17550405953601, 39.972127667519821 ], [ -75.175533326662716, 39.971970596946406 ], [ -75.175569887622657, 39.971959993405868 ], [ -75.175584861309119, 39.97197768645421 ], [ -75.175563679446398, 39.972134816821594 ], [ -75.17550405953601, 39.972127667519821 ] ] ] } },
{ "type": "Feature", "properties": { "gid": 60232, "building_name": null, "num_birds_near": 1, "approx_hgt": 43.0, "lights_out": 0, "address": "1900-04 N 6TH ST" }, "geometry": { "type": "Polygon", "coordinates": [ [ [ -75.14538421150317, 39.980415406678937 ], [ -75.144774412963173, 39.980344575708195 ], [ -75.144802315961996, 39.980194639940777 ], [ -75.145415114447999, 39.980272448799596 ], [ -75.14538421150317, 39.980415406678937 ] ] ] } },
{ "type": "Feature", "properties": { "gid": 60695, "building_name": null, "num_birds_near": 1, "approx_hgt": 34.0, "lights_out": 0, "address": "321 N 19TH ST" }, "geometry": { "type": "Polygon", "coordinates": [ [ [ -75.170006015294021, 39.960214583033398 ], [ -75.16978836602496, 39.960186875957483 ], [ -75.169796357899955, 39.9601501106022 ], [ -75.170015194693619, 39.960170685830626 ], [ -75.170006015294021, 39.960214583033398 ] ] ] } },
{ "type": "Feature", "properties": { "gid": 62048, "building_name": null, "num_birds_near": 1, "approx_hgt": 37.0, "lights_out": 0, "address": "1627 E EYRE ST" }, "geometry": { "type": "Polygon", "coordinates": [ [ [ -75.130545109067427, 39.975811962753355 ], [ -75.13050000124737, 39.975796591362993 ], [ -75.130614732376884, 39.975609825471004 ], [ -75.130675260606182, 39.975630450411288 ], [ -75.130621941836637, 39.975723065756654 ], [ -75.130609323414475, 39.975718765433811 ], [ -75.130545109067427, 39.975811962753355 ] ] ] } },
{ "type": "Feature", "properties": { "gid": 62376, "building_name": null, "num_birds_near": 1, "approx_hgt": 23.0, "lights_out": 0, "address": "404 N 19TH ST" }, "geometry": { "type": "Polygon", "coordinates": [ [ [ -75.170290638836917, 39.961066769581045 ], [ -75.170278132379622, 39.961118823632972 ], [ -75.169997364244438, 39.961082839989061 ], [ -75.170008429758269, 39.961031058098257 ], [ -75.170290638836917, 39.961066769581045 ] ] ] } },
{ "type": "Feature", "properties": { "gid": 63314, "building_name": null, "num_birds_near": 1, "approx_hgt": 28.0, "lights_out": 0, "address": "1305 GERMANTOWN AVE" }, "geometry": { "type": "Polygon", "coordinates": [ [ [ -75.140423780110268, 39.971204010059644 ], [ -75.140407704407409, 39.971149309279582 ], [ -75.140936883688312, 39.971059196543663 ], [ -75.140952930289174, 39.971115092233092 ], [ -75.140423780110268, 39.971204010059644 ] ] ] } },
{ "type": "Feature", "properties": { "gid": 65647, "building_name": null, "num_birds_near": 1, "approx_hgt": 79.0, "lights_out": 0, "address": "915 SPRING GARDEN ST" }, "geometry": { "type": "Polygon", "coordinates": [ [ [ -75.153373170026498, 39.962464080906699 ], [ -75.153135142987693, 39.962454076146756 ], [ -75.153156392363314, 39.962398276938089 ], [ -75.153448349927871, 39.961771232744809 ], [ -75.153632275891184, 39.961814711522557 ], [ -75.153373170026498, 39.962464080906699 ] ] ] } },
{ "type": "Feature", "properties": { "gid": 68648, "building_name": "Park Towne Place (West Tower)", "num_birds_near": 1, "approx_hgt": 180.0, "lights_out": 0, "address": "2201 PARK TOWNE PL" }, "geometry": { "type": "Polygon", "coordinates": [ [ [ -75.177919690554731, 39.961918462630841 ], [ -75.177860361099022, 39.96188470053621 ], [ -75.17787252101553, 39.961872047288395 ], [ -75.177517343195206, 39.961669930793363 ], [ -75.177505446582586, 39.961682308793442 ], [ -75.177448256313582, 39.961649763958441 ], [ -75.177459967743019, 39.961637576429546 ], [ -75.177411262759918, 39.961609860258022 ], [ -75.177470725299997, 39.961547986051897 ], [ -75.177404816128899, 39.961510479326833 ], [ -75.177431381243906, 39.961482836500885 ], [ -75.177497133366131, 39.961520254093223 ], [ -75.17755563525057, 39.961459379148273 ], [ -75.177603151584179, 39.961486418977458 ], [ -75.177614131535123, 39.961474994405229 ], [ -75.177688335384076, 39.961520478035375 ], [ -75.177678569432786, 39.961530640490835 ], [ -75.178016072636581, 39.961722699597111 ], [ -75.178029260027486, 39.9617089773459 ], [ -75.178088373937783, 39.961742616490191 ], [ -75.178101426910345, 39.961754835800186 ], [ -75.178090799207027, 39.961765895297255 ], [ -75.178146648809317, 39.961797677225881 ], [ -75.178003862837826, 39.961946258364783 ], [ -75.1779321795984, 39.96190546626331 ], [ -75.177919690554731, 39.961918462630841 ] ] ] } },
{ "type": "Feature", "properties": { "gid": 68649, "building_name": "Park Towne Place (East Tower)", "num_birds_near": 1, "approx_hgt": 191.0, "lights_out": 0, "address": "2201 PARK TOWNE PL" }, "geometry": { "type": "Polygon", "coordinates": [ [ [ -75.176260003625273, 39.960508287135518 ], [ -75.175904567185228, 39.960306785789193 ], [ -75.175891861541501, 39.960320057292613 ], [ -75.175832836894969, 39.960286594666492 ], [ -75.175846442272288, 39.960272382881733 ], [ -75.175776169579876, 39.960232544554984 ], [ -75.175919092669659, 39.960083254729724 ], [ -75.176064833412696, 39.960146328585829 ], [ -75.176051760827974, 39.960159984712988 ], [ -75.176407574048866, 39.96036169949447 ], [ -75.176419377470395, 39.960349369974281 ], [ -75.17647443069778, 39.960380580771343 ], [ -75.176462235995572, 39.960393317785972 ], [ -75.176510235289101, 39.960420528406949 ], [ -75.176367377350346, 39.960569752840556 ], [ -75.176246728727577, 39.96052215228579 ], [ -75.176260003625273, 39.960508287135518 ] ] ] } },
{ "type": "Feature", "properties": { "gid": 68650, "building_name": "Park Towne Place (South Tower)", "num_birds_near": 1, "approx_hgt": 195.0, "lights_out": 0, "address": "2201 PARK TOWNE PL" }, "geometry": { "type": "Polygon", "coordinates": [ [ [ -75.177550163915299, 39.960851317868027 ], [ -75.177601010594174, 39.960798281227945 ], [ -75.177529484411551, 39.960757615803217 ], [ -75.17756368688498, 39.960721992779661 ], [ -75.177548058548382, 39.960710013884885 ], [ -75.177590448705089, 39.960665861690828 ], [ -75.177608345430244, 39.960676036266378 ], [ -75.177690954513182, 39.960589996028283 ], [ -75.17764231572184, 39.960562342692988 ], [ -75.177595756930288, 39.960610835297203 ], [ -75.17751219131469, 39.960563325210678 ], [ -75.177472498756856, 39.960604666350697 ], [ -75.177448366835165, 39.960590945206498 ], [ -75.177488397091594, 39.960549251243499 ], [ -75.177326374895699, 39.960457134049257 ], [ -75.177525734477783, 39.960249490810511 ], [ -75.177608648660211, 39.960296631289587 ], [ -75.177661553066827, 39.96024152790585 ], [ -75.177680415951329, 39.960252251228241 ], [ -75.177628337995472, 39.960306493767035 ], [ -75.177798089043705, 39.960403004165805 ], [ -75.177752352032613, 39.960450641275578 ], [ -75.177798490964747, 39.960476872580834 ], [ -75.177869770797699, 39.9604026310055 ], [ -75.177854003727205, 39.960393667425087 ], [ -75.177897645290741, 39.960348212392603 ], [ -75.177914559677021, 39.960357828794706 ], [ -75.177968537724951, 39.96030160776661 ], [ -75.178070741619791, 39.960359714105387 ], [ -75.17808266159085, 39.960347297833529 ], [ -75.178043477766764, 39.960325020336541 ], [ -75.178052508847969, 39.960315613544175 ], [ -75.178068454711749, 39.960324679315889 ], [ -75.178105306697859, 39.960286294481186 ], [ -75.178144709466793, 39.960308695799071 ], [ -75.178085819256609, 39.960370033535774 ], [ -75.178162094068355, 39.96041339818364 ], [ -75.178110236982448, 39.960467411624442 ], [ -75.17812721674801, 39.9604770655001 ], [ -75.178082626919164, 39.960523508489416 ], [ -75.178064895217048, 39.960513427789159 ], [ -75.177802857163215, 39.960786356629178 ], [ -75.177819338394755, 39.96079572636522 ], [ -75.177775099218067, 39.960841803186689 ], [ -75.177758293620101, 39.96083224867224 ], [ -75.177724068011003, 39.960867896462204 ], [ -75.177641631005955, 39.960821028076587 ], [ -75.177590520433512, 39.960874262445053 ], [ -75.177550163915299, 39.960851317868027 ] ] ] } },
{ "type": "Feature", "properties": { "gid": 76186, "building_name": null, "num_birds_near": 1, "approx_hgt": 127.0, "lights_out": 0, "address": "501 N 22ND ST" }, "geometry": { "type": "Polygon", "coordinates": [ [ [ -75.174382654669628, 39.963911500889864 ], [ -75.173864632364641, 39.963844983522016 ], [ -75.173878303791383, 39.963781942231478 ], [ -75.173844713251242, 39.96377762353076 ], [ -75.173862145856361, 39.963692439658651 ], [ -75.174080882094273, 39.963720531652392 ], [ -75.174100667915283, 39.963629296239162 ], [ -75.174113144260346, 39.963630898161988 ], [ -75.174093453431368, 39.963721697818542 ], [ -75.17414277265317, 39.963714631236584 ], [ -75.174139812488818, 39.963728281763494 ], [ -75.174164799009091, 39.963731489961987 ], [ -75.174184564859772, 39.96364034599155 ], [ -75.174434496245127, 39.96367243723347 ], [ -75.174382654669628, 39.963911500889864 ] ], [ [ -75.174304323537982, 39.963749666818721 ], [ -75.174297282119554, 39.963780503504424 ], [ -75.174369031884041, 39.963788470135476 ], [ -75.174376072469258, 39.963757376639116 ], [ -75.174304323537982, 39.963749666818721 ] ], [ [ -75.17434388649643, 39.963696217804262 ], [ -75.174338856869511, 39.963722172030778 ], [ -75.174387807352488, 39.963727825647602 ], [ -75.174393171834154, 39.963701871729278 ], [ -75.17434388649643, 39.963696217804262 ] ] ] } },
{ "type": "Feature", "properties": { "gid": 76209, "building_name": null, "num_birds_near": 1, "approx_hgt": 36.0, "lights_out": 0, "address": "1639 E EYRE ST" }, "geometry": { "type": "Polygon", "coordinates": [ [ [ -75.131198723348163, 39.975935508201893 ], [ -75.131181607057471, 39.975929460917605 ], [ -75.131232099416707, 39.975844008823017 ], [ -75.13129056250672, 39.975864988152495 ], [ -75.131209138701138, 39.975995488247712 ], [ -75.131178247874274, 39.975984899876458 ], [ -75.131198723348163, 39.975935508201893 ] ] ] } },
{ "type": "Feature", "properties": { "gid": 78608, "building_name": "Watering Committee Building", "num_birds_near": 1, "approx_hgt": 44.0, "lights_out": 0, "address": "640 WATER WORKS DR" }, "geometry": { "type": "Polygon", "coordinates": [ [ [ -75.183600608491716, 39.966614720399441 ], [ -75.183755671671094, 39.966591269622718 ], [ -75.183772996905276, 39.966658697585402 ], [ -75.183618721640258, 39.966679544980742 ], [ -75.183600608491716, 39.966614720399441 ] ] ] } },
{ "type": "Feature", "properties": { "gid": 79053, "building_name": "Philadelphia Museum of Art (PMA)", "num_birds_near": 1, "approx_hgt": 109.0, "lights_out": 0, "address": "2500 SPRING GARDEN ST" }, "geometry": { "type": "Polygon", "coordinates": [ [ [ -75.180035265744422, 39.965980925553794 ], [ -75.179797680746063, 39.965806662945177 ], [ -75.180108556023697, 39.965555721355315 ], [ -75.180348612158895, 39.965731796542364 ], [ -75.180304846032868, 39.965767125107689 ], [ -75.180721638880385, 39.966072829011317 ], [ -75.180997047585038, 39.965850512324543 ], [ -75.180878438542521, 39.965763516405502 ], [ -75.181182840505116, 39.965517794341515 ], [ -75.181302879415057, 39.965605838300554 ], [ -75.181582890981474, 39.965379800364268 ], [ -75.181163660338967, 39.965072310545992 ], [ -75.181123536631944, 39.965104699882581 ], [ -75.180890692711529, 39.964933916364217 ], [ -75.181196341060954, 39.964687183387035 ], [ -75.181429882158767, 39.964858478353328 ], [ -75.181385781358387, 39.964894079127433 ], [ -75.18180503245506, 39.965201582110673 ], [ -75.18184487932912, 39.965169415200862 ], [ -75.182080708133356, 39.965342384501469 ], [ -75.181539139967413, 39.965779564411541 ], [ -75.181782272342218, 39.965957889420281 ], [ -75.181485096940932, 39.966197782248848 ], [ -75.181240923116405, 39.966018692665152 ], [ -75.180689495330384, 39.966463819275816 ], [ -75.180451331620347, 39.966289135174122 ], [ -75.180496040146082, 39.966253045578867 ], [ -75.180078003045807, 39.965946428195949 ], [ -75.180035265744422, 39.965980925553794 ] ] ] } },
{ "type": "Feature", "properties": { "gid": 79079, "building_name": null, "num_birds_near": 1, "approx_hgt": 10.0, "lights_out": 0, "address": null }, "geometry": { "type": "Polygon", "coordinates": [ [ [ -75.174433245291965, 39.96295984730709 ], [ -75.174289914302221, 39.962837667901631 ], [ -75.174320734104825, 39.962816259874444 ], [ -75.174464065138935, 39.962938438341197 ], [ -75.174433245291965, 39.96295984730709 ] ] ] } },
{ "type": "Feature", "properties": { "gid": 79387, "building_name": null, "num_birds_near": 1, "approx_hgt": 61.0, "lights_out": 0, "address": "333 N FRONT ST" }, "geometry": { "type": "Polygon", "coordinates": [ [ [ -75.139976349122193, 39.956502006071531 ], [ -75.139841565953503, 39.956479184311995 ], [ -75.13984765460593, 39.956439069746381 ], [ -75.139858505114816, 39.956427657434773 ], [ -75.139997654975801, 39.95645079297659 ], [ -75.140000038129145, 39.95649085433184 ], [ -75.139976349122193, 39.956502006071531 ] ] ] } },
{ "type": "Feature", "properties": { "gid": 80834, "building_name": null, "num_birds_near": 1, "approx_hgt": 26.0, "lights_out": 0, "address": "5649 E WISTER ST" }, "geometry": { "type": "Polygon", "coordinates": [ [ [ -75.158088394855056, 40.040643889548939 ], [ -75.158291259084834, 40.04064069911167 ], [ -75.158296720115288, 40.040677116952253 ], [ -75.158291084103411, 40.040690494150496 ], [ -75.158153414663332, 40.040698696880128 ], [ -75.158089198141084, 40.040687127471351 ], [ -75.158088394855056, 40.040643889548939 ] ] ] } },
{ "type": "Feature", "properties": { "gid": 81814, "building_name": "Hayman Center/Tom Gola Arena", "num_birds_near": 1, "approx_hgt": 68.0, "lights_out": 0, "address": "5600 N 20TH ST" }, "geometry": { "type": "Polygon", "coordinates": [ [ [ -75.1566394465451, 40.040276750194366 ], [ -75.156307419345922, 40.040262063946379 ], [ -75.156310630922519, 40.040219165335301 ], [ -75.156173339101315, 40.040206218403959 ], [ -75.1561840318994, 40.040063402360133 ], [ -75.156155672712714, 40.040062147374066 ], [ -75.156167346379775, 40.039906243734897 ], [ -75.156192882851798, 40.039907372798794 ], [ -75.156204031694628, 40.03975848070543 ], [ -75.156383079027194, 40.039766401391837 ], [ -75.156391980421901, 40.039647501931839 ], [ -75.15682962224993, 40.039666860448627 ], [ -75.156820796181023, 40.039784759698804 ], [ -75.156974081404968, 40.039791539134036 ], [ -75.156957146936705, 40.040017740034244 ], [ -75.156999588016191, 40.040019617305042 ], [ -75.156994380725038, 40.040089171497762 ], [ -75.156954042567094, 40.040087387657906 ], [ -75.156942310712353, 40.04024409372537 ], [ -75.156792493177832, 40.040237467354366 ], [ -75.156790702031302, 40.040261393868917 ], [ -75.15670122975142, 40.040257436405724 ], [ -75.156702855863614, 40.040235712747361 ], [ -75.156440566741395, 40.040224110769536 ], [ -75.156439697580183, 40.040235718721618 ], [ -75.156641848650622, 40.040244659878468 ], [ -75.1566394465451, 40.040276750194366 ] ], [ [ -75.156350489175026, 40.040220226760908 ], [ -75.156349433038386, 40.040231634970176 ], [ -75.156395869749886, 40.040234174840123 ], [ -75.156396925878923, 40.040222766630464 ], [ -75.156350489175026, 40.040220226760908 ] ] ] } },
{ "type": "Feature", "properties": { "gid": 82151, "building_name": null, "num_birds_near": 1, "approx_hgt": 21.0, "lights_out": 0, "address": "5551 RIDGE AVE" }, "geometry": { "type": "Polygon", "coordinates": [ [ [ -75.207982393700362, 40.025611489319168 ], [ -75.20818816442582, 40.025525605053218 ], [ -75.20820751141558, 40.025532992644891 ], [ -75.208198807279018, 40.02551471061458 ], [ -75.2082568104139, 40.025496225785211 ], [ -75.208269885217817, 40.025517534607864 ], [ -75.208301736455937, 40.025507008716176 ], [ -75.208294025022866, 40.025492887855648 ], [ -75.208482785220767, 40.025434352062341 ], [ -75.208504243126114, 40.025440514117385 ], [ -75.208605496898286, 40.025633068642968 ], [ -75.208138180663269, 40.025830218223575 ], [ -75.208127492844895, 40.02581508361277 ], [ -75.208076675925184, 40.02583629351367 ], [ -75.208020727733015, 40.025750198882179 ], [ -75.208066776318745, 40.025730978268825 ], [ -75.207982393700362, 40.025611489319168 ] ] ] } },
{ "type": "Feature", "properties": { "gid": 82743, "building_name": null, "num_birds_near": 1, "approx_hgt": 27.0, "lights_out": 0, "address": "7854 NIXON ST" }, "geometry": { "type": "Polygon", "coordinates": [ [ [ -75.251909440822587, 40.045669375364049 ], [ -75.251837299196467, 40.045748883707809 ], [ -75.251776900868521, 40.045710719234584 ], [ -75.251833922021945, 40.045657418866355 ], [ -75.251851072592729, 40.045668256719686 ], [ -75.251873901181483, 40.045646917718145 ], [ -75.251909440822587, 40.045669375364049 ] ] ] } },
{ "type": "Feature", "properties": { "gid": 89093, "building_name": null, "num_birds_near": 1, "approx_hgt": 36.0, "lights_out": 0, "address": "141 GREEN LN" }, "geometry": { "type": "Polygon", "coordinates": [ [ [ -75.225683020533936, 40.027759826381768 ], [ -75.225670163986962, 40.027768418532844 ], [ -75.225733961085922, 40.027824835667595 ], [ -75.225648258345828, 40.027882109945843 ], [ -75.225514154089993, 40.027784676357655 ], [ -75.225562861649578, 40.027752125715487 ], [ -75.225581466045057, 40.02776857871509 ], [ -75.225647310591057, 40.027728247190517 ], [ -75.225683020533936, 40.027759826381768 ] ] ] } },
{ "type": "Feature", "properties": { "gid": 90631, "building_name": null, "num_birds_near": 1, "approx_hgt": 32.0, "lights_out": 0, "address": "3000-06 W COULTER ST" }, "geometry": { "type": "Polygon", "coordinates": [ [ [ -75.183333443983656, 40.021280790696302 ], [ -75.183408890203708, 40.021228268212262 ], [ -75.18347692260582, 40.021286034306918 ], [ -75.183520207494198, 40.021255900935074 ], [ -75.183553038343078, 40.021283776712181 ], [ -75.183569939222636, 40.021272010732126 ], [ -75.183631093157928, 40.021323935828079 ], [ -75.183495293844857, 40.021418473908902 ], [ -75.183333443983656, 40.021280790696302 ] ] ] } },
{ "type": "Feature", "properties": { "gid": 93427, "building_name": null, "num_birds_near": 1, "approx_hgt": 22.0, "lights_out": 0, "address": "3243 W SCHOOL HOUSE LN" }, "geometry": { "type": "Polygon", "coordinates": [ [ [ -75.19166025193924, 40.023744404425145 ], [ -75.19160632153725, 40.023696377609063 ], [ -75.19167050049326, 40.0236500039668 ], [ -75.19172695923848, 40.023695967024686 ], [ -75.19166025193924, 40.023744404425145 ] ] ] } },
{ "type": "Feature", "properties": { "gid": 94955, "building_name": "The Gallagher Athletic, Recreation and Convocation Center", "num_birds_near": 1, "approx_hgt": 48.0, "lights_out": 0, "address": "3243 W SCHOOL HOUSE LN" }, "geometry": { "type": "Polygon", "coordinates": [ [ [ -75.193275429602082, 40.023775953874342 ], [ -75.193364600263379, 40.023737678101874 ], [ -75.19332274090543, 40.02368003869551 ], [ -75.193309320713169, 40.023685799115007 ], [ -75.193240402783061, 40.023590900745916 ], [ -75.193247110497083, 40.023576789032283 ], [ -75.193157907822098, 40.023615078413691 ], [ -75.193035049279842, 40.023445902862811 ], [ -75.192880917279552, 40.023512062012593 ], [ -75.192854388101495, 40.023475531963634 ], [ -75.192927108544097, 40.023417703303892 ], [ -75.193221408386719, 40.023291378959776 ], [ -75.193213797579432, 40.023280898402092 ], [ -75.193245584890889, 40.023267254156863 ], [ -75.193215825860989, 40.023244971014698 ], [ -75.193249353081086, 40.023221349961375 ], [ -75.193287574976779, 40.02325268110507 ], [ -75.193376758617291, 40.023201844741891 ], [ -75.193386816398913, 40.023211082329397 ], [ -75.193348565944575, 40.023239722255411 ], [ -75.193810098945747, 40.023041611512312 ], [ -75.193891691920157, 40.023153963025933 ], [ -75.193873985939803, 40.023161563451822 ], [ -75.193887314780326, 40.023179917182517 ], [ -75.193937696542747, 40.02315829025374 ], [ -75.193952878268973, 40.023179195419331 ], [ -75.19436829924328, 40.023000875416862 ], [ -75.194415060304976, 40.023065264825618 ], [ -75.194452257660259, 40.023049298049656 ], [ -75.194515886543286, 40.023136912276364 ], [ -75.194479509877823, 40.023152527027399 ], [ -75.194528343537044, 40.023219770039255 ], [ -75.194110940665723, 40.023398941218169 ], [ -75.194124636222057, 40.023417798633446 ], [ -75.194052084881321, 40.023448941382348 ], [ -75.194037579367063, 40.023428967605255 ], [ -75.19398321051132, 40.023452305126838 ], [ -75.193997270339224, 40.023471665317487 ], [ -75.193966060799497, 40.023485062241519 ], [ -75.193998280682436, 40.023529427682895 ], [ -75.193310725406832, 40.023824555146952 ], [ -75.193275429602082, 40.023775953874342 ] ] ] } },
{ "type": "Feature", "properties": { "gid": 95813, "building_name": null, "num_birds_near": 1, "approx_hgt": 41.0, "lights_out": 0, "address": "155 CARSON ST" }, "geometry": { "type": "Polygon", "coordinates": [ [ [ -75.224786040548423, 40.027831517036198 ], [ -75.224673249747752, 40.027741005866325 ], [ -75.224688213164626, 40.027730096852736 ], [ -75.22466351931962, 40.02771008150043 ], [ -75.2246981926844, 40.027684800826776 ], [ -75.224835650904083, 40.027795344731409 ], [ -75.224786040548423, 40.027831517036198 ] ] ] } },
{ "type": "Feature", "properties": { "gid": 98018, "building_name": null, "num_birds_near": 1, "approx_hgt": 22.0, "lights_out": 0, "address": "3780 MAIN ST" }, "geometry": { "type": "Polygon", "coordinates": [ [ [ -75.214247631532842, 40.018790208797341 ], [ -75.214071815799514, 40.018558985953732 ], [ -75.214398188601336, 40.01842081125713 ], [ -75.214523878749873, 40.018596312695536 ], [ -75.214540266531841, 40.018589301740761 ], [ -75.214555391452308, 40.018610236150437 ], [ -75.214538889311143, 40.018617296839729 ], [ -75.214567159200044, 40.018656768528558 ], [ -75.214247631532842, 40.018790208797341 ] ] ] } },
{ "type": "Feature", "properties": { "gid": 99249, "building_name": "Venice Island Pump Station", "num_birds_near": 1, "approx_hgt": 43.0, "lights_out": 0, "address": "7 LOCK ST" }, "geometry": { "type": "Polygon", "coordinates": [ [ [ -75.220533751547265, 40.022842037381594 ], [ -75.220561590156862, 40.022795819642695 ], [ -75.22049587653251, 40.022770914554243 ], [ -75.22054979902515, 40.022688614468827 ], [ -75.220616854837928, 40.022714012207018 ], [ -75.220625195281386, 40.022700995462692 ], [ -75.220872513797246, 40.022794668889418 ], [ -75.220777335268608, 40.022943203391513 ], [ -75.220533751547265, 40.022842037381594 ] ] ] } },
{ "type": "Feature", "properties": { "gid": 100652, "building_name": null, "num_birds_near": 1, "approx_hgt": 22.0, "lights_out": 0, "address": "250 RIPKA ST" }, "geometry": { "type": "Polygon", "coordinates": [ [ [ -75.227038424759996, 40.031839997120208 ], [ -75.227099990429181, 40.031809953734168 ], [ -75.227165572345768, 40.031891170248727 ], [ -75.227103973105542, 40.031920759733879 ], [ -75.227038424759996, 40.031839997120208 ] ] ] } },
{ "type": "Feature", "properties": { "gid": 101637, "building_name": null, "num_birds_near": 1, "approx_hgt": 63.0, "lights_out": 0, "address": "5000 FLAT ROCK RD" }, "geometry": { "type": "Polygon", "coordinates": [ [ [ -75.240147011428249, 40.035680792129874 ], [ -75.239460124430551, 40.03524589745188 ], [ -75.239475882690016, 40.03523049535896 ], [ -75.239355853829863, 40.035154254232673 ], [ -75.239335066272957, 40.035174019768355 ], [ -75.239273375471072, 40.03513654139028 ], [ -75.23929315655198, 40.035116005139386 ], [ -75.23918784270333, 40.03505060908909 ], [ -75.239166368929162, 40.035072162470918 ], [ -75.239110055136791, 40.035033156356214 ], [ -75.239131512205091, 40.035010565580983 ], [ -75.238966546916103, 40.034908917512006 ], [ -75.238946431217016, 40.034930481627697 ], [ -75.238890101144662, 40.034892492260354 ], [ -75.238906193847384, 40.03487400806533 ], [ -75.238800241010523, 40.034805215356705 ], [ -75.238781448309211, 40.034825742503813 ], [ -75.23871977079466, 40.034787763154512 ], [ -75.238739887019634, 40.034765171961574 ], [ -75.238524871229416, 40.034630188635028 ], [ -75.238540358085402, 40.034614615851972 ], [ -75.238252007161265, 40.034435443812534 ], [ -75.238283522958582, 40.034404125470374 ], [ -75.23794055212592, 40.034259998469977 ], [ -75.237843624641897, 40.034185935957375 ], [ -75.237793022028569, 40.03422406077425 ], [ -75.236985646438555, 40.0336028434455 ], [ -75.237023195924479, 40.033553558396576 ], [ -75.237227341129781, 40.03339888999237 ], [ -75.237359439604333, 40.033368085173493 ], [ -75.237277632236427, 40.033316742561581 ], [ -75.237297077858486, 40.033299286101673 ], [ -75.237254163401118, 40.033268994654989 ], [ -75.237280314067178, 40.033240756806244 ], [ -75.237198507172394, 40.033188900579106 ], [ -75.236871650468899, 40.033500161420463 ], [ -75.236831414746035, 40.033464224269956 ], [ -75.23678984667167, 40.033488864832435 ], [ -75.236705355536216, 40.033404664336935 ], [ -75.236741560201224, 40.033382076909618 ], [ -75.236598063448099, 40.033246532256243 ], [ -75.236685241230077, 40.03316232724508 ], [ -75.236628907969774, 40.033124338437617 ], [ -75.236729490680062, 40.033030895210551 ], [ -75.236674504687329, 40.032997009284671 ], [ -75.236626225455339, 40.033042190532328 ], [ -75.23656721620425, 40.033069915390982 ], [ -75.236543075725905, 40.033035002544395 ], [ -75.236520277924484, 40.033045270390943 ], [ -75.236492113787875, 40.033003169663999 ], [ -75.236517595035053, 40.032991874864258 ], [ -75.236492114535366, 40.032960041992354 ], [ -75.236690597081491, 40.032867627041682 ], [ -75.236674504161257, 40.032849143308837 ], [ -75.236787156361416, 40.03280293460157 ], [ -75.236780450478548, 40.032789585636387 ], [ -75.236679868257241, 40.032831686899364 ], [ -75.236496137612292, 40.032875840632222 ], [ -75.23648674948609, 40.03285427717924 ], [ -75.236335204209027, 40.032848115658894 ], [ -75.235938203026038, 40.032378455862698 ], [ -75.235651242359481, 40.032000955242609 ], [ -75.235486921175664, 40.031834987981696 ], [ -75.235663611114447, 40.031793657721082 ], [ -75.23583527186922, 40.031669920636872 ], [ -75.235936900738352, 40.031757588345137 ], [ -75.236026043454459, 40.031695079466878 ], [ -75.236059906582355, 40.03170971226686 ], [ -75.236160153614264, 40.031642196313072 ], [ -75.23631773321614, 40.031777743550656 ], [ -75.236369701226309, 40.031742316219251 ], [ -75.236448826350824, 40.031810346629726 ], [ -75.236374094361395, 40.03185925277473 ], [ -75.236619147703394, 40.03206834657135 ], [ -75.236636948870029, 40.032057437768124 ], [ -75.237247455742477, 40.032584600210427 ], [ -75.23732494143573, 40.032625285101034 ], [ -75.237460385263262, 40.032490770192837 ], [ -75.238812189331739, 40.033320855347981 ], [ -75.238742451671641, 40.033387599206918 ], [ -75.238913443411619, 40.033565756331029 ], [ -75.238898020135693, 40.033582185587008 ], [ -75.23893557119348, 40.033614017842673 ], [ -75.238962393305002, 40.033589887500078 ], [ -75.239010673290807, 40.033630447954117 ], [ -75.238985863203382, 40.033655605281581 ], [ -75.239058282817695, 40.03369873248149 ], [ -75.239082422166305, 40.033679222289194 ], [ -75.239138748659229, 40.033712594837475 ], [ -75.239109914724779, 40.033737752509069 ], [ -75.239207904973455, 40.033801989362978 ], [ -75.239240672108892, 40.033802443584484 ], [ -75.23927419991854, 40.033770611263677 ], [ -75.23941041717508, 40.033849213852235 ], [ -75.239364053918607, 40.033896912225003 ], [ -75.239586006877161, 40.034038102999041 ], [ -75.239605452558692, 40.034022186850187 ], [ -75.239666473917282, 40.034058125962979 ], [ -75.239641103024923, 40.034079212214948 ], [ -75.239954939346035, 40.034296882912543 ], [ -75.240066123284493, 40.034445241685141 ], [ -75.240032595989248, 40.034463210730443 ], [ -75.240065452823202, 40.034502229895054 ], [ -75.24011239176194, 40.034481180659334 ], [ -75.240664257477633, 40.035185580272724 ], [ -75.24059988413174, 40.035224598314379 ], [ -75.240679680399964, 40.035272859075377 ], [ -75.240319795730727, 40.035609124808609 ], [ -75.240261927539194, 40.035575766950004 ], [ -75.240147011428249, 40.035680792129874 ] ], [ [ -75.237517019481032, 40.033554457248883 ], [ -75.237396990578304, 40.033469742849682 ], [ -75.237364134022613, 40.033498493525641 ], [ -75.237539818615488, 40.033637117307038 ], [ -75.237569993145328, 40.033616067226426 ], [ -75.237507632483201, 40.033563185186644 ], [ -75.237517019481032, 40.033554457248883 ] ], [ [ -75.23742852907273, 40.033410169300517 ], [ -75.237382604793424, 40.033381675298187 ], [ -75.2372582075634, 40.033418386157273 ], [ -75.237348062690515, 40.033484103563495 ], [ -75.23742852907273, 40.033410169300517 ] ] ] } },
{ "type": "Feature", "properties": { "gid": 105975, "building_name": null, "num_birds_near": 1, "approx_hgt": 41.0, "lights_out": 0, "address": "249 LEVERINGTON AVE" }, "geometry": { "type": "Polygon", "coordinates": [ [ [ -75.225407368900505, 40.031265415944297 ], [ -75.225460071924303, 40.031238483431046 ], [ -75.225571772901802, 40.03136267135671 ], [ -75.225516191475975, 40.03139129848185 ], [ -75.225407368900505, 40.031265415944297 ] ] ] } },
{ "type": "Feature", "properties": { "gid": 110566, "building_name": null, "num_birds_near": 1, "approx_hgt": 28.0, "lights_out": 0, "address": "188 KRAMS AVE" }, "geometry": { "type": "Polygon", "coordinates": [ [ [ -75.226572475893832, 40.030111306835138 ], [ -75.226539449861917, 40.030084982066342 ], [ -75.226446280997607, 40.030010715507736 ], [ -75.226489416949306, 40.029980614342662 ], [ -75.226614088768144, 40.030080496408651 ], [ -75.226572475893832, 40.030111306835138 ] ] ] } },
{ "type": "Feature", "properties": { "gid": 112673, "building_name": null, "num_birds_near": 1, "approx_hgt": 38.0, "lights_out": 0, "address": "1627-51 E MOUNT AIRY AVE" }, "geometry": { "type": "Polygon", "coordinates": [ [ [ -75.170433401775682, 40.080567515261649 ], [ -75.170478757211754, 40.080522366642974 ], [ -75.170499522848786, 40.080534676505536 ], [ -75.170606431683439, 40.080428254345676 ], [ -75.170534324904125, 40.08038551205447 ], [ -75.17062942651819, 40.080290843384127 ], [ -75.170729159571565, 40.080349962499703 ], [ -75.170742294024436, 40.080336889053761 ], [ -75.170766420656577, 40.080351189846148 ], [ -75.170753428800367, 40.080364122334196 ], [ -75.170825451957754, 40.080406814855237 ], [ -75.170356242052094, 40.080873888982687 ], [ -75.170159656667622, 40.080757359047162 ], [ -75.17025421196081, 40.08066323522366 ], [ -75.170328143844316, 40.080707060221791 ], [ -75.170455292718032, 40.080580491909373 ], [ -75.170433401775682, 40.080567515261649 ] ] ] } },
{ "type": "Feature", "properties": { "gid": 116420, "building_name": null, "num_birds_near": 1, "approx_hgt": 25.0, "lights_out": 0, "address": "4605 SILVERWOOD ST" }, "geometry": { "type": "Polygon", "coordinates": [ [ [ -75.224799709448362, 40.032278436176504 ], [ -75.224605564657551, 40.032362602021237 ], [ -75.224597444933323, 40.032352098070433 ], [ -75.224609953975133, 40.03234638335806 ], [ -75.224585716366917, 40.032328520626059 ], [ -75.224771009012002, 40.032241311215962 ], [ -75.224799709448362, 40.032278436176504 ] ] ] } },
{ "type": "Feature", "properties": { "gid": 119506, "building_name": null, "num_birds_near": 1, "approx_hgt": 33.0, "lights_out": 0, "address": "9511 WHEEL PUMP LN" }, "geometry": { "type": "Polygon", "coordinates": [ [ [ -75.221217198680023, 40.091260243515286 ], [ -75.221149435792768, 40.091220965015005 ], [ -75.221165460909646, 40.091204658267408 ], [ -75.22114065558533, 40.091190279572004 ], [ -75.221255777518152, 40.091073126543385 ], [ -75.221360554277069, 40.091133860124764 ], [ -75.221217198680023, 40.091260243515286 ] ] ] } },
{ "type": "Feature", "properties": { "gid": 121192, "building_name": null, "num_birds_near": 1, "approx_hgt": 24.0, "lights_out": 0, "address": "6024 RIDGE AVE" }, "geometry": { "type": "Polygon", "coordinates": [ [ [ -75.214016641381832, 40.031958125343003 ], [ -75.214586724493984, 40.032462209848212 ], [ -75.214674657526885, 40.0324028753964 ], [ -75.214743043965825, 40.032462763472203 ], [ -75.214654514530679, 40.032522500168646 ], [ -75.214720534687345, 40.032580315077254 ], [ -75.21450100536012, 40.03273207490912 ], [ -75.213795621373848, 40.032124694822748 ], [ -75.213797257284725, 40.032096065742167 ], [ -75.214016641381832, 40.031958125343003 ] ] ] } },
{ "type": "Feature", "properties": { "gid": 121918, "building_name": null, "num_birds_near": 1, "approx_hgt": 44.0, "lights_out": 0, "address": "4401 CRESSON ST" }, "geometry": { "type": "Polygon", "coordinates": [ [ [ -75.225216114476638, 40.027203352740798 ], [ -75.224887543296887, 40.027076525292884 ], [ -75.22488284983379, 40.027062148538448 ], [ -75.224928782534207, 40.026995397597304 ], [ -75.224967674836705, 40.026987439329311 ], [ -75.225019306094467, 40.026904513790861 ], [ -75.224530474599121, 40.026709394053306 ], [ -75.224547237730405, 40.026681922933733 ], [ -75.225355923159981, 40.026997196232585 ], [ -75.225216114476638, 40.027203352740798 ] ] ] } },
{ "type": "Feature", "properties": { "gid": 123603, "building_name": null, "num_birds_near": 1, "approx_hgt": 77.0, "lights_out": 0, "address": "161 LEVERINGTON AVE" }, "geometry": { "type": "Polygon", "coordinates": [ [ [ -75.226677154786131, 40.03056742286887 ], [ -75.227459183502873, 40.030172074170729 ], [ -75.227355247539933, 40.030063736866602 ], [ -75.227312540439996, 40.030093787404034 ], [ -75.227283369238279, 40.030070168528681 ], [ -75.227263253137707, 40.030085057892265 ], [ -75.227155293546005, 40.029991867790649 ], [ -75.227174869365939, 40.029977734222065 ], [ -75.22715810576932, 40.029962844624542 ], [ -75.227205714904613, 40.029914836933976 ], [ -75.227215437433173, 40.029923309034423 ], [ -75.227563116989543, 40.0296709509933 ], [ -75.227604893024974, 40.029668908901826 ], [ -75.22778339356168, 40.02954335979981 ], [ -75.227954384284743, 40.029677626923309 ], [ -75.22820234812167, 40.029507425129708 ], [ -75.228323521830035, 40.029610366640888 ], [ -75.227844944278004, 40.029942587388682 ], [ -75.227787417662427, 40.029912784913478 ], [ -75.227800744080611, 40.029903032454264 ], [ -75.227712315312672, 40.029820621571353 ], [ -75.227378381824721, 40.030048590334765 ], [ -75.227454824977585, 40.03012586381346 ], [ -75.227498074744219, 40.030104043099726 ], [ -75.227480305023533, 40.03008247851961 ], [ -75.227518023543212, 40.030061170592006 ], [ -75.227689350152389, 40.030254483014232 ], [ -75.227273944792373, 40.030466019907081 ], [ -75.227281655991675, 40.030472951263981 ], [ -75.227249134478214, 40.030504528383844 ], [ -75.227233375844349, 40.030486814642828 ], [ -75.226794166073688, 40.03070990290508 ], [ -75.226677154786131, 40.03056742286887 ] ] ] } },
{ "type": "Feature", "properties": { "gid": 128206, "building_name": null, "num_birds_near": 1, "approx_hgt": 33.0, "lights_out": 0, "address": "216 HERMITAGE ST" }, "geometry": { "type": "Polygon", "coordinates": [ [ [ -75.229314319637936, 40.032202036516679 ], [ -75.229219539075089, 40.032097033858541 ], [ -75.229343833651626, 40.03204096077782 ], [ -75.229406816869073, 40.032123458680509 ], [ -75.229390765851576, 40.032130699024471 ], [ -75.229411691689521, 40.032158109718914 ], [ -75.229314319637936, 40.032202036516679 ] ] ] } },
{ "type": "Feature", "properties": { "gid": 130347, "building_name": null, "num_birds_near": 1, "approx_hgt": 30.0, "lights_out": 0, "address": "4433 ST DAVIDS ST" }, "geometry": { "type": "Polygon", "coordinates": [ [ [ -75.225023462283801, 40.027941977679617 ], [ -75.224923069685403, 40.02787840429999 ], [ -75.22506338922949, 40.027775592488616 ], [ -75.225144195240745, 40.027840769516132 ], [ -75.225084280368293, 40.027884669338988 ], [ -75.225098709753695, 40.027896307606689 ], [ -75.225023462283801, 40.027941977679617 ] ] ] } },
{ "type": "Feature", "properties": { "gid": 132232, "building_name": "Holroyd Hall/Hugh and Nancy Devlin Center for Science and Technology", "num_birds_near": 1, "approx_hgt": 56.0, "lights_out": 0, "address": "1701 LINDLEY AVE" }, "geometry": { "type": "Polygon", "coordinates": [ [ [ -75.152298704288796, 40.038946011317151 ], [ -75.151644158958163, 40.038852959116724 ], [ -75.151735437048856, 40.03843518906519 ], [ -75.152200819762186, 40.038495263873791 ], [ -75.152203333902364, 40.038483757118598 ], [ -75.152413949170366, 40.038506133216458 ], [ -75.152298704288796, 40.038946011317151 ] ] ] } },
{ "type": "Feature", "properties": { "gid": 132394, "building_name": "De La Salle Community - Brothers' Residence", "num_birds_near": 1, "approx_hgt": 70.0, "lights_out": 0, "address": "1701 LINDLEY AVE" }, "geometry": { "type": "Polygon", "coordinates": [ [ [ -75.154106538185687, 40.039230760940072 ], [ -75.153977701170859, 40.039200299305925 ], [ -75.153605379744604, 40.039151803646 ], [ -75.153555961302288, 40.039151509923634 ], [ -75.153533122247651, 40.039186233149948 ], [ -75.153489801285005, 40.039180590075169 ], [ -75.153481175932612, 40.039160216846717 ], [ -75.15344590329417, 40.039155622493581 ], [ -75.153462637537274, 40.039079718247223 ], [ -75.153482453894824, 40.039082298974854 ], [ -75.153486412789462, 40.039064338457109 ], [ -75.153458373184606, 40.039060686113203 ], [ -75.153463812826033, 40.039036010475719 ], [ -75.153523584991191, 40.03903800337163 ], [ -75.153536759104242, 40.038978244096405 ], [ -75.153565905039571, 40.038970106430938 ], [ -75.153571531542923, 40.038944589862275 ], [ -75.153655018057307, 40.03895546402142 ], [ -75.153649721686421, 40.038979491471942 ], [ -75.153826351627686, 40.039011843909229 ], [ -75.15400728115084, 40.039035410159428 ], [ -75.154016342820526, 40.039009875714612 ], [ -75.154059016341932, 40.03901543457966 ], [ -75.154105339156587, 40.038858662676816 ], [ -75.15411298737709, 40.038732940424623 ], [ -75.154151554168536, 40.038600569261433 ], [ -75.154183454429528, 40.038604724970384 ], [ -75.154221112796151, 40.038455736571123 ], [ -75.154379189762722, 40.038476325968816 ], [ -75.154306719402271, 40.038756382032773 ], [ -75.154304056059061, 40.038817892646833 ], [ -75.154321962939534, 40.038820224641988 ], [ -75.15431202187078, 40.038865321876145 ], [ -75.154293134913686, 40.038865321177504 ], [ -75.154289427486617, 40.038882137707425 ], [ -75.154134869841087, 40.038862007082777 ], [ -75.154128402122964, 40.03889134838704 ], [ -75.154179295378142, 40.038897976896443 ], [ -75.154171432258906, 40.038933643318757 ], [ -75.154223137378651, 40.038940377556806 ], [ -75.154186185953847, 40.039107989685235 ], [ -75.154210412592832, 40.039111144805155 ], [ -75.154193206745092, 40.039211750600884 ], [ -75.154116241249326, 40.039206876326517 ], [ -75.154106538185687, 40.039230760940072 ] ] ] } },
{ "type": "Feature", "properties": { "gid": 133083, "building_name": "La Salle Union", "num_birds_near": 1, "approx_hgt": 56.0, "lights_out": 0, "address": "1701 LINDLEY AVE" }, "geometry": { "type": "Polygon", "coordinates": [ [ [ -75.153469691126176, 40.038250288414112 ], [ -75.15315624893168, 40.038205036123841 ], [ -75.153027838535778, 40.038164222247637 ], [ -75.153000681034953, 40.038197078122003 ], [ -75.152937314482628, 40.038165248543713 ], [ -75.152963465831832, 40.038132648344614 ], [ -75.152867576320546, 40.038063598467723 ], [ -75.152773555449841, 40.037951087069899 ], [ -75.15273715421948, 40.037874157820255 ], [ -75.15271804290208, 40.037778154962893 ], [ -75.152666746094525, 40.037774561185564 ], [ -75.152731788395045, 40.037440344707775 ], [ -75.152765315448576, 40.037404151430117 ], [ -75.152823086273244, 40.03738783048675 ], [ -75.152830393713685, 40.037357692816151 ], [ -75.152896354269743, 40.037367143164516 ], [ -75.152890729789689, 40.037390336934664 ], [ -75.152933624246188, 40.037395423702023 ], [ -75.152927589057199, 40.037429564525219 ], [ -75.152986328087351, 40.037438025280125 ], [ -75.152976874843574, 40.037477310190681 ], [ -75.153093215311358, 40.037488091607727 ], [ -75.153041248646048, 40.037747865662759 ], [ -75.153053653705996, 40.037748122752802 ], [ -75.153077626556353, 40.037825258305332 ], [ -75.153133618079337, 40.037895849385251 ], [ -75.153118865859696, 40.037904577307671 ], [ -75.153177371108654, 40.037944493397056 ], [ -75.153188938728817, 40.037931529869034 ], [ -75.153255490120756, 40.037954504972355 ], [ -75.153503081767425, 40.037988732783269 ], [ -75.153504599584565, 40.038028690153162 ], [ -75.153540492588334, 40.038033844542234 ], [ -75.153521363721694, 40.03811134531508 ], [ -75.153483477731314, 40.038105184478717 ], [ -75.153471407532294, 40.038156009017513 ], [ -75.153495882985538, 40.038158319364626 ], [ -75.153469691126176, 40.038250288414112 ] ] ] } },
{ "type": "Feature", "properties": { "gid": 137686, "building_name": null, "num_birds_near": 1, "approx_hgt": 24.0, "lights_out": 0, "address": "7238 DEVON ST" }, "geometry": { "type": "Polygon", "coordinates": [ [ [ -75.189012569696743, 40.063498983198222 ], [ -75.188940437131237, 40.063603221445447 ], [ -75.188897311774952, 40.063587601683814 ], [ -75.188962776365756, 40.063480888433723 ], [ -75.189012569696743, 40.063498983198222 ] ] ] } },
{ "type": "Feature", "properties": { "gid": 137743, "building_name": null, "num_birds_near": 1, "approx_hgt": 28.0, "lights_out": 0, "address": "300 PORT ROYAL AVE" }, "geometry": { "type": "Polygon", "coordinates": [ [ [ -75.249267650663256, 40.052613939840505 ], [ -75.249366878750848, 40.052695877744142 ], [ -75.2493444335269, 40.052710293228046 ], [ -75.249380804516761, 40.052743735802231 ], [ -75.249344850845134, 40.052766826529322 ], [ -75.249215211634464, 40.052647618610891 ], [ -75.249267650663256, 40.052613939840505 ] ] ] } },
{ "type": "Feature", "properties": { "gid": 142728, "building_name": null, "num_birds_near": 1, "approx_hgt": 29.0, "lights_out": 0, "address": "1634 WOODBROOK LN" }, "geometry": { "type": "Polygon", "coordinates": [ [ [ -75.17580441949022, 40.084089753058777 ], [ -75.175849567135685, 40.084043400268037 ], [ -75.175955310783309, 40.084101448198453 ], [ -75.175908464182655, 40.084149544263795 ], [ -75.17580441949022, 40.084089753058777 ] ] ] } },
{ "type": "Feature", "properties": { "gid": 145201, "building_name": "Fire Engine 12", "num_birds_near": 1, "approx_hgt": 32.0, "lights_out": 0, "address": "4447 MAIN ST" }, "geometry": { "type": "Polygon", "coordinates": [ [ [ -75.226348237043467, 40.026696517143193 ], [ -75.226560277960289, 40.02677434146544 ], [ -75.226528530651592, 40.02682217396891 ], [ -75.226502300713577, 40.026811883914874 ], [ -75.226399009686602, 40.026967504816639 ], [ -75.226222410434801, 40.026898229357215 ], [ -75.226249540714591, 40.026857352935679 ], [ -75.226275202346528, 40.026867418823784 ], [ -75.226324512667389, 40.026793126398289 ], [ -75.226292459635616, 40.026780553137577 ], [ -75.226348237043467, 40.026696517143193 ] ] ] } },
{ "type": "Feature", "properties": { "gid": 146989, "building_name": null, "num_birds_near": 1, "approx_hgt": 10.0, "lights_out": 0, "address": "140 PORT ROYAL AVE" }, "geometry": { "type": "Polygon", "coordinates": [ [ [ -75.254907370903027, 40.048919819141524 ], [ -75.254919644276939, 40.048968063962846 ], [ -75.254874897376325, 40.048974787550428 ], [ -75.254862624032896, 40.048926542724423 ], [ -75.254907370903027, 40.048919819141524 ] ] ] } },
{ "type": "Feature", "properties": { "gid": 149692, "building_name": null, "num_birds_near": 1, "approx_hgt": 24.0, "lights_out": 0, "address": "3111 W PENN ST" }, "geometry": { "type": "Polygon", "coordinates": [ [ [ -75.184516965357076, 40.018975165534201 ], [ -75.184393355469794, 40.018851955094732 ], [ -75.184444935911415, 40.018817463016987 ], [ -75.184466230801064, 40.018813876231775 ], [ -75.184541800579737, 40.018872069653135 ], [ -75.184549072815074, 40.01888953867379 ], [ -75.184520628686357, 40.018908557632393 ], [ -75.184561948994798, 40.018945085987504 ], [ -75.184516965357076, 40.018975165534201 ] ] ] } },
{ "type": "Feature", "properties": { "gid": 160119, "building_name": null, "num_birds_near": 1, "approx_hgt": 33.0, "lights_out": 0, "address": "3025 MIDVALE AVE" }, "geometry": { "type": "Polygon", "coordinates": [ [ [ -75.183809696780557, 40.020339247539141 ], [ -75.183941843930981, 40.020444956310627 ], [ -75.183924196785455, 40.020456909288207 ], [ -75.183938867767836, 40.020469714314039 ], [ -75.183893295234924, 40.020500581476384 ], [ -75.18386831236657, 40.020495535192254 ], [ -75.183751151988602, 40.020378901438349 ], [ -75.183809696780557, 40.020339247539141 ] ] ] } },
{ "type": "Feature", "properties": { "gid": 162446, "building_name": null, "num_birds_near": 1, "approx_hgt": 23.0, "lights_out": 0, "address": "283 GREENOUGH ST" }, "geometry": { "type": "Polygon", "coordinates": [ [ [ -75.225628940701114, 40.031735325611464 ], [ -75.225672830316938, 40.031788587669318 ], [ -75.225617207988506, 40.031818905114825 ], [ -75.225569832247274, 40.031767544078953 ], [ -75.225628940701114, 40.031735325611464 ] ] ] } },
{ "type": "Feature", "properties": { "gid": 179877, "building_name": null, "num_birds_near": 1, "approx_hgt": 33.0, "lights_out": 0, "address": "101 E ROOSEVELT BLVD" }, "geometry": { "type": "Polygon", "coordinates": [ [ [ -75.123102336576821, 40.026204413662157 ], [ -75.123174092611421, 40.026201505993996 ], [ -75.123195790768975, 40.026283231527792 ], [ -75.123072888839033, 40.026302516550373 ], [ -75.123065528014152, 40.026274790319498 ], [ -75.12302884706196, 40.02628054571742 ], [ -75.123016671388143, 40.026234685235274 ], [ -75.123102336576821, 40.026204413662157 ] ] ] } },
{ "type": "Feature", "properties": { "gid": 214773, "building_name": null, "num_birds_near": 1, "approx_hgt": 16.0, "lights_out": 0, "address": "1701-17 N 33RD ST" }, "geometry": { "type": "Polygon", "coordinates": [ [ [ -75.188075472477195, 39.982822208381442 ], [ -75.187727417643643, 39.982778351005457 ], [ -75.187740892200679, 39.98268548597634 ], [ -75.188096548011856, 39.982729652674969 ], [ -75.188075472477195, 39.982822208381442 ] ] ] } },
{ "type": "Feature", "properties": { "gid": 215647, "building_name": null, "num_birds_near": 1, "approx_hgt": 26.0, "lights_out": 0, "address": "3044 W COLONA ST" }, "geometry": { "type": "Polygon", "coordinates": [ [ [ -75.183013646316809, 39.99023495156041 ], [ -75.183040276607514, 39.990086242104532 ], [ -75.18308083679409, 39.990091384063994 ], [ -75.183059695683127, 39.990235538272806 ], [ -75.183013646316809, 39.99023495156041 ] ] ] } },
{ "type": "Feature", "properties": { "gid": 218734, "building_name": null, "num_birds_near": 1, "approx_hgt": 34.0, "lights_out": 0, "address": "5319 WISSAHICKON AVE" }, "geometry": { "type": "Polygon", "coordinates": [ [ [ -75.17827238651445, 40.023412963387884 ], [ -75.177685535414668, 40.023356972799796 ], [ -75.177711705542833, 40.0231717739765 ], [ -75.177856154204974, 40.02318383895669 ], [ -75.177849612241303, 40.023230142060513 ], [ -75.177948226681394, 40.023237457176442 ], [ -75.177957934019219, 40.023168761049952 ], [ -75.178025852778831, 40.023174433416692 ], [ -75.17800154573645, 40.023346456242365 ], [ -75.178099042580641, 40.023354599444325 ], [ -75.178125845583907, 40.023164915996723 ], [ -75.178225639493562, 40.023179732956493 ], [ -75.178195953627068, 40.023362831255618 ], [ -75.178283006281532, 40.023370102449107 ], [ -75.17827238651445, 40.023412963387884 ] ], [ [ -75.17793481118369, 40.023343889136278 ], [ -75.177942834477506, 40.02327451196674 ], [ -75.177844918028796, 40.023267919774838 ], [ -75.177837546598255, 40.023331658619753 ], [ -75.17793481118369, 40.023343889136278 ] ] ] } },
{ "type": "Feature", "properties": { "gid": 219363, "building_name": null, "num_birds_near": 1, "approx_hgt": 28.0, "lights_out": 0, "address": "107 SPRING LN" }, "geometry": { "type": "Polygon", "coordinates": [ [ [ -75.256098757895472, 40.061270218606609 ], [ -75.25602627980291, 40.061241084626978 ], [ -75.256041422076137, 40.061201447440354 ], [ -75.255995183606061, 40.061191018777606 ], [ -75.256029038513446, 40.061102402117292 ], [ -75.256124116803377, 40.061123847431638 ], [ -75.256101725945385, 40.061182457895463 ], [ -75.256148955223111, 40.061193110737811 ], [ -75.256098757895472, 40.061270218606609 ] ] ] } },
{ "type": "Feature", "properties": { "gid": 219858, "building_name": "Guard Box at Valley Green Inn", "num_birds_near": 1, "approx_hgt": 130.0, "lights_out": 0, "address": "900 WISES MILL RD" }, "geometry": { "type": "Polygon", "coordinates": [ [ [ -75.218274798806533, 40.054730871500212 ], [ -75.218227517884728, 40.054734345237733 ], [ -75.21822150354302, 40.054686005879184 ], [ -75.218268784431402, 40.054682532144113 ], [ -75.218274798806533, 40.054730871500212 ] ] ] } },
{ "type": "Feature", "properties": { "gid": 253243, "building_name": null, "num_birds_near": 1, "approx_hgt": 27.0, "lights_out": 0, "address": "5300 WHITAKER AVE" }, "geometry": { "type": "Polygon", "coordinates": [ [ [ -75.102662163702718, 40.033592778708567 ], [ -75.102252996533593, 40.033349626984204 ], [ -75.102215854100422, 40.033386559799339 ], [ -75.102088282931902, 40.033310748329292 ], [ -75.102061441148365, 40.033337441430781 ], [ -75.102030148852634, 40.033318856034086 ], [ -75.101820947720498, 40.033526868804699 ], [ -75.101743088505515, 40.033480601116381 ], [ -75.102013460527203, 40.033211764874373 ], [ -75.101864585399767, 40.033123292568298 ], [ -75.101824291884171, 40.033163355757416 ], [ -75.101791930164865, 40.033144123919321 ], [ -75.101830923802197, 40.033105351675964 ], [ -75.101800542817799, 40.033087297211459 ], [ -75.102440811889267, 40.032450662608419 ], [ -75.102468972205855, 40.032446555322743 ], [ -75.10267408917538, 40.032547325942311 ], [ -75.103145558333878, 40.032833667841338 ], [ -75.103125397952923, 40.032853730423199 ], [ -75.103211515956886, 40.032904906221958 ], [ -75.103223712756488, 40.032892778356505 ], [ -75.103300916376853, 40.032957637999061 ], [ -75.102662163702718, 40.033592778708567 ] ] ] } },
{ "type": "Feature", "properties": { "gid": 281980, "building_name": null, "num_birds_near": 1, "approx_hgt": 25.0, "lights_out": 0, "address": "8220 BURHOLME AVE" }, "geometry": { "type": "Polygon", "coordinates": [ [ [ -75.083392360150881, 40.081915132376992 ], [ -75.083224050021201, 40.081809010693604 ], [ -75.083274009284864, 40.081761849390688 ], [ -75.083318803606076, 40.081778202835956 ], [ -75.083311345683384, 40.081785242549607 ], [ -75.083450034492301, 40.081871931662874 ], [ -75.083392360150881, 40.081915132376992 ] ] ] } },
{ "type": "Feature", "properties": { "gid": 321270, "building_name": null, "num_birds_near": 1, "approx_hgt": 31.0, "lights_out": 0, "address": "8248-50 ROCKWELL AVE" }, "geometry": { "type": "Polygon", "coordinates": [ [ [ -75.082059766352657, 40.082886117409309 ], [ -75.082063758905264, 40.082864897935629 ], [ -75.082088258366127, 40.082867617476232 ], [ -75.082109446294879, 40.082755004333769 ], [ -75.082085334650259, 40.082752327138465 ], [ -75.082090680060517, 40.082723911875469 ], [ -75.082134089208083, 40.082728731012011 ], [ -75.082143803723895, 40.082677096607803 ], [ -75.082106215511089, 40.082672923496567 ], [ -75.082113585047765, 40.082633756327972 ], [ -75.082332411588368, 40.082658050828464 ], [ -75.082324966471191, 40.082697621719056 ], [ -75.082288097641111, 40.082693529340744 ], [ -75.082238606836356, 40.082956565495202 ], [ -75.082274421146238, 40.082960541501031 ], [ -75.082266881197043, 40.083000612964319 ], [ -75.082052479972674, 40.082976810349315 ], [ -75.082059595870646, 40.08293899335154 ], [ -75.082092875738141, 40.082942688920873 ], [ -75.082101866442144, 40.082894904053781 ], [ -75.082059766352657, 40.082886117409309 ] ] ] } },
{ "type": "Feature", "properties": { "gid": 326885, "building_name": null, "num_birds_near": 1, "approx_hgt": 18.0, "lights_out": 0, "address": "8980 PINE RD" }, "geometry": { "type": "Polygon", "coordinates": [ [ [ -75.068802265090156, 40.091946846651446 ], [ -75.068698423338532, 40.091922988483077 ], [ -75.068731454798169, 40.091851176859031 ], [ -75.068781956881452, 40.091864880325559 ], [ -75.068797583750211, 40.091845355361542 ], [ -75.068889469347184, 40.091870286094533 ], [ -75.068901806568007, 40.091843462559474 ], [ -75.069057786515046, 40.091882549667268 ], [ -75.069009631416321, 40.09200063190228 ], [ -75.068809283357453, 40.09193158911016 ], [ -75.068802265090156, 40.091946846651446 ] ] ] } },
{ "type": "Feature", "properties": { "gid": 357571, "building_name": "Verree Road House", "num_birds_near": 1, "approx_hgt": 30.0, "lights_out": 0, "address": "8600 VERREE RD" }, "geometry": { "type": "Polygon", "coordinates": [ [ [ -75.059552420879626, 40.086867020535784 ], [ -75.059489303298108, 40.086894551930932 ], [ -75.059457250984039, 40.086851200327487 ], [ -75.059431231576937, 40.086852532922336 ], [ -75.059321092970336, 40.086900573958523 ], [ -75.059264889220273, 40.086813550141571 ], [ -75.059365434662539, 40.086769694261697 ], [ -75.059385426890898, 40.086786745981378 ], [ -75.05946090575371, 40.086753822973236 ], [ -75.059552420879626, 40.086867020535784 ] ] ] } },
{ "type": "Feature", "properties": { "gid": 360848, "building_name": "Garage Chestnut 34", "num_birds_near": 1, "approx_hgt": 77.0, "lights_out": 0, "address": "3317-33 CHESTNUT ST" }, "geometry": { "type": "Polygon", "coordinates": [ [ [ -75.191506576660615, 39.954999381559986 ], [ -75.190531650309836, 39.954878735770968 ], [ -75.190597693501786, 39.954562663105804 ], [ -75.191503919003267, 39.954674808612239 ], [ -75.191521544099032, 39.954590451270832 ], [ -75.191595570643685, 39.954599611366646 ], [ -75.191506576660615, 39.954999381559986 ] ] ] } },
{ "type": "Feature", "properties": { "gid": 360912, "building_name": null, "num_birds_near": 1, "approx_hgt": 117.0, "lights_out": 0, "address": "23 S 23RD ST" }, "geometry": { "type": "Polygon", "coordinates": [ [ [ -75.17784831250745, 39.953696136586444 ], [ -75.177362597614604, 39.953632299550499 ], [ -75.177425114403064, 39.95336522312045 ], [ -75.177496111366139, 39.953362270716937 ], [ -75.177493348183688, 39.953422323255701 ], [ -75.17752675727175, 39.953426542317715 ], [ -75.17752426471823, 39.953438231086892 ], [ -75.177606553744113, 39.953436821206381 ], [ -75.177604028573356, 39.953448660615265 ], [ -75.177623580224832, 39.953451129962829 ], [ -75.177628979660327, 39.953425806520137 ], [ -75.177714651157444, 39.953428936924141 ], [ -75.17773104114039, 39.953352075279177 ], [ -75.177666530059966, 39.953343928670485 ], [ -75.177665720494574, 39.953271988268888 ], [ -75.177686222447676, 39.953262374745847 ], [ -75.177641621939912, 39.953256742446406 ], [ -75.17763878480973, 39.953270049813653 ], [ -75.177565251929835, 39.95324728105264 ], [ -75.177562262557728, 39.953261300406254 ], [ -75.177528547097211, 39.953257042946468 ], [ -75.177515287218711, 39.953280635854959 ], [ -75.177447819548249, 39.953258744574867 ], [ -75.177489160663058, 39.953026201051856 ], [ -75.177984744026688, 39.953085124968375 ], [ -75.177915779764888, 39.953368970841311 ], [ -75.17793672335398, 39.953371503784439 ], [ -75.17792262352468, 39.953440542878965 ], [ -75.177899691743647, 39.953437768930741 ], [ -75.17784831250745, 39.953696136586444 ] ] ] } },
{ "type": "Feature", "properties": { "gid": 361130, "building_name": null, "num_birds_near": 1, "approx_hgt": 60.0, "lights_out": 0, "address": "36 N 3RD ST" }, "geometry": { "type": "Polygon", "coordinates": [ [ [ -75.145785496775687, 39.951343264747877 ], [ -75.145502885748471, 39.951306755603788 ], [ -75.145527337428831, 39.951194642849465 ], [ -75.146183630212491, 39.951287983324661 ], [ -75.146173047598765, 39.951336505348678 ], [ -75.145804710881947, 39.951288922620286 ], [ -75.145785496775687, 39.951343264747877 ] ] ] } },
{ "type": "Feature", "properties": { "gid": 361293, "building_name": null, "num_birds_near": 1, "approx_hgt": 38.0, "lights_out": 0, "address": "240-44 S 12TH ST" }, "geometry": { "type": "Polygon", "coordinates": [ [ [ -75.160977891403917, 39.947286654635555 ], [ -75.16102714231981, 39.947286024717933 ], [ -75.161059363832337, 39.947351726947375 ], [ -75.161097422574429, 39.947342730721068 ], [ -75.161135806394896, 39.947381028893595 ], [ -75.161224319486024, 39.947368178038246 ], [ -75.161283175750597, 39.947311776638813 ], [ -75.161329387649872, 39.947317446372779 ], [ -75.161297709626851, 39.94747037968088 ], [ -75.160948879288426, 39.947426716672979 ], [ -75.160977891403917, 39.947286654635555 ] ] ] } },
{ "type": "Feature", "properties": { "gid": 361339, "building_name": null, "num_birds_near": 1, "approx_hgt": 19.0, "lights_out": 0, "address": "4500-12 BALTIMORE AVE" }, "geometry": { "type": "Polygon", "coordinates": [ [ [ -75.213235482940703, 39.948787926628846 ], [ -75.213081732024435, 39.94867256498857 ], [ -75.213178802426739, 39.948614026002083 ], [ -75.21331559651621, 39.948730483823887 ], [ -75.213235482940703, 39.948787926628846 ] ] ] } },
{ "type": "Feature", "properties": { "gid": 361982, "building_name": null, "num_birds_near": 1, "approx_hgt": 262.0, "lights_out": 0, "address": "1601 LOCUST ST" }, "geometry": { "type": "Polygon", "coordinates": [ [ [ -75.167849875523913, 39.948694891925292 ], [ -75.16799173672689, 39.948715299400945 ], [ -75.167952698340429, 39.948922192400723 ], [ -75.167990530350153, 39.948927138269873 ], [ -75.167975087663663, 39.948997107494996 ], [ -75.167783829554779, 39.948972102811041 ], [ -75.167849875523913, 39.948694891925292 ] ] ] } },
{ "type": "Feature", "properties": { "gid": 364136, "building_name": null, "num_birds_near": 1, "approx_hgt": 32.0, "lights_out": 0, "address": "751 S WARNOCK ST" }, "geometry": { "type": "Polygon", "coordinates": [ [ [ -75.159856674806761, 39.94059823891947 ], [ -75.1596726056829, 39.940563920040475 ], [ -75.159677323279027, 39.940494512339768 ], [ -75.159805205323138, 39.940509459002463 ], [ -75.159807956371466, 39.940497044773821 ], [ -75.159861797801327, 39.940495250510871 ], [ -75.159877000233848, 39.940506532188166 ], [ -75.159856674806761, 39.94059823891947 ] ] ] } },
{ "type": "Feature", "properties": { "gid": 367042, "building_name": null, "num_birds_near": 1, "approx_hgt": 29.0, "lights_out": 0, "address": "501-35 MARKET ST" }, "geometry": { "type": "Polygon", "coordinates": [ [ [ -75.148958696492116, 39.951633679960828 ], [ -75.148910373767407, 39.951626946475564 ], [ -75.148934413894224, 39.951576111057314 ], [ -75.148963565258583, 39.951580385202618 ], [ -75.148958696492116, 39.951633679960828 ] ] ] } },
{ "type": "Feature", "properties": { "gid": 367165, "building_name": null, "num_birds_near": 1, "approx_hgt": 58.0, "lights_out": 0, "address": "104-18 N 10TH ST" }, "geometry": { "type": "Polygon", "coordinates": [ [ [ -75.156315988043573, 39.954151159152943 ], [ -75.156234775124545, 39.954130005865657 ], [ -75.156347831149446, 39.953667082846842 ], [ -75.156426908964619, 39.953677754921095 ], [ -75.156315988043573, 39.954151159152943 ] ] ] } },
{ "type": "Feature", "properties": { "gid": 367257, "building_name": null, "num_birds_near": 1, "approx_hgt": 43.0, "lights_out": 0, "address": "3902-14 SPRING GARDEN ST" }, "geometry": { "type": "Polygon", "coordinates": [ [ [ -75.200391790689153, 39.961851827988895 ], [ -75.200610919143543, 39.961606594597818 ], [ -75.200712172385721, 39.961657477294089 ], [ -75.200722901610618, 39.96164617026011 ], [ -75.200691708632149, 39.961628498566959 ], [ -75.200777191964704, 39.961528875794798 ], [ -75.201168842240165, 39.96171821596856 ], [ -75.201150737193544, 39.961738773750149 ], [ -75.200643703363113, 39.961822952266161 ], [ -75.200391790689153, 39.961851827988895 ] ] ] } },
{ "type": "Feature", "properties": { "gid": 367664, "building_name": "Barbelin/Lonergan Hall", "num_birds_near": 1, "approx_hgt": 68.0, "lights_out": 0, "address": "5400 CITY AVE" }, "geometry": { "type": "Polygon", "coordinates": [ [ [ -75.237709534687383, 39.995657308121459 ], [ -75.237624056195656, 39.995555550292643 ], [ -75.237483607432139, 39.995620070044268 ], [ -75.237426946355441, 39.995563473565014 ], [ -75.237437318999781, 39.995558708239933 ], [ -75.237410383394561, 39.995524023209569 ], [ -75.23763153212775, 39.995422140895116 ], [ -75.237516990185782, 39.995274643084954 ], [ -75.237485530399539, 39.995289095573241 ], [ -75.23744219698554, 39.99523329450976 ], [ -75.237465835152491, 39.995207536340118 ], [ -75.237451957609906, 39.99518966588613 ], [ -75.237878868150773, 39.994993547636348 ], [ -75.237894444276137, 39.995013604983818 ], [ -75.237995103474404, 39.994974066973334 ], [ -75.238043179300917, 39.995035975831534 ], [ -75.238034202490198, 39.99505396318952 ], [ -75.237648850262048, 39.995230989695585 ], [ -75.237813420666455, 39.995440567003961 ], [ -75.2381102639212, 39.995304199086767 ], [ -75.238118936469533, 39.995281358625562 ], [ -75.23809966362586, 39.995241971602887 ], [ -75.238131205489097, 39.995227481102027 ], [ -75.238115189821187, 39.995206857356173 ], [ -75.238168926975121, 39.995182171341249 ], [ -75.238134289145009, 39.995137568279318 ], [ -75.23814468079064, 39.995122564430631 ], [ -75.238206875365492, 39.995093991910522 ], [ -75.238235527554082, 39.995098935617364 ], [ -75.238370948201151, 39.995022118125696 ], [ -75.238378551781906, 39.995031910722048 ], [ -75.238477404959227, 39.994986497044501 ], [ -75.238490317053547, 39.994995858895813 ], [ -75.238530561913194, 39.995054958072252 ], [ -75.238509137694464, 39.995064800215523 ], [ -75.238529016800385, 39.995090398130969 ], [ -75.238484011376784, 39.995111073156075 ], [ -75.23849260237958, 39.995122136127044 ], [ -75.238310840408104, 39.99519848112832 ], [ -75.238306970364391, 39.995215761261598 ], [ -75.238241508103258, 39.995245834556528 ], [ -75.238213454018037, 39.995235804325034 ], [ -75.238184474363663, 39.995249116563286 ], [ -75.238293454984074, 39.995389190331366 ], [ -75.238182278950248, 39.995440263608003 ], [ -75.238155917772914, 39.995406318431591 ], [ -75.237812339787553, 39.995573698322985 ], [ -75.237830180311192, 39.995596672198531 ], [ -75.237796574160484, 39.995612111232056 ], [ -75.237795034166695, 39.995628088160473 ], [ -75.237709534687383, 39.995657308121459 ] ] ] } },
{ "type": "Feature", "properties": { "gid": 367722, "building_name": null, "num_birds_near": 1, "approx_hgt": 77.0, "lights_out": 0, "address": "1352 SOUTH ST" }, "geometry": { "type": "Polygon", "coordinates": [ [ [ -75.165067249598025, 39.943194528786009 ], [ -75.165000442940993, 39.943531454711888 ], [ -75.1641843838527, 39.943432766251298 ], [ -75.164199519958586, 39.943279747676698 ], [ -75.16421431240083, 39.943281474160912 ], [ -75.164231069226815, 39.94319641869118 ], [ -75.164197954419109, 39.943192552761822 ], [ -75.164217113885698, 39.943095299472837 ], [ -75.165067249598025, 39.943194528786009 ] ] ] } },
{ "type": "Feature", "properties": { "gid": 368491, "building_name": "Singh Center for Nanotechnology", "num_birds_near": 1, "approx_hgt": 80.0, "lights_out": 0, "address": "3201-59 WALNUT ST" }, "geometry": { "type": "Polygon", "coordinates": [ [ [ -75.189430408400227, 39.953204385680444 ], [ -75.18944545839652, 39.95313184639636 ], [ -75.189345130718934, 39.953119518145634 ], [ -75.189366063578504, 39.953018622159419 ], [ -75.189293088896306, 39.953009655256004 ], [ -75.18927766361432, 39.953084009783417 ], [ -75.189295269564468, 39.953086173307298 ], [ -75.189290845932462, 39.953107497796523 ], [ -75.189272647981809, 39.953105261589215 ], [ -75.189268941087875, 39.953123131399515 ], [ -75.188959120457113, 39.953085057499599 ], [ -75.188966628470851, 39.953048872198991 ], [ -75.188688626651185, 39.953014709262803 ], [ -75.188681438959108, 39.95304935016668 ], [ -75.188427408267685, 39.953018132058673 ], [ -75.188536194577324, 39.952476148515117 ], [ -75.188959398990676, 39.952528150301646 ], [ -75.188961192444822, 39.952651393161467 ], [ -75.188727170302812, 39.952629290117684 ], [ -75.188727840485981, 39.952749057950996 ], [ -75.188975273601713, 39.952803031707674 ], [ -75.18902154243284, 39.952789667566485 ], [ -75.189211307713066, 39.952825134999507 ], [ -75.189407034906381, 39.952818501402994 ], [ -75.189445868820584, 39.952631319135897 ], [ -75.189870221381454, 39.952683463893209 ], [ -75.189768642288328, 39.953173088755157 ], [ -75.18966563306455, 39.953160430632089 ], [ -75.189650893619913, 39.953231476695542 ], [ -75.189430408400227, 39.953204385680444 ] ], [ [ -75.189396854596367, 39.952869436023114 ], [ -75.18932036721597, 39.952870519838484 ], [ -75.189299156263885, 39.95298817464699 ], [ -75.18936973759682, 39.952997057484019 ], [ -75.189396854596367, 39.952869436023114 ] ] ] } },
{ "type": "Feature", "properties": { "gid": 368638, "building_name": null, "num_birds_near": 1, "approx_hgt": 32.0, "lights_out": 0, "address": "1233 S 6TH ST" }, "geometry": { "type": "Polygon", "coordinates": [ [ [ -75.154224331965963, 39.932697498400962 ], [ -75.154226766734865, 39.932687469330716 ], [ -75.154112541085269, 39.932671182703245 ], [ -75.154119836011503, 39.932640943915516 ], [ -75.154332047380095, 39.93267184746955 ], [ -75.154322906911673, 39.932711338486186 ], [ -75.154224331965963, 39.932697498400962 ] ] ] } },
{ "type": "Feature", "properties": { "gid": 369706, "building_name": null, "num_birds_near": 1, "approx_hgt": 63.0, "lights_out": 0, "address": "229 ARCH ST" }, "geometry": { "type": "Polygon", "coordinates": [ [ [ -75.144140933998941, 39.952787665355082 ], [ -75.14429831803416, 39.952808570074637 ], [ -75.144343355888722, 39.952605591508537 ], [ -75.144306044833016, 39.952600691131444 ], [ -75.144316481772307, 39.952553626491941 ], [ -75.144353630901378, 39.952558505167168 ], [ -75.144359572032201, 39.952531713154364 ], [ -75.144325374745364, 39.95252722139935 ], [ -75.144330003610563, 39.952506348109594 ], [ -75.144294372379804, 39.952501667893891 ], [ -75.144288400002253, 39.952528602456276 ], [ -75.144201762301435, 39.952517223105438 ], [ -75.14428373958448, 39.95214754001799 ], [ -75.14454492926663, 39.952181845470982 ], [ -75.144445298652002, 39.952631141861815 ], [ -75.14442416191622, 39.952628365923744 ], [ -75.144374517809169, 39.952852244451471 ], [ -75.144502052696978, 39.952868994685495 ], [ -75.144483960235604, 39.952954221127492 ], [ -75.144115071020209, 39.952902800265953 ], [ -75.144140933998941, 39.952787665355082 ] ] ] } },
{ "type": "Feature", "properties": { "gid": 370528, "building_name": null, "num_birds_near": 1, "approx_hgt": 50.0, "lights_out": 0, "address": "2000 DELANCEY PL" }, "geometry": { "type": "Polygon", "coordinates": [ [ [ -75.174615672044283, 39.947382399838681 ], [ -75.174639819370952, 39.947228607826773 ], [ -75.174694588912431, 39.947235467134995 ], [ -75.17471286203677, 39.947171609200389 ], [ -75.174649138660399, 39.947163628917529 ], [ -75.174660211421426, 39.947111254883502 ], [ -75.174817556783779, 39.947131061872824 ], [ -75.174760209382001, 39.947400431728006 ], [ -75.174615672044283, 39.947382399838681 ] ] ] } },
{ "type": "Feature", "properties": { "gid": 371231, "building_name": null, "num_birds_near": 1, "approx_hgt": 19.0, "lights_out": 0, "address": "2118 PEMBERTON ST" }, "geometry": { "type": "Polygon", "coordinates": [ [ [ -75.177888015839628, 39.943768830111942 ], [ -75.177910661859443, 39.943661923131565 ], [ -75.177963494874405, 39.943668445576471 ], [ -75.177944299078533, 39.943775897566077 ], [ -75.177888015839628, 39.943768830111942 ] ] ] } },
{ "type": "Feature", "properties": { "gid": 371932, "building_name": null, "num_birds_near": 1, "approx_hgt": 30.0, "lights_out": 0, "address": "1901 CHESTNUT ST" }, "geometry": { "type": "Polygon", "coordinates": [ [ [ -75.171916867507335, 39.952229705830085 ], [ -75.171977622041737, 39.951956815034762 ], [ -75.172057561931396, 39.951967384879246 ], [ -75.171995168106818, 39.952239797370325 ], [ -75.171916867507335, 39.952229705830085 ] ] ] } },
{ "type": "Feature", "properties": { "gid": 372036, "building_name": "Independence Seaport Museum", "num_birds_near": 1, "approx_hgt": 62.0, "lights_out": 0, "address": "211 S CHRIS COLUMBUS BLVD" }, "geometry": { "type": "Polygon", "coordinates": [ [ [ -75.140147557868687, 39.946201404934435 ], [ -75.140150154518111, 39.946189757956326 ], [ -75.139998566125882, 39.946159471501382 ], [ -75.140001736229209, 39.946144507401833 ], [ -75.140028582510624, 39.946137709232708 ], [ -75.140094582567343, 39.945841698477132 ], [ -75.140043222994535, 39.94582884979549 ], [ -75.140061861920231, 39.945745249224927 ], [ -75.140079588962607, 39.945747590720408 ], [ -75.140045508249841, 39.945713766619249 ], [ -75.140033824511434, 39.945672920550123 ], [ -75.140042264751287, 39.945635068805487 ], [ -75.140083730320384, 39.945596556692166 ], [ -75.140133351891492, 39.94558062053423 ], [ -75.140193408542842, 39.945583851359203 ], [ -75.140265409960591, 39.945634027741782 ], [ -75.14027377221943, 39.945620147675605 ], [ -75.140316683946097, 39.945625815715246 ], [ -75.140317798898607, 39.945640828668765 ], [ -75.140343519691385, 39.945590025084051 ], [ -75.140547232941046, 39.945630637022269 ], [ -75.1405503839581, 39.945616501415621 ], [ -75.140637780993771, 39.945628045166707 ], [ -75.140634624417174, 39.945642204075412 ], [ -75.140648152620699, 39.945643991334634 ], [ -75.140651228525812, 39.945630195503789 ], [ -75.140740746563765, 39.945642018993205 ], [ -75.140737663652899, 39.945655845301467 ], [ -75.140809102923185, 39.945665281497966 ], [ -75.14084278989948, 39.94570040559092 ], [ -75.140887039319551, 39.945675354707468 ], [ -75.141021726512122, 39.945693144016793 ], [ -75.14090522092043, 39.94621570957608 ], [ -75.14077608267344, 39.946198652776779 ], [ -75.140768550716018, 39.946232431893002 ], [ -75.140790294943798, 39.946250153188316 ], [ -75.140760254502425, 39.946270992459297 ], [ -75.140147557868687, 39.946201404934435 ] ] ] } },
{ "type": "Feature", "properties": { "gid": 372216, "building_name": "Residence Hall", "num_birds_near": 1, "approx_hgt": 137.0, "lights_out": 0, "address": "3201 CHESTNUT ST" }, "geometry": { "type": "Polygon", "coordinates": [ [ [ -75.187428241469263, 39.954685276373056 ], [ -75.187460051517121, 39.954515507379462 ], [ -75.187478292230765, 39.954517860151725 ], [ -75.187488521280102, 39.954470892992106 ], [ -75.187468320893558, 39.954468287408446 ], [ -75.18750418673774, 39.95430359608936 ], [ -75.187652709040123, 39.954322752751558 ], [ -75.187656938698083, 39.954303327809363 ], [ -75.187727885800115, 39.954312477490461 ], [ -75.187700265125201, 39.954298542711477 ], [ -75.187707716068175, 39.954264326705612 ], [ -75.187737799859477, 39.954268207199895 ], [ -75.187744993032169, 39.954235175664998 ], [ -75.187511837682308, 39.954205102180715 ], [ -75.187572869725798, 39.953924844893102 ], [ -75.187937120725877, 39.953971827440817 ], [ -75.187921955686178, 39.95404147085921 ], [ -75.188395837753475, 39.954102592086244 ], [ -75.188388296662112, 39.954137221480224 ], [ -75.188486270245747, 39.954149857471357 ], [ -75.188459356824822, 39.954273448595963 ], [ -75.187893496636732, 39.954200464871469 ], [ -75.187881673446071, 39.954254755881784 ], [ -75.187834289235312, 39.954248643726217 ], [ -75.18782809723011, 39.954277077262667 ], [ -75.18785794919981, 39.954280927318841 ], [ -75.187850026807467, 39.954317308735121 ], [ -75.187820085123136, 39.954313446762235 ], [ -75.187817632796197, 39.954324705033962 ], [ -75.187912986247269, 39.954337003672713 ], [ -75.187822892430901, 39.95475071611483 ], [ -75.187428241469263, 39.954685276373056 ] ] ] } },
{ "type": "Feature", "properties": { "gid": 372227, "building_name": null, "num_birds_near": 1, "approx_hgt": 30.0, "lights_out": 0, "address": "411 DICKINSON ST" }, "geometry": { "type": "Polygon", "coordinates": [ [ [ -75.152170050541017, 39.929829540997893 ], [ -75.152199697746809, 39.929690534171179 ], [ -75.152256737687054, 39.929697773138471 ], [ -75.152217282379226, 39.9298355116915 ], [ -75.152170050541017, 39.929829540997893 ] ] ] } },
{ "type": "Feature", "properties": { "gid": 372308, "building_name": null, "num_birds_near": 1, "approx_hgt": 44.0, "lights_out": 0, "address": "461 UNIVERSITY AVE" }, "geometry": { "type": "Polygon", "coordinates": [ [ [ -75.198473759904729, 39.950005320317111 ], [ -75.198259416545838, 39.94998228409662 ], [ -75.198271440779479, 39.949916007907539 ], [ -75.198485783933336, 39.949939044105378 ], [ -75.198473759904729, 39.950005320317111 ] ] ] } },
{ "type": "Feature", "properties": { "gid": 374365, "building_name": null, "num_birds_near": 1, "approx_hgt": 34.0, "lights_out": 0, "address": "2040 KATER ST" }, "geometry": { "type": "Polygon", "coordinates": [ [ [ -75.176521143882781, 39.944530899999194 ], [ -75.17654372235863, 39.944426489325522 ], [ -75.176596413094515, 39.944433566923266 ], [ -75.176574041080485, 39.944537628140907 ], [ -75.176521143882781, 39.944530899999194 ] ] ] } },
{ "type": "Feature", "properties": { "gid": 374742, "building_name": "Franklin Institute", "num_birds_near": 1, "approx_hgt": 99.0, "lights_out": 0, "address": "201 N 21ST ST" }, "geometry": { "type": "Polygon", "coordinates": [ [ [ -75.173273731450962, 39.958813864377838 ], [ -75.173271054741505, 39.958825876904427 ], [ -75.17298595048986, 39.958789689475275 ], [ -75.172991398824607, 39.95876696131895 ], [ -75.172954076697692, 39.958761662867815 ], [ -75.172957353766293, 39.958747992458264 ], [ -75.172473770988702, 39.958680803609901 ], [ -75.172562116190818, 39.958305209809176 ], [ -75.17253395323732, 39.958301098212218 ], [ -75.172539318101158, 39.958275141676509 ], [ -75.172504784271396, 39.958270515707838 ], [ -75.172557633334577, 39.958049366842495 ], [ -75.172580222165578, 39.958052328742454 ], [ -75.172585922212264, 39.958026115739855 ], [ -75.172632525368485, 39.95802251812659 ], [ -75.172703158780166, 39.957667700064192 ], [ -75.172718219303704, 39.957649361369924 ], [ -75.172909359443054, 39.957683684590741 ], [ -75.172917017862204, 39.957651737384559 ], [ -75.173168014637952, 39.957687372452959 ], [ -75.173161399516715, 39.957714967798012 ], [ -75.17324832866997, 39.957727309181969 ], [ -75.173242758097189, 39.957750548178161 ], [ -75.173301087038297, 39.957758829533603 ], [ -75.173271560769024, 39.957898648395819 ], [ -75.173758044163961, 39.957947478853349 ], [ -75.173758714885793, 39.95802303470446 ], [ -75.173700376764003, 39.958021749734336 ], [ -75.173678351038532, 39.958096190367314 ], [ -75.173741788105602, 39.958105196199831 ], [ -75.173716134492622, 39.958208584144707 ], [ -75.173660479087928, 39.958200617140498 ], [ -75.173641962304799, 39.95824498513317 ], [ -75.173697721116099, 39.958256246763511 ], [ -75.173762067100242, 39.958308040396957 ], [ -75.173785200723984, 39.958367405885404 ], [ -75.173771426674648, 39.958444325827216 ], [ -75.173731283762976, 39.958489610121781 ], [ -75.17363003245957, 39.958530727024225 ], [ -75.173376629076287, 39.958494030750465 ], [ -75.173363272376918, 39.958549746615418 ], [ -75.173426120549635, 39.958558669107767 ], [ -75.173396616099268, 39.958664230236252 ], [ -75.173614763200561, 39.958692976985326 ], [ -75.173623728628428, 39.958655580943315 ], [ -75.173707349363667, 39.958667452102823 ], [ -75.173699614706791, 39.958699718403267 ], [ -75.173832474363167, 39.958719484423888 ], [ -75.173803640286394, 39.958852862303431 ], [ -75.173316316762339, 39.958795295121128 ], [ -75.173313730198146, 39.958809283789471 ], [ -75.173273731450962, 39.958813864377838 ] ], [ [ -75.173144445168234, 39.958143064748839 ], [ -75.173153961356675, 39.958101617549396 ], [ -75.173113979954337, 39.958097046889598 ], [ -75.173081457778324, 39.958300585521158 ], [ -75.17306737648083, 39.958298787030408 ], [ -75.173058473123191, 39.958345343211001 ], [ -75.173152489710901, 39.958358127684392 ], [ -75.173199475130204, 39.958153072262277 ], [ -75.173144445168234, 39.958143064748839 ] ], [ [ -75.173027813428206, 39.958500268149784 ], [ -75.173022784146141, 39.958530593138974 ], [ -75.173097886135849, 39.958537789943648 ], [ -75.173088833828118, 39.958588673942693 ], [ -75.173265858750824, 39.958612317790944 ], [ -75.173278599918191, 39.958562460901561 ], [ -75.173310786031067, 39.958567343846106 ], [ -75.173316821376829, 39.958538303762403 ], [ -75.173027813428206, 39.958500268149784 ] ], [ [ -75.172966458421868, 39.958367660188941 ], [ -75.172927231295915, 39.958540615594167 ], [ -75.17300367327519, 39.958552180934419 ], [ -75.173045247782554, 39.958380767611956 ], [ -75.172966458421868, 39.958367660188941 ] ] ] } },
{ "type": "Feature", "properties": { "gid": 374836, "building_name": null, "num_birds_near": 1, "approx_hgt": 31.0, "lights_out": 0, "address": "3400 W GIRARD AVE" }, "geometry": { "type": "Polygon", "coordinates": [ [ [ -75.195813299435784, 39.974629481273048 ], [ -75.195837111892843, 39.974610194660912 ], [ -75.195872728919198, 39.974636224658809 ], [ -75.195844444870687, 39.974659131986307 ], [ -75.195813299435784, 39.974629481273048 ] ] ] } },
{ "type": "Feature", "properties": { "gid": 375212, "building_name": null, "num_birds_near": 1, "approx_hgt": 57.0, "lights_out": 0, "address": "2112 WALNUT ST" }, "geometry": { "type": "Polygon", "coordinates": [ [ [ -75.17640874675827, 39.950781751236335 ], [ -75.176460027741754, 39.950541827425567 ], [ -75.176583086496024, 39.950572714405595 ], [ -75.176536298572586, 39.95079741378045 ], [ -75.17643749797486, 39.950797391862061 ], [ -75.17640874675827, 39.950781751236335 ] ] ] } },
{ "type": "Feature", "properties": { "gid": 377029, "building_name": null, "num_birds_near": 1, "approx_hgt": 21.0, "lights_out": 0, "address": "1819 MANTON ST" }, "geometry": { "type": "Polygon", "coordinates": [ [ [ -75.174348061754074, 39.936427869723516 ], [ -75.174308487918907, 39.936537334077741 ], [ -75.174262230535646, 39.936530872822487 ], [ -75.174288793787682, 39.936419768345004 ], [ -75.174348061754074, 39.936427869723516 ] ] ] } },
{ "type": "Feature", "properties": { "gid": 377486, "building_name": "Hamilton Building", "num_birds_near": 1, "approx_hgt": 112.0, "lights_out": 0, "address": "1001 LOCUST ST" }, "geometry": { "type": "Polygon", "coordinates": [ [ [ -75.159015462580058, 39.948053366091422 ], [ -75.158693934125125, 39.948001958794208 ], [ -75.158711368620644, 39.947917395914303 ], [ -75.15868789893311, 39.947891435395576 ], [ -75.158575582299747, 39.947813811611049 ], [ -75.158435437292894, 39.947762147900654 ], [ -75.158446836906236, 39.947725906227404 ], [ -75.158399227890868, 39.94771536801241 ], [ -75.15840693968029, 39.947690949938476 ], [ -75.158368077468353, 39.947682201443875 ], [ -75.158404287951569, 39.947583501545715 ], [ -75.158449184115668, 39.947591992624133 ], [ -75.158466282978736, 39.947536215955836 ], [ -75.158503834433986, 39.947531846646569 ], [ -75.159109341212798, 39.947607416209841 ], [ -75.159015462580058, 39.948053366091422 ] ] ] } },
{ "type": "Feature", "properties": { "gid": 377490, "building_name": "Scott Building", "num_birds_near": 1, "approx_hgt": 102.0, "lights_out": 0, "address": "1000-28 WALNUT ST" }, "geometry": { "type": "Polygon", "coordinates": [ [ [ -75.157890936891306, 39.948363924588655 ], [ -75.157959893506401, 39.948081799002672 ], [ -75.158490980093305, 39.948147107689799 ], [ -75.158503838939112, 39.948161894674435 ], [ -75.158447084135346, 39.948435301399826 ], [ -75.157899795600557, 39.948374596401671 ], [ -75.157890936891306, 39.948363924588655 ] ] ] } },
{ "type": "Feature", "properties": { "gid": 377946, "building_name": null, "num_birds_near": 1, "approx_hgt": 99.0, "lights_out": 0, "address": "1600-02 CHESTNUT ST" }, "geometry": { "type": "Polygon", "coordinates": [ [ [ -75.167517197428069, 39.95083628871879 ], [ -75.167440244504903, 39.95124232133773 ], [ -75.167289842903045, 39.951223412188241 ], [ -75.167375786902497, 39.950818510141708 ], [ -75.167517197428069, 39.95083628871879 ] ] ] } },
{ "type": "Feature", "properties": { "gid": 378069, "building_name": "Thomas R. Kline School of Law", "num_birds_near": 1, "approx_hgt": 79.0, "lights_out": 0, "address": "3300-50 MARKET ST" }, "geometry": { "type": "Polygon", "coordinates": [ [ [ -75.191370923165778, 39.955667519967548 ], [ -75.190683867529657, 39.95558476950702 ], [ -75.190626804481255, 39.955569428007578 ], [ -75.190631982063053, 39.95554396395228 ], [ -75.190597172349214, 39.955539771554285 ], [ -75.190593098440004, 39.955559806440775 ], [ -75.190515711011329, 39.955569381041933 ], [ -75.190370209055686, 39.955564808973328 ], [ -75.190233951206309, 39.955517116296626 ], [ -75.190247409990903, 39.95545094126053 ], [ -75.19010536148879, 39.955433831820898 ], [ -75.190091005659596, 39.955504421579398 ], [ -75.189997481022758, 39.955493156715832 ], [ -75.19000013378988, 39.955480112577426 ], [ -75.189667149361583, 39.955440003865171 ], [ -75.189758242239606, 39.95499211027736 ], [ -75.189744462785356, 39.954990450309765 ], [ -75.18975980171777, 39.954915029708161 ], [ -75.190204750079914, 39.954968624621287 ], [ -75.190191969396537, 39.955031470247491 ], [ -75.190335443640876, 39.955048751068588 ], [ -75.190298695814079, 39.955229442450182 ], [ -75.190652441558356, 39.955272049747727 ], [ -75.190683560033037, 39.955119033230922 ], [ -75.190701495437821, 39.955079521509901 ], [ -75.190735265303701, 39.955083588867062 ], [ -75.190760572068342, 39.955025888998826 ], [ -75.190814321774781, 39.95503236269397 ], [ -75.190809684889729, 39.95505516192825 ], [ -75.190921518768647, 39.955068632122902 ], [ -75.190925836616614, 39.955047401627638 ], [ -75.190996270247894, 39.955055884577078 ], [ -75.190991950878626, 39.955077124951657 ], [ -75.191246426117843, 39.955107774069916 ], [ -75.191250523999656, 39.955087625271574 ], [ -75.19131905560323, 39.955095879985805 ], [ -75.191314910153636, 39.955116266491657 ], [ -75.19142511954874, 39.955129540476946 ], [ -75.191421032905254, 39.95514964087679 ], [ -75.191479454031253, 39.955156677066576 ], [ -75.191474939541578, 39.955178874477852 ], [ -75.191510380811337, 39.955183142868435 ], [ -75.191425598567974, 39.955600059407551 ], [ -75.19141340751726, 39.955598590947481 ], [ -75.191403700184651, 39.955646290844243 ], [ -75.191375920618981, 39.95564294566492 ], [ -75.191370923165778, 39.955667519967548 ] ] ] } },
{ "type": "Feature", "properties": { "gid": 378270, "building_name": "Library Branch - Walnut Street West", "num_birds_near": 1, "approx_hgt": 39.0, "lights_out": 0, "address": "3948-50 WALNUT ST" }, "geometry": { "type": "Polygon", "coordinates": [ [ [ -75.202411738781549, 39.95362381839319 ], [ -75.202590039099519, 39.953640149967519 ], [ -75.202523829158011, 39.953964967981747 ], [ -75.2024813400417, 39.953966257927242 ], [ -75.202444238890237, 39.953989586229859 ], [ -75.202397951019535, 39.953983998210802 ], [ -75.202371329983279, 39.953954134257572 ], [ -75.202336508032559, 39.953949930730779 ], [ -75.202411738781549, 39.95362381839319 ] ] ] } },
{ "type": "Feature", "properties": { "gid": 378709, "building_name": null, "num_birds_near": 1, "approx_hgt": 61.0, "lights_out": 0, "address": "618-34 MARKET ST" }, "geometry": { "type": "Polygon", "coordinates": [ [ [ -75.151979910924339, 39.950804858654848 ], [ -75.151386533067495, 39.950729041057109 ], [ -75.151469805891026, 39.950343010664518 ], [ -75.152063179264616, 39.950418828701935 ], [ -75.151979910924339, 39.950804858654848 ] ] ] } },
{ "type": "Feature", "properties": { "gid": 378847, "building_name": "Settlement Music School", "num_birds_near": 1, "approx_hgt": 57.0, "lights_out": 0, "address": "414-28 QUEEN ST" }, "geometry": { "type": "Polygon", "coordinates": [ [ [ -75.151231480250658, 39.937689863508723 ], [ -75.151060366605066, 39.937662324981758 ], [ -75.151067710971986, 39.93763748456908 ], [ -75.150987773418152, 39.93762347855462 ], [ -75.150980755898445, 39.937647209107745 ], [ -75.150812590396214, 39.937614420113789 ], [ -75.150818554034373, 39.937558845325491 ], [ -75.150830079783518, 39.937560865343215 ], [ -75.150859884768892, 39.937460064595243 ], [ -75.150792906783138, 39.937448329897848 ], [ -75.150784558140202, 39.937476565094471 ], [ -75.150832270548591, 39.93748461317324 ], [ -75.150788684579268, 39.937617261608921 ], [ -75.150664212112559, 39.937593748461964 ], [ -75.150728203002402, 39.937377107424268 ], [ -75.150867079445987, 39.937393479332748 ], [ -75.150867750430749, 39.937327154374543 ], [ -75.150988448900321, 39.937331782935217 ], [ -75.151011896263142, 39.937376733626465 ], [ -75.15117845165851, 39.93740591601734 ], [ -75.151148262643233, 39.937508018214871 ], [ -75.151278500532442, 39.937530837055299 ], [ -75.151231480250658, 39.937689863508723 ] ] ] } },
{ "type": "Feature", "properties": { "gid": 380415, "building_name": "2000 Market", "num_birds_near": 1, "approx_hgt": 411.0, "lights_out": 0, "address": "2000-24 MARKET ST" }, "geometry": { "type": "Polygon", "coordinates": [ [ [ -75.173230958785268, 39.953450323763825 ], [ -75.173318179864552, 39.953047248691959 ], [ -75.174011632153409, 39.953137212595628 ], [ -75.173923377089139, 39.953540152260814 ], [ -75.173230958785268, 39.953450323763825 ] ] ] } },
{ "type": "Feature", "properties": { "gid": 380592, "building_name": null, "num_birds_near": 1, "approx_hgt": 34.0, "lights_out": 0, "address": "241-43 S 7TH ST" }, "geometry": { "type": "Polygon", "coordinates": [ [ [ -75.15282095031516, 39.946210650529579 ], [ -75.152832062947653, 39.946160428075096 ], [ -75.152960452325999, 39.946177110996949 ], [ -75.152948574645123, 39.946231609486574 ], [ -75.15282095031516, 39.946210650529579 ] ] ] } },
{ "type": "Feature", "properties": { "gid": 380836, "building_name": null, "num_birds_near": 1, "approx_hgt": 41.0, "lights_out": 0, "address": "413 N 38TH ST" }, "geometry": { "type": "Polygon", "coordinates": [ [ [ -75.196766529747123, 39.961216892995495 ], [ -75.196909824771694, 39.961202220677059 ], [ -75.196921044553577, 39.961267104855025 ], [ -75.196657527159445, 39.961294151760136 ], [ -75.196649333580424, 39.961246763945155 ], [ -75.196707585108939, 39.961240800185493 ], [ -75.196704669822296, 39.961223941470571 ], [ -75.196755341176654, 39.961218754126406 ], [ -75.196768902567484, 39.961230614950409 ], [ -75.196766529747123, 39.961216892995495 ] ] ] } },
{ "type": "Feature", "properties": { "gid": 381342, "building_name": null, "num_birds_near": 1, "approx_hgt": 54.0, "lights_out": 0, "address": "313-25 RACE ST" }, "geometry": { "type": "Polygon", "coordinates": [ [ [ -75.145747968877643, 39.954586117465759 ], [ -75.145825570045133, 39.954218685726538 ], [ -75.145956048688646, 39.954236446283225 ], [ -75.145887294546839, 39.954600886635291 ], [ -75.145747968877643, 39.954586117465759 ] ] ] } },
{ "type": "Feature", "properties": { "gid": 381887, "building_name": "Cohen Hall", "num_birds_near": 1, "approx_hgt": 68.0, "lights_out": 0, "address": "3401-99 SPRUCE ST" }, "geometry": { "type": "Polygon", "coordinates": [ [ [ -75.194860032223332, 39.951597181359226 ], [ -75.194526727399335, 39.951558066769394 ], [ -75.194563180990642, 39.951374075467726 ], [ -75.194576149033892, 39.951375596958655 ], [ -75.194615198017942, 39.951115121239972 ], [ -75.194952155898577, 39.95115466478056 ], [ -75.194923069975275, 39.951301474526787 ], [ -75.194962381361364, 39.951336395612451 ], [ -75.194943323762146, 39.951432583208117 ], [ -75.194888607026499, 39.95145294972847 ], [ -75.194860032223332, 39.951597181359226 ] ] ] } },
{ "type": "Feature", "properties": { "gid": 382089, "building_name": null, "num_birds_near": 1, "approx_hgt": 30.0, "lights_out": 0, "address": null }, "geometry": { "type": "Polygon", "coordinates": [ [ [ -75.089291526918799, 40.076327399631779 ], [ -75.089344757861738, 40.07623976967232 ], [ -75.089420511140176, 40.076193061666132 ], [ -75.089548411561765, 40.076267870424687 ], [ -75.08953107996247, 40.07628589075216 ], [ -75.089516222814098, 40.076277458195527 ], [ -75.089477098547164, 40.076338567690051 ], [ -75.089402643995939, 40.076390466920245 ], [ -75.089291526918799, 40.076327399631779 ] ] ] } },
{ "type": "Feature", "properties": { "gid": 382375, "building_name": "Sweeten Alumni House", "num_birds_near": 1, "approx_hgt": 45.0, "lights_out": 0, "address": "3533-35 LOCUST WALK" }, "geometry": { "type": "Polygon", "coordinates": [ [ [ -75.194714815720189, 39.952317696193226 ], [ -75.194536897952148, 39.952299385787427 ], [ -75.194543441572051, 39.952270332684385 ], [ -75.194505295390286, 39.95226524358911 ], [ -75.194509489481987, 39.952192206910588 ], [ -75.19455330154608, 39.952028599915849 ], [ -75.194737737827239, 39.952055390728759 ], [ -75.19472341426841, 39.952157768249407 ], [ -75.194707627890082, 39.952155662310489 ], [ -75.194690514659683, 39.952243248042279 ], [ -75.194704218263709, 39.95224507602552 ], [ -75.194692937037928, 39.952295165688909 ], [ -75.194719103673634, 39.952298656162171 ], [ -75.194714815720189, 39.952317696193226 ] ] ] } },
{ "type": "Feature", "properties": { "gid": 382970, "building_name": null, "num_birds_near": 1, "approx_hgt": 41.0, "lights_out": 0, "address": "146 N 2ND ST" }, "geometry": { "type": "Polygon", "coordinates": [ [ [ -75.143337515394265, 39.953195037592643 ], [ -75.143325803915417, 39.953249547155927 ], [ -75.143111705932128, 39.95322508611499 ], [ -75.143122469489001, 39.953169777445957 ], [ -75.143337515394265, 39.953195037592643 ] ] ] } },
{ "type": "Feature", "properties": { "gid": 383136, "building_name": null, "num_birds_near": 1, "approx_hgt": 45.0, "lights_out": 0, "address": "1737 LATONA ST" }, "geometry": { "type": "Polygon", "coordinates": [ [ [ -75.173258307744504, 39.935818726506156 ], [ -75.173317827674879, 39.935826278168143 ], [ -75.173294354002294, 39.935935937270912 ], [ -75.17323481687292, 39.935928466303402 ], [ -75.173258307744504, 39.935818726506156 ] ] ] } },
{ "type": "Feature", "properties": { "gid": 384760, "building_name": null, "num_birds_near": 1, "approx_hgt": 31.0, "lights_out": 0, "address": "2039 FITZWATER ST" }, "geometry": { "type": "Polygon", "coordinates": [ [ [ -75.176622805807625, 39.9433807730043 ], [ -75.176576940000345, 39.943375342418321 ], [ -75.176599541130869, 39.943215240772389 ], [ -75.17665452024869, 39.943222079585304 ], [ -75.176622805807625, 39.9433807730043 ] ] ] } },
{ "type": "Feature", "properties": { "gid": 385386, "building_name": null, "num_birds_near": 1, "approx_hgt": 108.0, "lights_out": 0, "address": "117-31 N 8TH ST" }, "geometry": { "type": "Polygon", "coordinates": [ [ [ -75.152891377648956, 39.953911491895617 ], [ -75.152519381065304, 39.95386396448967 ], [ -75.152540080678719, 39.953768009952924 ], [ -75.152478383928852, 39.953739834585683 ], [ -75.152481843230589, 39.953723796424349 ], [ -75.152548477148073, 39.953732309863469 ], [ -75.15256838291964, 39.953640029715892 ], [ -75.152941609746065, 39.953687715490744 ], [ -75.152891377648956, 39.953911491895617 ] ] ] } },
{ "type": "Feature", "properties": { "gid": 385773, "building_name": null, "num_birds_near": 1, "approx_hgt": 43.0, "lights_out": 0, "address": "2026 CHESTNUT ST" }, "geometry": { "type": "Polygon", "coordinates": [ [ [ -75.17456582925044, 39.952129072002016 ], [ -75.174618926139971, 39.951852343683058 ], [ -75.174669871622712, 39.951858140365914 ], [ -75.174637380389385, 39.952137970418825 ], [ -75.17456582925044, 39.952129072002016 ] ] ] } },
{ "type": "Feature", "properties": { "gid": 386336, "building_name": null, "num_birds_near": 1, "approx_hgt": 54.0, "lights_out": 0, "address": "101 S 21ST ST" }, "geometry": { "type": "Polygon", "coordinates": [ [ [ -75.175412045358286, 39.951908105633521 ], [ -75.175112829568832, 39.951851613608582 ], [ -75.175096314223723, 39.951836229314338 ], [ -75.175100303112018, 39.951818398650751 ], [ -75.175122866523239, 39.951807521793974 ], [ -75.175425348846659, 39.951847813957954 ], [ -75.175412045358286, 39.951908105633521 ] ] ] } },
{ "type": "Feature", "properties": { "gid": 386359, "building_name": null, "num_birds_near": 1, "approx_hgt": 35.0, "lights_out": 0, "address": "2120 RACE ST" }, "geometry": { "type": "Polygon", "coordinates": [ [ [ -75.174871873884868, 39.957696997037417 ], [ -75.174915388571989, 39.957558523512134 ], [ -75.174961095343633, 39.957564415010914 ], [ -75.174930943755257, 39.957704205772956 ], [ -75.174871873884868, 39.957696997037417 ] ] ] } },
{ "type": "Feature", "properties": { "gid": 387071, "building_name": "Du Bois College House", "num_birds_near": 1, "approx_hgt": 45.0, "lights_out": 0, "address": "3900-46 WALNUT ST" }, "geometry": { "type": "Polygon", "coordinates": [ [ [ -75.200391068105517, 39.953713327092672 ], [ -75.20041806166671, 39.953580305503912 ], [ -75.200486882390777, 39.953588576495122 ], [ -75.200489587127024, 39.95357524589231 ], [ -75.201574327715861, 39.953708177783156 ], [ -75.201571580158898, 39.953721719191492 ], [ -75.201638899975123, 39.95372981017713 ], [ -75.201612240384989, 39.953861200497919 ], [ -75.201065892156493, 39.953795539649008 ], [ -75.201068529412922, 39.953782538203797 ], [ -75.201001605881459, 39.953774494432679 ], [ -75.200999187116651, 39.953786415022449 ], [ -75.200391068105517, 39.953713327092672 ] ] ] } },
{ "type": "Feature", "properties": { "gid": 387130, "building_name": null, "num_birds_near": 1, "approx_hgt": 36.0, "lights_out": 0, "address": "2148 CHRISTIAN ST" }, "geometry": { "type": "Polygon", "coordinates": [ [ [ -75.179273398955516, 39.941575762670517 ], [ -75.179214711836053, 39.941569626750955 ], [ -75.179255044463645, 39.941351619179024 ], [ -75.179307333926786, 39.941357071521338 ], [ -75.179273398955516, 39.941575762670517 ] ] ] } },
{ "type": "Feature", "properties": { "gid": 387692, "building_name": null, "num_birds_near": 1, "approx_hgt": 43.0, "lights_out": 0, "address": "811 CARPENTER ST" }, "geometry": { "type": "Polygon", "coordinates": [ [ [ -75.156974539096225, 39.937479353670781 ], [ -75.156997550179042, 39.937366881112602 ], [ -75.157055340011198, 39.93738234726456 ], [ -75.157033618218321, 39.937486738935476 ], [ -75.156974539096225, 39.937479353670781 ] ] ] } },
{ "type": "Feature", "properties": { "gid": 387694, "building_name": null, "num_birds_near": 1, "approx_hgt": 37.0, "lights_out": 0, "address": "2155 MONTROSE ST" }, "geometry": { "type": "Polygon", "coordinates": [ [ [ -75.179315529506326, 39.941347957704188 ], [ -75.17927115004575, 39.94134275069932 ], [ -75.179308291390029, 39.941198309781022 ], [ -75.179362524328823, 39.941216822105908 ], [ -75.17934074032317, 39.941315381854899 ], [ -75.179325101153779, 39.941316485532319 ], [ -75.179315529506326, 39.941347957704188 ] ] ] } },
{ "type": "Feature", "properties": { "gid": 387778, "building_name": "Museum of American Jewish History", "num_birds_near": 1, "approx_hgt": 104.0, "lights_out": 0, "address": "101 S INDEPENDENCE E MALL" }, "geometry": { "type": "Polygon", "coordinates": [ [ [ -75.148742847413743, 39.95039959750217 ], [ -75.148635233298123, 39.950387072668548 ], [ -75.148638880084036, 39.950368511501075 ], [ -75.148263394271012, 39.950324809208858 ], [ -75.148269797999006, 39.950292219556282 ], [ -75.148254225599999, 39.950290407574357 ], [ -75.14824429711804, 39.950340936745583 ], [ -75.148155467180516, 39.950317680230746 ], [ -75.14815258262712, 39.950332352759986 ], [ -75.148020216781262, 39.950316946646851 ], [ -75.148037089879423, 39.950231083002329 ], [ -75.148068782314141, 39.950234040078868 ], [ -75.14810984016448, 39.950019919921267 ], [ -75.148248790142176, 39.950040505681528 ], [ -75.148252825091149, 39.950019972890161 ], [ -75.148304617808463, 39.950026001501996 ], [ -75.148301280900782, 39.950042980292501 ], [ -75.148320474423457, 39.950045214991562 ], [ -75.148323076717347, 39.950031981290614 ], [ -75.148748875861912, 39.950081540423639 ], [ -75.148740039798795, 39.950126510792458 ], [ -75.148795244111142, 39.95013293551272 ], [ -75.148742847413743, 39.95039959750217 ] ] ] } },
{ "type": "Feature", "properties": { "gid": 390569, "building_name": "Police PA Convention Center Sub Station", "num_birds_near": 1, "approx_hgt": 84.0, "lights_out": 0, "address": "1201 ARCH ST" }, "geometry": { "type": "Polygon", "coordinates": [ [ [ -75.16217153174442, 39.95613307522715 ], [ -75.159265166127497, 39.955764180573759 ], [ -75.159270067036005, 39.955741277526954 ], [ -75.158853014438279, 39.955688427565875 ], [ -75.158845916275908, 39.955721602096936 ], [ -75.157768992409231, 39.955585125216381 ], [ -75.157771878932692, 39.955571640971215 ], [ -75.157663055545356, 39.955557849581687 ], [ -75.157667217475179, 39.955538402406674 ], [ -75.157595604587371, 39.955529327156412 ], [ -75.157673359639887, 39.955165960327761 ], [ -75.15765688089769, 39.955163872378805 ], [ -75.157666646699781, 39.955118238581562 ], [ -75.15764465450799, 39.955115451179942 ], [ -75.157660919133647, 39.955039445945751 ], [ -75.157652687960478, 39.955012797085274 ], [ -75.157672949231255, 39.954983931422369 ], [ -75.157696595954988, 39.954873427331158 ], [ -75.157688831143105, 39.954846707020131 ], [ -75.157709343365113, 39.954820038294294 ], [ -75.157732717908431, 39.954710803885078 ], [ -75.157725054927852, 39.954680555697266 ], [ -75.157745233378805, 39.954655882381601 ], [ -75.157768733245618, 39.954546060633952 ], [ -75.157760736401741, 39.954517443851273 ], [ -75.157780720972809, 39.954492511161533 ], [ -75.157804713738301, 39.954380384936627 ], [ -75.15779729980639, 39.954351035288276 ], [ -75.157817250143708, 39.95432816424514 ], [ -75.157840732583622, 39.954218424986379 ], [ -75.157833022531818, 39.954187968508037 ], [ -75.157852893816852, 39.954163485557984 ], [ -75.157869112512003, 39.954087690102156 ], [ -75.157889232032701, 39.954090239628499 ], [ -75.157902125128444, 39.954029986324791 ], [ -75.157947114348275, 39.95403568826444 ], [ -75.15795646114826, 39.953992005591061 ], [ -75.157903143996933, 39.953953753673282 ], [ -75.157970686174195, 39.953930226325134 ], [ -75.157974298196763, 39.953913342720142 ], [ -75.158131562800605, 39.953933273246605 ], [ -75.158134160172324, 39.953921134885775 ], [ -75.158198174744953, 39.953913135992963 ], [ -75.158254044914017, 39.953938021222214 ], [ -75.158251494578977, 39.953949939899061 ], [ -75.158334153591085, 39.953960416752643 ], [ -75.158343306567104, 39.953917634293681 ], [ -75.158635768453024, 39.953954698889127 ], [ -75.158644802756911, 39.953912475062033 ], [ -75.159086996550784, 39.953968345565578 ], [ -75.159078110707028, 39.954009876290272 ], [ -75.159219048828476, 39.954027736318842 ], [ -75.15936141880384, 39.954079249002184 ], [ -75.159358730269489, 39.954091818715597 ], [ -75.159468800656541, 39.954105767350185 ], [ -75.159471595885051, 39.954092701782606 ], [ -75.159626954274401, 39.954082104939594 ], [ -75.159968353410605, 39.954125365584417 ], [ -75.159958830023598, 39.954169875143059 ], [ -75.160212147570931, 39.954201973798121 ], [ -75.160271078419584, 39.954191093753494 ], [ -75.160322282352553, 39.954215715826834 ], [ -75.160570790544057, 39.954247204138348 ], [ -75.160639217536513, 39.954228366069884 ], [ -75.160694320900163, 39.95426357012223 ], [ -75.16081652330341, 39.954279054537423 ], [ -75.160873734710776, 39.954304106594471 ], [ -75.160905771248935, 39.95434196595307 ], [ -75.160837371567297, 39.95436527833732 ], [ -75.160834427073425, 39.954379041553047 ], [ -75.161107651138579, 39.95441366077511 ], [ -75.161050616257597, 39.954362526637361 ], [ -75.161120530617751, 39.954339066308691 ], [ -75.161123633059233, 39.95432456691843 ], [ -75.161260396472855, 39.954341895902743 ], [ -75.161329913234425, 39.954326286928968 ], [ -75.16138707753386, 39.954359402646212 ], [ -75.161646851337977, 39.954392316863775 ], [ -75.161696385049908, 39.954385136245818 ], [ -75.161742838005992, 39.954405779706804 ], [ -75.162072004861813, 39.95444748488115 ], [ -75.162127758147008, 39.954438571190373 ], [ -75.162173619650758, 39.954463035847965 ], [ -75.162630527497427, 39.954517808119114 ], [ -75.16261108136699, 39.954613928502262 ], [ -75.162648968203669, 39.954618554746155 ], [ -75.162607392807118, 39.954830584343306 ], [ -75.162787100984175, 39.954855771120592 ], [ -75.162762290477673, 39.954951891267761 ], [ -75.16278441783804, 39.954954975365652 ], [ -75.162623484153897, 39.955704397979076 ], [ -75.162655000269027, 39.955711080785299 ], [ -75.162600684189428, 39.95596139994538 ], [ -75.162507477919817, 39.955948035728539 ], [ -75.162427011601849, 39.956079105832792 ], [ -75.162191648792628, 39.956050321269657 ], [ -75.16217153174442, 39.95613307522715 ] ] ] } },
{ "type": "Feature", "properties": { "gid": 398490, "building_name": null, "num_birds_near": 1, "approx_hgt": 38.0, "lights_out": 0, "address": "133 N 22ND ST" }, "geometry": { "type": "Polygon", "coordinates": [ [ [ -75.175811675782157, 39.957179650233023 ], [ -75.175521438663182, 39.957143029433851 ], [ -75.175533518125889, 39.957086051210069 ], [ -75.175817417043291, 39.957121692710828 ], [ -75.175811675782157, 39.957179650233023 ] ] ] } },
{ "type": "Feature", "properties": { "gid": 400587, "building_name": null, "num_birds_near": 1, "approx_hgt": 62.0, "lights_out": 0, "address": "313-15 N 3RD ST" }, "geometry": { "type": "Polygon", "coordinates": [ [ [ -75.143943944878785, 39.956285349450098 ], [ -75.143954404395018, 39.956236222007433 ], [ -75.144286139039821, 39.956277858178403 ], [ -75.144274293951355, 39.956336162592557 ], [ -75.143943944878785, 39.956285349450098 ] ] ] } },
{ "type": "Feature", "properties": { "gid": 403270, "building_name": null, "num_birds_near": 1, "approx_hgt": 50.0, "lights_out": 0, "address": "417 S 9TH ST" }, "geometry": { "type": "Polygon", "coordinates": [ [ [ -75.156438136381084, 39.943690509722039 ], [ -75.156445510323607, 39.943652837388136 ], [ -75.156748505456534, 39.943675217927236 ], [ -75.15673734946165, 39.9437286878766 ], [ -75.156438136381084, 39.943690509722039 ] ] ] } },
{ "type": "Feature", "properties": { "gid": 403522, "building_name": "Tabernacle United Church", "num_birds_near": 1, "approx_hgt": 60.0, "lights_out": 0, "address": "3700 CHESTNUT ST" }, "geometry": { "type": "Polygon", "coordinates": [ [ [ -75.19674300802545, 39.954763165436219 ], [ -75.196659765189025, 39.954764048854777 ], [ -75.196671233828539, 39.954709816769871 ], [ -75.196744619498958, 39.954719007915244 ], [ -75.196765826642448, 39.954618725988546 ], [ -75.196744567353136, 39.954616063337077 ], [ -75.196761867753722, 39.954534252449598 ], [ -75.196782366094666, 39.954536819773203 ], [ -75.196804977019255, 39.954478778465038 ], [ -75.196770832691314, 39.954459191958613 ], [ -75.196774699570994, 39.954440908342377 ], [ -75.19679867611859, 39.954430860628037 ], [ -75.196814391786205, 39.954356542356756 ], [ -75.19669594945502, 39.954353314885992 ], [ -75.196719703719666, 39.954240987367314 ], [ -75.196887491258806, 39.954266665163544 ], [ -75.196903753125, 39.954281928837361 ], [ -75.19689966991713, 39.954301234787692 ], [ -75.196860993663307, 39.954310185876764 ], [ -75.196855764130547, 39.954334916489351 ], [ -75.196887009692176, 39.95433883034336 ], [ -75.196915786733953, 39.954317990899163 ], [ -75.196977887533023, 39.954325768432291 ], [ -75.19700193320557, 39.954353416655039 ], [ -75.197047517486538, 39.954359125445038 ], [ -75.197005748886014, 39.954527451380876 ], [ -75.197021220252495, 39.954529388699385 ], [ -75.197013251382032, 39.954567075166871 ], [ -75.19703418558295, 39.95456969629511 ], [ -75.19701748923309, 39.95464865096055 ], [ -75.196995839569723, 39.954645939122464 ], [ -75.196965167242084, 39.954790989481651 ], [ -75.19674300802545, 39.954763165436219 ] ] ] } },
{ "type": "Feature", "properties": { "gid": 403929, "building_name": null, "num_birds_near": 1, "approx_hgt": 263.0, "lights_out": 0, "address": "101-09 N BROAD ST" }, "geometry": { "type": "Polygon", "coordinates": [ [ [ -75.162890563771526, 39.954756125172935 ], [ -75.16266867254194, 39.954726118114898 ], [ -75.162728405984495, 39.954464508885302 ], [ -75.162952920626495, 39.954494870546313 ], [ -75.162898103579124, 39.954735433139128 ], [ -75.162890563771526, 39.954756125172935 ] ] ] } },
{ "type": "Feature", "properties": { "gid": 404102, "building_name": null, "num_birds_near": 1, "approx_hgt": 34.0, "lights_out": 0, "address": "130 SPRUCE ST" }, "geometry": { "type": "Polygon", "coordinates": [ [ [ -75.145004730534552, 39.943795641776731 ], [ -75.144906577384006, 39.943783673188783 ], [ -75.144914562345761, 39.94374482599175 ], [ -75.144851312849866, 39.943736948802737 ], [ -75.144859870266131, 39.943696299958461 ], [ -75.14502164861112, 39.943715868630079 ], [ -75.145004730534552, 39.943795641776731 ] ] ] } },
{ "type": "Feature", "properties": { "gid": 404744, "building_name": "Lindy Center for Civic Engagement", "num_birds_near": 1, "approx_hgt": 61.0, "lights_out": 0, "address": "3201-21 ARCH ST" }, "geometry": { "type": "Polygon", "coordinates": [ [ [ -75.188324872720642, 39.958215791163163 ], [ -75.187813912971862, 39.958195230772382 ], [ -75.187943678692591, 39.957575962843066 ], [ -75.1881233788081, 39.95759751168579 ], [ -75.188058563963551, 39.957917603907411 ], [ -75.188085847152905, 39.957920875717164 ], [ -75.188073108268625, 39.957983787863078 ], [ -75.188042724662608, 39.957980144969092 ], [ -75.188031159695214, 39.958037261020344 ], [ -75.188219261723575, 39.958057225953894 ], [ -75.188245609073945, 39.957914201904117 ], [ -75.188302709357956, 39.957921049791011 ], [ -75.188283635178649, 39.958015079122227 ], [ -75.188342643526781, 39.958016878006042 ], [ -75.188324872720642, 39.958215791163163 ] ] ] } },
{ "type": "Feature", "properties": { "gid": 404749, "building_name": null, "num_birds_near": 1, "approx_hgt": 200.0, "lights_out": 0, "address": "1849 WALNUT ST" }, "geometry": { "type": "Polygon", "coordinates": [ [ [ -75.171836070871748, 39.951020361646833 ], [ -75.17196995671091, 39.950412754270204 ], [ -75.172026383733808, 39.950409252577096 ], [ -75.172133770103073, 39.950433025524845 ], [ -75.172079485143186, 39.950670570916245 ], [ -75.172096261333181, 39.950672760802483 ], [ -75.172092368431208, 39.950709857169556 ], [ -75.172067260355746, 39.950807204921453 ], [ -75.172048907976091, 39.950804809314619 ], [ -75.172001226553547, 39.951041918340898 ], [ -75.171836070871748, 39.951020361646833 ] ] ] } },
{ "type": "Feature", "properties": { "gid": 406363, "building_name": null, "num_birds_near": 1, "approx_hgt": 103.0, "lights_out": 0, "address": "3118-24 MARKET ST" }, "geometry": { "type": "Polygon", "coordinates": [ [ [ -75.186418851960653, 39.954478417136393 ], [ -75.186294247563751, 39.955088645572424 ], [ -75.186109778861137, 39.955066448323279 ], [ -75.186121786127543, 39.955007351997835 ], [ -75.186089454026501, 39.954988584834858 ], [ -75.186106143269001, 39.954912485724762 ], [ -75.186139371244124, 39.954916416188581 ], [ -75.186236935307079, 39.95445508956486 ], [ -75.186418851960653, 39.954478417136393 ] ] ] } },
{ "type": "Feature", "properties": { "gid": 407967, "building_name": null, "num_birds_near": 1, "approx_hgt": 29.0, "lights_out": 0, "address": "3848-56 LANCASTER AVE" }, "geometry": { "type": "Polygon", "coordinates": [ [ [ -75.19902595216486, 39.961260260150944 ], [ -75.199021502498056, 39.961231551618418 ], [ -75.199230309503491, 39.960989991723828 ], [ -75.199289988424127, 39.961021214908605 ], [ -75.199299543595501, 39.961010807231112 ], [ -75.19924740932619, 39.960975728825105 ], [ -75.199392180516867, 39.960795656500835 ], [ -75.199630827437815, 39.960932016070281 ], [ -75.199580317497066, 39.960989959345092 ], [ -75.199641497049967, 39.961021540968758 ], [ -75.199543725600293, 39.961133699295466 ], [ -75.199435169396736, 39.961077657995702 ], [ -75.199415838955133, 39.961099783043643 ], [ -75.199374081888664, 39.961078179280285 ], [ -75.199331833781372, 39.961126535658181 ], [ -75.199440264907906, 39.961182633741075 ], [ -75.199492214925456, 39.961123171912163 ], [ -75.199547203539026, 39.961151620102441 ], [ -75.199320304199361, 39.961414183440795 ], [ -75.19902595216486, 39.961260260150944 ] ] ] } },
{ "type": "Feature", "properties": { "gid": 411881, "building_name": null, "num_birds_near": 1, "approx_hgt": 47.0, "lights_out": 0, "address": "160-64 N 3RD ST" }, "geometry": { "type": "Polygon", "coordinates": [ [ [ -75.144932939170332, 39.953965543608611 ], [ -75.14496630836129, 39.953806739003021 ], [ -75.145155220936871, 39.953830281302722 ], [ -75.145133797959573, 39.953932217292 ], [ -75.145146545323257, 39.953933804244244 ], [ -75.145150729889451, 39.953913888530607 ], [ -75.145209036990494, 39.953906852066211 ], [ -75.145189087196115, 39.953998764338991 ], [ -75.145025901766004, 39.95398771155093 ], [ -75.145027979523562, 39.953977827700193 ], [ -75.144932939170332, 39.953965543608611 ] ] ] } },
{ "type": "Feature", "properties": { "gid": 412083, "building_name": null, "num_birds_near": 1, "approx_hgt": 43.0, "lights_out": 0, "address": "1900 FEDERAL ST" }, "geometry": { "type": "Polygon", "coordinates": [ [ [ -75.175239717953218, 39.936974218652288 ], [ -75.175238662395444, 39.936932724106427 ], [ -75.175225446992599, 39.936930738896478 ], [ -75.175252669226296, 39.936860838752978 ], [ -75.17524097847263, 39.936859082394555 ], [ -75.17524911569717, 39.936826980056054 ], [ -75.175265778120817, 39.93679980123602 ], [ -75.175337066850133, 39.936810474967643 ], [ -75.175296303319683, 39.936980478899841 ], [ -75.175239717953218, 39.936974218652288 ] ] ] } },
{ "type": "Feature", "properties": { "gid": 412225, "building_name": null, "num_birds_near": 1, "approx_hgt": 41.0, "lights_out": 0, "address": "2400 WASHINGTON AVE" }, "geometry": { "type": "Polygon", "coordinates": [ [ [ -75.183419320534128, 39.938977992500185 ], [ -75.184947963408632, 39.939187681159432 ], [ -75.184884154921193, 39.939477831128222 ], [ -75.183732294133236, 39.939327728521128 ], [ -75.183771412816057, 39.93914986174935 ], [ -75.183589017827941, 39.939125367793345 ], [ -75.183525314562402, 39.939432817051866 ], [ -75.183725009676479, 39.939460057966059 ], [ -75.183644123054052, 39.939827837248373 ], [ -75.183237238442786, 39.939774811616132 ], [ -75.183419320534128, 39.938977992500185 ] ] ] } },
{ "type": "Feature", "properties": { "gid": 413624, "building_name": null, "num_birds_near": 1, "approx_hgt": 36.0, "lights_out": 0, "address": "1321-25 PINE ST" }, "geometry": { "type": "Polygon", "coordinates": [ [ [ -75.163684027110875, 39.945636056544004 ], [ -75.163720462850137, 39.945470463517609 ], [ -75.163777741316508, 39.945477930681591 ], [ -75.163763276255011, 39.945545033714374 ], [ -75.163741917813255, 39.945542249096633 ], [ -75.163735871038483, 39.945569727933069 ], [ -75.163757361140938, 39.945572529035879 ], [ -75.163738228269125, 39.945643120955438 ], [ -75.163684027110875, 39.945636056544004 ] ] ] } },
{ "type": "Feature", "properties": { "gid": 414586, "building_name": "Police Regional Operation Command South", "num_birds_near": 1, "approx_hgt": 61.0, "lights_out": 0, "address": "4700 S 13TH ST" }, "geometry": { "type": "Polygon", "coordinates": [ [ [ -75.174450566892276, 39.893200596689205 ], [ -75.174404090082561, 39.89320410413309 ], [ -75.174408279600513, 39.893237035665223 ], [ -75.174264520414212, 39.893247885883262 ], [ -75.174245354799069, 39.893097214099733 ], [ -75.174388584601942, 39.893086404274086 ], [ -75.174392841504783, 39.893119872522604 ], [ -75.17444377941797, 39.893116028347002 ], [ -75.174408760642109, 39.892840737268017 ], [ -75.174326999601476, 39.892846908904772 ], [ -75.174313997993096, 39.892744698736884 ], [ -75.174586924909349, 39.892724098253659 ], [ -75.174693081382131, 39.893563743594257 ], [ -75.174420011571783, 39.893584353803959 ], [ -75.174406993589614, 39.893482012638323 ], [ -75.174489543665686, 39.893475782073949 ], [ -75.174450566892276, 39.893200596689205 ] ] ] } },
{ "type": "Feature", "properties": { "gid": 414699, "building_name": null, "num_birds_near": 1, "approx_hgt": 50.0, "lights_out": 0, "address": "4428 OSAGE AVE" }, "geometry": { "type": "Polygon", "coordinates": [ [ [ -75.212339937795349, 39.950942993257428 ], [ -75.212232649695096, 39.950925130444979 ], [ -75.212252095390312, 39.950794820975432 ], [ -75.212267686281507, 39.950796491294476 ], [ -75.212298038518199, 39.950687983169651 ], [ -75.21234815195416, 39.950694068125365 ], [ -75.212317641815744, 39.950839028156693 ], [ -75.212340440502075, 39.950842113027335 ], [ -75.212378248542535, 39.950684085056444 ], [ -75.212529855594127, 39.95070193169142 ], [ -75.212525872297917, 39.950773043342714 ], [ -75.212473461423613, 39.950958090063295 ], [ -75.212429958940646, 39.950961370462053 ], [ -75.212426941618858, 39.950974735826314 ], [ -75.212336584949966, 39.950962269869805 ], [ -75.212339937795349, 39.950942993257428 ] ] ] } },
{ "type": "Feature", "properties": { "gid": 414731, "building_name": "Atria Center City", "num_birds_near": 1, "approx_hgt": 77.0, "lights_out": 0, "address": "150 N 20TH ST" }, "geometry": { "type": "Polygon", "coordinates": [ [ [ -75.17254837878825, 39.957405497803947 ], [ -75.172646393527643, 39.956965322283132 ], [ -75.17260436914593, 39.956959780189187 ], [ -75.172614634654224, 39.956913677219845 ], [ -75.172656570512274, 39.956919206509568 ], [ -75.172724390614306, 39.956614626917862 ], [ -75.173093710414548, 39.956663330027339 ], [ -75.17291761423202, 39.957454189584112 ], [ -75.17254837878825, 39.957405497803947 ] ] ] } },
{ "type": "Feature", "properties": { "gid": 416205, "building_name": null, "num_birds_near": 1, "approx_hgt": 49.0, "lights_out": 0, "address": "1919 SPRUCE ST" }, "geometry": { "type": "Polygon", "coordinates": [ [ [ -75.173554229193897, 39.948155597597712 ], [ -75.173486175800974, 39.948392959478191 ], [ -75.173444075593622, 39.948400761659691 ], [ -75.173431530881615, 39.94839010830767 ], [ -75.173484991491904, 39.948146807145172 ], [ -75.173554229193897, 39.948155597597712 ] ] ] } },
{ "type": "Feature", "properties": { "gid": 416495, "building_name": null, "num_birds_near": 1, "approx_hgt": 29.0, "lights_out": 0, "address": "1824 LUDLOW ST" }, "geometry": { "type": "Polygon", "coordinates": [ [ [ -75.170976975338263, 39.952611293969191 ], [ -75.171000354836394, 39.952501961025973 ], [ -75.171056308207582, 39.952508949518375 ], [ -75.171033245299157, 39.952618364373329 ], [ -75.170976975338263, 39.952611293969191 ] ] ] } },
{ "type": "Feature", "properties": { "gid": 416608, "building_name": null, "num_birds_near": 1, "approx_hgt": 27.0, "lights_out": 0, "address": "7635 WHEELER ST" }, "geometry": { "type": "Polygon", "coordinates": [ [ [ -75.249614042444449, 39.910368110299054 ], [ -75.24952919188722, 39.910288779738991 ], [ -75.249573095516183, 39.910257661181461 ], [ -75.249666370593815, 39.910331628955191 ], [ -75.249614042444449, 39.910368110299054 ] ] ] } },
{ "type": "Feature", "properties": { "gid": 420361, "building_name": null, "num_birds_near": 1, "approx_hgt": 25.0, "lights_out": 0, "address": "8400 BRUNSWICK PL" }, "geometry": { "type": "Polygon", "coordinates": [ [ [ -75.248170671532492, 39.894938009640001 ], [ -75.248221163111438, 39.894882153813242 ], [ -75.24832085084914, 39.894936678279947 ], [ -75.248302847117458, 39.894966838826427 ], [ -75.248327897510862, 39.894980675234493 ], [ -75.248303121685922, 39.895007291227017 ], [ -75.248269898635215, 39.894992815115444 ], [ -75.248170671532492, 39.894938009640001 ] ] ] } },
{ "type": "Feature", "properties": { "gid": 420603, "building_name": null, "num_birds_near": 1, "approx_hgt": 34.0, "lights_out": 0, "address": "2321-23 SANSOM ST" }, "geometry": { "type": "Polygon", "coordinates": [ [ [ -75.179134551829051, 39.9520941028061 ], [ -75.179145191927987, 39.952039819374775 ], [ -75.179255021969851, 39.952052075858489 ], [ -75.179244139713632, 39.95210697556773 ], [ -75.179134551829051, 39.9520941028061 ] ] ] } },
{ "type": "Feature", "properties": { "gid": 421232, "building_name": null, "num_birds_near": 1, "approx_hgt": 56.0, "lights_out": 0, "address": "2201-09 ARCH ST" }, "geometry": { "type": "Polygon", "coordinates": [ [ [ -75.176486925597871, 39.956321520332125 ], [ -75.176513886880628, 39.956178751003144 ], [ -75.176589103097541, 39.956185220116851 ], [ -75.176560185249414, 39.956323732440268 ], [ -75.176486925597871, 39.956321520332125 ] ] ] } },
{ "type": "Feature", "properties": { "gid": 421844, "building_name": null, "num_birds_near": 1, "approx_hgt": 50.0, "lights_out": 0, "address": "132 S 8TH ST" }, "geometry": { "type": "Polygon", "coordinates": [ [ [ -75.15450603745434, 39.948560973672528 ], [ -75.154238835960285, 39.948528405332162 ], [ -75.154249261190984, 39.948477711285364 ], [ -75.1542649842022, 39.948471497806217 ], [ -75.154518073824264, 39.948502451988688 ], [ -75.15450603745434, 39.948560973672528 ] ] ] } },
{ "type": "Feature", "properties": { "gid": 422031, "building_name": null, "num_birds_near": 1, "approx_hgt": 159.0, "lights_out": 0, "address": "101 WALNUT ST" }, "geometry": { "type": "Polygon", "coordinates": [ [ [ -75.143167966027519, 39.946907278958726 ], [ -75.142886028506737, 39.946874321959605 ], [ -75.142906947911285, 39.946780903059775 ], [ -75.14289069205546, 39.946773374038465 ], [ -75.142899546942644, 39.946733830414971 ], [ -75.143197942909993, 39.946773415452199 ], [ -75.143167966027519, 39.946907278958726 ] ] ] } },
{ "type": "Feature", "properties": { "gid": 422515, "building_name": null, "num_birds_near": 1, "approx_hgt": 30.0, "lights_out": 0, "address": "1615 S 11TH ST" }, "geometry": { "type": "Polygon", "coordinates": [ [ [ -75.163120962691835, 39.92931476948376 ], [ -75.162885431609041, 39.92929052888389 ], [ -75.162895474945714, 39.929240641937611 ], [ -75.16295148058893, 39.929235251541797 ], [ -75.162949241617312, 39.929246538496614 ], [ -75.163133069236054, 39.929271891208252 ], [ -75.163120962691835, 39.92931476948376 ] ] ] } },
{ "type": "Feature", "properties": { "gid": 422802, "building_name": null, "num_birds_near": 1, "approx_hgt": 34.0, "lights_out": 0, "address": "103-07 N 22ND ST" }, "geometry": { "type": "Polygon", "coordinates": [ [ [ -75.175702720834309, 39.956463461344804 ], [ -75.175727126696188, 39.956346835308729 ], [ -75.176047615601306, 39.956389160319581 ], [ -75.176024603285526, 39.956502115429394 ], [ -75.175702720834309, 39.956463461344804 ] ] ] } },
{ "type": "Feature", "properties": { "gid": 423514, "building_name": "Kimmel Center for the Performing Arts", "num_birds_near": 1, "approx_hgt": 109.0, "lights_out": 0, "address": "300-18 S BROAD ST" }, "geometry": { "type": "Polygon", "coordinates": [ [ [ -75.166283663733921, 39.947141088930898 ], [ -75.166148494405391, 39.947124707079979 ], [ -75.166156625964732, 39.947084957343627 ], [ -75.166119224240873, 39.947080424192819 ], [ -75.166111032477474, 39.947120463597955 ], [ -75.16597440435342, 39.947103903612408 ], [ -75.165982764574593, 39.947063038176935 ], [ -75.165943924913918, 39.947058331112849 ], [ -75.165935728548106, 39.947098396533519 ], [ -75.16579567343878, 39.947081421242686 ], [ -75.165803954540849, 39.947040945976241 ], [ -75.165767672676822, 39.947036548766214 ], [ -75.165759568459919, 39.947076158537676 ], [ -75.165622811160162, 39.947059582605014 ], [ -75.16563112982665, 39.947018922586459 ], [ -75.165593228282333, 39.947014328444482 ], [ -75.16558470858962, 39.947055964233968 ], [ -75.165446126532231, 39.947039167669509 ], [ -75.165454720067515, 39.946997162334817 ], [ -75.165412343880391, 39.94699202670359 ], [ -75.165409512483947, 39.947005865542991 ], [ -75.16527819604255, 39.946989948807172 ], [ -75.165281043173451, 39.946976035540828 ], [ -75.164995868450674, 39.946941468962386 ], [ -75.165019323770096, 39.946826838104663 ], [ -75.164955913544475, 39.946819152294623 ], [ -75.165033960752837, 39.946437695685532 ], [ -75.16510251114758, 39.946442450978722 ], [ -75.165125233027965, 39.94633139681951 ], [ -75.165193577661341, 39.946339681199809 ], [ -75.1652014753044, 39.946301076843696 ], [ -75.165413796746634, 39.946326812058857 ], [ -75.165419755794346, 39.946297684117141 ], [ -75.165532257790417, 39.946340036882397 ], [ -75.165606287797004, 39.946349009559484 ], [ -75.165618972572034, 39.946323930046098 ], [ -75.165744891175038, 39.946366101972892 ], [ -75.16583203155794, 39.946376663761065 ], [ -75.165840918868838, 39.946361461172359 ], [ -75.166012278751026, 39.946399243345908 ], [ -75.16601995803471, 39.946383053047072 ], [ -75.166127237029045, 39.946417928967129 ], [ -75.166135206017373, 39.946378973868818 ], [ -75.166277430668387, 39.946396211188755 ], [ -75.166270084460621, 39.946432120482442 ], [ -75.166300554864293, 39.946435813579726 ], [ -75.166307333141219, 39.94640267922675 ], [ -75.166448633826917, 39.946419804515905 ], [ -75.166433481449531, 39.946493872502167 ], [ -75.166542341418008, 39.946507066508545 ], [ -75.166508389309328, 39.946673023482781 ], [ -75.166532911172055, 39.946675995062527 ], [ -75.166476667628373, 39.946950912250976 ], [ -75.16644416008981, 39.946946972391665 ], [ -75.166409372348696, 39.947117006529595 ], [ -75.166295519412415, 39.947103207086741 ], [ -75.166283663733921, 39.947141088930898 ] ] ] } },
{ "type": "Feature", "properties": { "gid": 423641, "building_name": null, "num_birds_near": 1, "approx_hgt": 30.0, "lights_out": 0, "address": "4001 CHESTNUT ST" }, "geometry": { "type": "Polygon", "coordinates": [ [ [ -75.20245251085106, 39.955766379135248 ], [ -75.202384363256527, 39.956082319739778 ], [ -75.202298403246601, 39.956071951967608 ], [ -75.202362833228989, 39.955755563932676 ], [ -75.20245251085106, 39.955766379135248 ] ] ] } },
{ "type": "Feature", "properties": { "gid": 425247, "building_name": null, "num_birds_near": 1, "approx_hgt": 36.0, "lights_out": 0, "address": "2051 CHERRY ST" }, "geometry": { "type": "Polygon", "coordinates": [ [ [ -75.173938384890249, 39.956935055734057 ], [ -75.173959715551362, 39.956772122850211 ], [ -75.174021816924409, 39.956780474157092 ], [ -75.173985343489562, 39.95694136047662 ], [ -75.173938384890249, 39.956935055734057 ] ] ] } },
{ "type": "Feature", "properties": { "gid": 427000, "building_name": null, "num_birds_near": 1, "approx_hgt": 27.0, "lights_out": 0, "address": "6034 BALTIMORE AVE" }, "geometry": { "type": "Polygon", "coordinates": [ [ [ -75.244342644747618, 39.944082929432881 ], [ -75.244404848611509, 39.944059938182761 ], [ -75.244474790078812, 39.944170816834173 ], [ -75.244405193407076, 39.944182301325817 ], [ -75.244342644747618, 39.944082929432881 ] ] ] } },
{ "type": "Feature", "properties": { "gid": 430644, "building_name": "Class of 1920 Commons", "num_birds_near": 1, "approx_hgt": 49.0, "lights_out": 0, "address": "3801-15 SPRUCE ST" }, "geometry": { "type": "Polygon", "coordinates": [ [ [ -75.199212574634117, 39.952445397092106 ], [ -75.199145828444017, 39.952437097561699 ], [ -75.199217546483823, 39.952095462084159 ], [ -75.199261118488437, 39.952100880200426 ], [ -75.199269927587196, 39.952058920808547 ], [ -75.199231770598885, 39.952054177232775 ], [ -75.199242370688751, 39.952003679209156 ], [ -75.199256393609673, 39.95200542274673 ], [ -75.199363698034247, 39.951494259023306 ], [ -75.199349345433149, 39.951492474828306 ], [ -75.199360196168598, 39.951440784034851 ], [ -75.199397417078046, 39.95144541215403 ], [ -75.199407024684902, 39.95139964124283 ], [ -75.199441372043893, 39.951403911722181 ], [ -75.199434614401113, 39.951436104805005 ], [ -75.199568845639703, 39.951423925667278 ], [ -75.199640182043041, 39.951432795556464 ], [ -75.199748512011269, 39.951474028466784 ], [ -75.199755038416882, 39.951442939363353 ], [ -75.199788594581293, 39.951447111957322 ], [ -75.199778891890247, 39.951493333085217 ], [ -75.19981240496999, 39.951497500208625 ], [ -75.199801754216821, 39.951548238617576 ], [ -75.199787387623743, 39.951546452364717 ], [ -75.199680062127925, 39.952057730377589 ], [ -75.199694623429409, 39.95205954079281 ], [ -75.199683698844254, 39.952111581363638 ], [ -75.199649179836342, 39.952107289128115 ], [ -75.199646041885899, 39.952122239997948 ], [ -75.19967148453371, 39.952125404195883 ], [ -75.199673053733022, 39.952153992808917 ], [ -75.199628959944761, 39.952364044704566 ], [ -75.19967995965176, 39.952370386454447 ], [ -75.199664055345991, 39.952446146062513 ], [ -75.199613027611122, 39.952439800980535 ], [ -75.199601868991437, 39.952492958092073 ], [ -75.199536475611865, 39.952484826723875 ], [ -75.199531571314537, 39.952508189735347 ], [ -75.19942375990621, 39.952515630521326 ], [ -75.199280225387838, 39.952493186992726 ], [ -75.199208172085108, 39.952466369172626 ], [ -75.199212574634117, 39.952445397092106 ] ] ] } },
{ "type": "Feature", "properties": { "gid": 430780, "building_name": "Peck Problem Solving & Research Building", "num_birds_near": 1, "approx_hgt": 95.0, "lights_out": 0, "address": "101 N 33RD ST" }, "geometry": { "type": "Polygon", "coordinates": [ [ [ -75.188439643134458, 39.95823494432944 ], [ -75.188399137263488, 39.958186409869235 ], [ -75.18840886001054, 39.958062538472959 ], [ -75.188568116339582, 39.958073846928116 ], [ -75.188572139653147, 39.957978502089112 ], [ -75.188584000281239, 39.957968497248217 ], [ -75.188480342811673, 39.957955516493215 ], [ -75.188521221129051, 39.957819465401478 ], [ -75.188258992429127, 39.957785755858552 ], [ -75.188293861787614, 39.957612027477978 ], [ -75.18893596438059, 39.957694128832195 ], [ -75.188976197593163, 39.957732163886419 ], [ -75.189033142266567, 39.958265307758865 ], [ -75.188439643134458, 39.95823494432944 ] ] ] } },
{ "type": "Feature", "properties": { "gid": 431234, "building_name": null, "num_birds_near": 1, "approx_hgt": 25.0, "lights_out": 0, "address": "25 SNYDER AVE" }, "geometry": { "type": "Polygon", "coordinates": [ [ [ -75.144326460509774, 39.922105923213678 ], [ -75.143872577439794, 39.922055444153322 ], [ -75.144036186506597, 39.921289301442442 ], [ -75.144049249112783, 39.921279788937206 ], [ -75.144499619174709, 39.921338318379995 ], [ -75.144326460509774, 39.922105923213678 ] ] ] } },
{ "type": "Feature", "properties": { "gid": 433363, "building_name": "The Graham Building", "num_birds_near": 1, "approx_hgt": 215.0, "lights_out": 0, "address": "1501-15 CHESTNUT ST" }, "geometry": { "type": "Polygon", "coordinates": [ [ [ -75.166181381211871, 39.951213122405704 ], [ -75.166130673082264, 39.951471057557981 ], [ -75.166087803206679, 39.95146546871819 ], [ -75.166092930639465, 39.951441127112624 ], [ -75.165867282447863, 39.951412947046336 ], [ -75.165865055620785, 39.951423508115333 ], [ -75.16574585744462, 39.951408621968099 ], [ -75.165743012006004, 39.951422119016399 ], [ -75.16563926999315, 39.951409163170901 ], [ -75.165692007992789, 39.951159036164796 ], [ -75.166181381211871, 39.951213122405704 ] ] ] } },
{ "type": "Feature", "properties": { "gid": 433404, "building_name": null, "num_birds_near": 1, "approx_hgt": 61.0, "lights_out": 0, "address": "2206 WALNUT ST" }, "geometry": { "type": "Polygon", "coordinates": [ [ [ -75.177758392857442, 39.950946167621339 ], [ -75.177797638471048, 39.950772961722983 ], [ -75.177852429718271, 39.950772093779442 ], [ -75.177849683486414, 39.950746575050104 ], [ -75.177866972259508, 39.950748712512279 ], [ -75.177823812577941, 39.950962444597067 ], [ -75.177758392857442, 39.950946167621339 ] ] ] } },
{ "type": "Feature", "properties": { "gid": 434418, "building_name": null, "num_birds_near": 1, "approx_hgt": 73.0, "lights_out": 0, "address": "200-10 S 24TH ST" }, "geometry": { "type": "Polygon", "coordinates": [ [ [ -75.179616884429024, 39.951187048434839 ], [ -75.179684907732465, 39.950856465983087 ], [ -75.1805328015285, 39.950972367776316 ], [ -75.180499067929929, 39.951136491427611 ], [ -75.180408498983027, 39.951168642281544 ], [ -75.180466920314913, 39.951176610417555 ], [ -75.180472033222912, 39.951151679594524 ], [ -75.180519475010385, 39.951157590710096 ], [ -75.180427525380296, 39.951290790408159 ], [ -75.179616884429024, 39.951187048434839 ] ] ] } },
{ "type": "Feature", "properties": { "gid": 434766, "building_name": "Race Hall", "num_birds_near": 1, "approx_hgt": 127.0, "lights_out": 0, "address": "3300 RACE ST" }, "geometry": { "type": "Polygon", "coordinates": [ [ [ -75.189677356309474, 39.958725792826641 ], [ -75.189676379308196, 39.958704556814958 ], [ -75.189650539333343, 39.958704703587458 ], [ -75.189646533559142, 39.958507127898976 ], [ -75.189290540610642, 39.95848925798667 ], [ -75.189292384992569, 39.958467505602798 ], [ -75.189266702278474, 39.958466215988331 ], [ -75.189270005543662, 39.958427254502766 ], [ -75.189258953928046, 39.958426699652073 ], [ -75.189244210286461, 39.958339368394903 ], [ -75.189847547201182, 39.958369655270431 ], [ -75.189834505119677, 39.958523515644274 ], [ -75.189840999654166, 39.958701730162687 ], [ -75.18980277742871, 39.958701833081633 ], [ -75.189804118488638, 39.958724345834057 ], [ -75.189677356309474, 39.958725792826641 ] ] ] } },
{ "type": "Feature", "properties": { "gid": 436176, "building_name": null, "num_birds_near": 1, "approx_hgt": 45.0, "lights_out": 0, "address": "2227 SPRUCE ST" }, "geometry": { "type": "Polygon", "coordinates": [ [ [ -75.178700213304339, 39.949071302814247 ], [ -75.178769194112462, 39.948799222365437 ], [ -75.178838859710595, 39.948809297726136 ], [ -75.178820975407092, 39.94888196692628 ], [ -75.178797244649473, 39.948879062588261 ], [ -75.178769984090366, 39.94896275268119 ], [ -75.178766296305568, 39.948982030013539 ], [ -75.178788484155731, 39.948984346549082 ], [ -75.178764605339225, 39.949085831715607 ], [ -75.178700213304339, 39.949071302814247 ] ] ] } },
{ "type": "Feature", "properties": { "gid": 436324, "building_name": null, "num_birds_near": 1, "approx_hgt": 40.0, "lights_out": 0, "address": "311 BAINBRIDGE ST" }, "geometry": { "type": "Polygon", "coordinates": [ [ [ -75.148154238633609, 39.940811738228987 ], [ -75.148184708955256, 39.940670926298161 ], [ -75.148240243327834, 39.940677669792315 ], [ -75.148211337104129, 39.940818692017196 ], [ -75.148154238633609, 39.940811738228987 ] ] ] } },
{ "type": "Feature", "properties": { "gid": 437839, "building_name": "Friends Center", "num_birds_near": 1, "approx_hgt": 65.0, "lights_out": 0, "address": "1508-20 RACE ST" }, "geometry": { "type": "Polygon", "coordinates": [ [ [ -75.164775340143208, 39.955721900952156 ], [ -75.164793926240733, 39.955724275936269 ], [ -75.164913953880841, 39.955853804984436 ], [ -75.164907248996116, 39.95588207546195 ], [ -75.164949318097086, 39.955888318794983 ], [ -75.164958203022692, 39.955848323896817 ], [ -75.164987112733172, 39.955852127145256 ], [ -75.165014633240034, 39.955728248848509 ], [ -75.165076282941072, 39.955736359697156 ], [ -75.165080498542082, 39.955717384738001 ], [ -75.165259540103108, 39.955740941538615 ], [ -75.165256132759595, 39.955756275699009 ], [ -75.165319150162489, 39.955764566803111 ], [ -75.165291085155218, 39.955890892659589 ], [ -75.165321490681649, 39.955894893512692 ], [ -75.165293732111905, 39.95601984141711 ], [ -75.165265992823549, 39.956016230407634 ], [ -75.165238499734926, 39.956140104869277 ], [ -75.165177479840835, 39.95613290932188 ], [ -75.165172707286743, 39.956151505922342 ], [ -75.164990395661505, 39.956127768095904 ], [ -75.164994419287268, 39.956109778125963 ], [ -75.164931387817759, 39.956100526051905 ], [ -75.164960858522903, 39.955977831496782 ], [ -75.164892495827729, 39.955953521346288 ], [ -75.164856286024289, 39.956111319780611 ], [ -75.16491797627738, 39.956177112724966 ], [ -75.164882437340935, 39.956343648100791 ], [ -75.164818063950847, 39.956378086523365 ], [ -75.164805994130333, 39.956435654189875 ], [ -75.164618910444588, 39.956411495586877 ], [ -75.164775340143208, 39.955721900952156 ] ] ] } },
{ "type": "Feature", "properties": { "gid": 441887, "building_name": "Carolyn Lynch Labs", "num_birds_near": 1, "approx_hgt": 92.0, "lights_out": 0, "address": "461 UNIVERSITY AVE" }, "geometry": { "type": "Polygon", "coordinates": [ [ [ -75.198863990095248, 39.949174325603977 ], [ -75.198719085362512, 39.948889481838549 ], [ -75.198683145479393, 39.948900378340191 ], [ -75.198448404668824, 39.948451000034765 ], [ -75.198698245163442, 39.948373690550319 ], [ -75.198763279335154, 39.948498190034421 ], [ -75.198812124990496, 39.948482348441978 ], [ -75.19895746681479, 39.948772406025633 ], [ -75.198993675556423, 39.948757369898807 ], [ -75.199138849661125, 39.949048968714479 ], [ -75.199174221674681, 39.949031619962682 ], [ -75.199191487619487, 39.949064647336833 ], [ -75.199161480447557, 39.949091764262391 ], [ -75.198898843126642, 39.949172393289977 ], [ -75.198863990095248, 39.949174325603977 ] ] ] } },
{ "type": "Feature", "properties": { "gid": 442261, "building_name": null, "num_birds_near": 1, "approx_hgt": 33.0, "lights_out": 0, "address": "7600-98 CITY AVE" }, "geometry": { "type": "Polygon", "coordinates": [ [ [ -75.271055424473744, 39.97877494140559 ], [ -75.271274147009095, 39.978676994304287 ], [ -75.271263753402337, 39.978452962843335 ], [ -75.27123223780842, 39.97845334810966 ], [ -75.271241457089886, 39.978660937394956 ], [ -75.271059066541227, 39.978740324988621 ], [ -75.270747259971046, 39.978341848148851 ], [ -75.272733105594185, 39.977382375131207 ], [ -75.272860878066169, 39.977530438815343 ], [ -75.272825934661526, 39.977557068247563 ], [ -75.272809212836705, 39.977545327036708 ], [ -75.27256395805864, 39.977662097923513 ], [ -75.272579548019252, 39.977680853220342 ], [ -75.271435750401849, 39.978226682111909 ], [ -75.271439826885867, 39.978280348022622 ], [ -75.271418360245022, 39.978321702718084 ], [ -75.271442790744644, 39.9786685151564 ], [ -75.271682681368333, 39.978988375215899 ], [ -75.271344553840635, 39.979138157767018 ], [ -75.271055424473744, 39.97877494140559 ] ] ] } },
{ "type": "Feature", "properties": { "gid": 445913, "building_name": null, "num_birds_near": 1, "approx_hgt": 42.0, "lights_out": 0, "address": "229 S 45TH ST" }, "geometry": { "type": "Polygon", "coordinates": [ [ [ -75.211799003863121, 39.95422141427143 ], [ -75.211463918761609, 39.954178974456546 ], [ -75.211474277887319, 39.954131211901867 ], [ -75.21176585885749, 39.954156889083336 ], [ -75.211806865123521, 39.954185164367765 ], [ -75.211799003863121, 39.95422141427143 ] ] ] } },
{ "type": "Feature", "properties": { "gid": 446412, "building_name": null, "num_birds_near": 1, "approx_hgt": 47.0, "lights_out": 0, "address": "707 WALNUT ST" }, "geometry": { "type": "Polygon", "coordinates": [ [ [ -75.153021303885083, 39.948020743270142 ], [ -75.152994153820003, 39.948143992282695 ], [ -75.152954409994862, 39.948138686395033 ], [ -75.152945104150248, 39.948179978345401 ], [ -75.152973646849759, 39.948183789009327 ], [ -75.152951933700834, 39.948280134203991 ], [ -75.152891511442903, 39.948272063379463 ], [ -75.152948666916132, 39.948011300261975 ], [ -75.153021303885083, 39.948020743270142 ] ] ] } },
{ "type": "Feature", "properties": { "gid": 446987, "building_name": null, "num_birds_near": 1, "approx_hgt": 1.0, "lights_out": 0, "address": "3300 CHESTNUT ST # 7042" }, "geometry": { "type": "Polygon", "coordinates": [ [ [ -75.191795443635542, 39.954013620787393 ], [ -75.191821232776107, 39.954016797149301 ], [ -75.191785793740536, 39.954187226810973 ], [ -75.191760003367023, 39.954184050415016 ], [ -75.191795443635542, 39.954013620787393 ] ] ] } },
{ "type": "Feature", "properties": { "gid": 447303, "building_name": "3101 Walnut Street", "num_birds_near": 1, "approx_hgt": 41.0, "lights_out": 0, "address": "3118-98 CHESTNUT ST" }, "geometry": { "type": "Polygon", "coordinates": [ [ [ -75.186686571470219, 39.952377088918261 ], [ -75.186552511146388, 39.952361495040726 ], [ -75.186564905358324, 39.952298387935301 ], [ -75.186698964356765, 39.952313982672393 ], [ -75.186686571470219, 39.952377088918261 ] ] ] } },
{ "type": "Feature", "properties": { "gid": 447352, "building_name": null, "num_birds_near": 1, "approx_hgt": 35.0, "lights_out": 0, "address": "926 S 18TH ST" }, "geometry": { "type": "Polygon", "coordinates": [ [ [ -75.173111642177687, 39.940102864298566 ], [ -75.173105218455262, 39.940136692610409 ], [ -75.172934945529704, 39.940125573704286 ], [ -75.172944615217986, 39.940081620688403 ], [ -75.173111642177687, 39.940102864298566 ] ] ] } },
{ "type": "Feature", "properties": { "gid": 447518, "building_name": null, "num_birds_near": 1, "approx_hgt": 29.0, "lights_out": 0, "address": "118 ELFRETHS ALY" }, "geometry": { "type": "Polygon", "coordinates": [ [ [ -75.1422233530037, 39.952741292657578 ], [ -75.142173684346815, 39.952735792572781 ], [ -75.14220016021477, 39.952614108030581 ], [ -75.14224743459468, 39.952619974448446 ], [ -75.1422233530037, 39.952741292657578 ] ] ] } },
{ "type": "Feature", "properties": { "gid": 447633, "building_name": null, "num_birds_near": 1, "approx_hgt": 446.0, "lights_out": 1, "address": "2101 MARKET ST" }, "geometry": { "type": "Polygon", "coordinates": [ [ [ -75.175009549441455, 39.954706647087832 ], [ -75.175106304479584, 39.954225260872846 ], [ -75.175081906665284, 39.954222365156355 ], [ -75.175131713854043, 39.953973794152901 ], [ -75.175468808947954, 39.954004441876165 ], [ -75.175582628606378, 39.954045294846075 ], [ -75.175636271621968, 39.954101837070603 ], [ -75.175645065885774, 39.9541424186501 ], [ -75.175627231115698, 39.954140301953515 ], [ -75.175618296768903, 39.954184894290229 ], [ -75.175634933888446, 39.954192819055116 ], [ -75.175565194532695, 39.954257069995258 ], [ -75.175579611264524, 39.954261952676546 ], [ -75.175556382296449, 39.954289447361369 ], [ -75.175586653437861, 39.954308729932293 ], [ -75.175577599648832, 39.954354990060274 ], [ -75.175548766123057, 39.954355761115814 ], [ -75.175554801342756, 39.954405877445261 ], [ -75.175538205286827, 39.954407805244379 ], [ -75.17552640931865, 39.954385635117831 ], [ -75.175451287445668, 39.954759248016259 ], [ -75.175009549441455, 39.954706647087832 ] ] ] } },
{ "type": "Feature", "properties": { "gid": 448009, "building_name": null, "num_birds_near": 1, "approx_hgt": 55.0, "lights_out": 0, "address": "304 N 2ND ST" }, "geometry": { "type": "Polygon", "coordinates": [ [ [ -75.142551773189865, 39.95585348896153 ], [ -75.142561723863636, 39.955804557293128 ], [ -75.142752069315392, 39.955827133182098 ], [ -75.142742046100921, 39.955876128088747 ], [ -75.142551773189865, 39.95585348896153 ] ] ] } },
{ "type": "Feature", "properties": { "gid": 448013, "building_name": null, "num_birds_near": 1, "approx_hgt": 69.0, "lights_out": 0, "address": "204 WOOD ST" }, "geometry": { "type": "Polygon", "coordinates": [ [ [ -75.142796985377416, 39.956141141455433 ], [ -75.142742891935029, 39.956134088656128 ], [ -75.142772627770739, 39.95599452255329 ], [ -75.142832191631115, 39.956001744728155 ], [ -75.142796985377416, 39.956141141455433 ] ] ] } },
{ "type": "Feature", "properties": { "gid": 449034, "building_name": null, "num_birds_near": 1, "approx_hgt": 35.0, "lights_out": 0, "address": "4015 GREEN ST" }, "geometry": { "type": "Polygon", "coordinates": [ [ [ -75.202819435957167, 39.962388871814731 ], [ -75.202805475330578, 39.962296753227704 ], [ -75.202867035209536, 39.962291404898941 ], [ -75.202893801144, 39.962460866980585 ], [ -75.202882762899549, 39.962472146628087 ], [ -75.202846803403006, 39.962465343926546 ], [ -75.20283447757447, 39.962387520015945 ], [ -75.202819435957167, 39.962388871814731 ] ] ] } },
{ "type": "Feature", "properties": { "gid": 449767, "building_name": "Aramark Building / PWD and Health Dept Offices", "num_birds_near": 1, "approx_hgt": 132.0, "lights_out": 0, "address": "801 MARKET ST" }, "geometry": { "type": "Polygon", "coordinates": [ [ [ -75.153078955822593, 39.953069510646003 ], [ -75.153260770168899, 39.952237891031558 ], [ -75.15349583937649, 39.952267866162565 ], [ -75.153527106296806, 39.952122626288457 ], [ -75.15347493737886, 39.952115974365569 ], [ -75.153526013928229, 39.951878716040433 ], [ -75.15351226630149, 39.951876963209322 ], [ -75.153656060628961, 39.951283342996781 ], [ -75.153883631863579, 39.951305348473959 ], [ -75.153886132673136, 39.951293732400991 ], [ -75.153939797608146, 39.95129488846807 ], [ -75.154286081831657, 39.951343198319158 ], [ -75.154337805955123, 39.951352960040381 ], [ -75.154335215398845, 39.95136499666755 ], [ -75.154468830998027, 39.951382033818739 ], [ -75.154471563745034, 39.95136933906025 ], [ -75.155066022688132, 39.951456245671523 ], [ -75.155031890112298, 39.951614814671927 ], [ -75.154984134674393, 39.951608725500975 ], [ -75.15497309002339, 39.951660037208342 ], [ -75.155187524910943, 39.95168737782037 ], [ -75.155184295659438, 39.95170237787508 ], [ -75.155292215710531, 39.951716137809285 ], [ -75.155309143627292, 39.951637496176225 ], [ -75.155420365371185, 39.951651676670714 ], [ -75.15545377967284, 39.951496442207393 ], [ -75.156615806754672, 39.951644592096414 ], [ -75.15657314340163, 39.951842810638013 ], [ -75.156760057326395, 39.951866639169566 ], [ -75.156789532323046, 39.9517296951486 ], [ -75.156850024397542, 39.951737407719087 ], [ -75.156942297537285, 39.951687161861898 ], [ -75.158210534781475, 39.951845763305037 ], [ -75.158028565195039, 39.952691300330734 ], [ -75.157556630266711, 39.95263255758578 ], [ -75.157553277733214, 39.952647978387652 ], [ -75.157463423295425, 39.952636412057515 ], [ -75.157466776856651, 39.952621762550734 ], [ -75.156631386156064, 39.952516744259405 ], [ -75.156675380520539, 39.952312339675657 ], [ -75.156477801575662, 39.952287150823906 ], [ -75.156433687137948, 39.952492109457303 ], [ -75.155674353081224, 39.952395301076336 ], [ -75.155645071827294, 39.952531335614275 ], [ -75.155689234928289, 39.952536965718444 ], [ -75.155684095688144, 39.952560841748252 ], [ -75.155959193096351, 39.952595914062961 ], [ -75.155963439852556, 39.95257618504013 ], [ -75.156041551971654, 39.952586143588434 ], [ -75.156041629378322, 39.952609352818989 ], [ -75.156355864242059, 39.952649414278262 ], [ -75.15628502813469, 39.952978512547809 ], [ -75.155967156749441, 39.952937987555977 ], [ -75.155962525708318, 39.952959501812344 ], [ -75.15588503998093, 39.952949623159839 ], [ -75.155889454817242, 39.952929111352745 ], [ -75.155364881168083, 39.95286223127686 ], [ -75.155360051971257, 39.952884668176637 ], [ -75.155283825881796, 39.952874949156538 ], [ -75.155283850955996, 39.952853385692627 ], [ -75.155020658751511, 39.952819829020115 ], [ -75.155015055192735, 39.952845862367013 ], [ -75.154963289890063, 39.952839261713947 ], [ -75.154968781081493, 39.952813749317556 ], [ -75.154932593988008, 39.952809134633 ], [ -75.155004561223308, 39.952474804317504 ], [ -75.155355826535242, 39.952519589684726 ], [ -75.155360387873301, 39.95249840274348 ], [ -75.155438329721491, 39.952508339834331 ], [ -75.155433553170809, 39.95253053375167 ], [ -75.15550570698322, 39.952539733486113 ], [ -75.155511280470179, 39.952513838195912 ], [ -75.155574167336027, 39.952521856078256 ], [ -75.155602704199239, 39.952389284444209 ], [ -75.155038913128507, 39.952317402591284 ], [ -75.1550515846168, 39.952258533912776 ], [ -75.154894149779878, 39.952238460959272 ], [ -75.154881748821893, 39.952296067112258 ], [ -75.153577915251063, 39.952129818647805 ], [ -75.153546491968328, 39.952275783015814 ], [ -75.153582641424421, 39.952280392788602 ], [ -75.153572236303816, 39.952328724781957 ], [ -75.153662768413213, 39.952300260212333 ], [ -75.153751709056124, 39.952298980177368 ], [ -75.153797352877589, 39.952326791531469 ], [ -75.153832070943736, 39.952385743403518 ], [ -75.153805614307288, 39.952454195825297 ], [ -75.153744132132715, 39.952486568921962 ], [ -75.153602518717065, 39.953136271986395 ], [ -75.153078955822593, 39.953069510646003 ] ], [ [ -75.15372799301646, 39.952347060448524 ], [ -75.153673657556453, 39.952348386741932 ], [ -75.153647525697565, 39.95236504790941 ], [ -75.153638898021441, 39.952398638054888 ], [ -75.153658662483352, 39.952433898934324 ], [ -75.15372349433909, 39.952438744330884 ], [ -75.153762196836936, 39.952406692684008 ], [ -75.153762059709251, 39.952378112021592 ], [ -75.15372799301646, 39.952347060448524 ] ] ] } },
{ "type": "Feature", "properties": { "gid": 450143, "building_name": null, "num_birds_near": 1, "approx_hgt": 22.0, "lights_out": 0, "address": "38 MC KEAN ST" }, "geometry": { "type": "Polygon", "coordinates": [ [ [ -75.146617384978171, 39.922566337724696 ], [ -75.146399130957263, 39.922540449271068 ], [ -75.146438035060754, 39.922371565292288 ], [ -75.146458310905601, 39.922374331423676 ], [ -75.146504737692339, 39.922172798611065 ], [ -75.147180571684814, 39.922266864270433 ], [ -75.147112997200395, 39.922560231167367 ], [ -75.146901775460336, 39.922531395704645 ], [ -75.146888571647906, 39.922588692697012 ], [ -75.146620666034593, 39.922552106737619 ], [ -75.146617384978171, 39.922566337724696 ] ] ] } },
{ "type": "Feature", "properties": { "gid": 450199, "building_name": null, "num_birds_near": 1, "approx_hgt": 64.0, "lights_out": 0, "address": "1148 WHARTON ST" }, "geometry": { "type": "Polygon", "coordinates": [ [ [ -75.163143771058898, 39.933511453135829 ], [ -75.163166684297479, 39.933409210196565 ], [ -75.163145725261884, 39.933406426286091 ], [ -75.163162945614417, 39.933329581572373 ], [ -75.163659324881735, 39.933395505753687 ], [ -75.163669228778843, 39.933351313613507 ], [ -75.163550218217424, 39.93333550878927 ], [ -75.163587250285943, 39.933170258222063 ], [ -75.163879840175142, 39.933209117127952 ], [ -75.163792276851694, 39.933599862144774 ], [ -75.163143771058898, 39.933511453135829 ] ] ] } },
{ "type": "Feature", "properties": { "gid": 450203, "building_name": "Garage 423", "num_birds_near": 1, "approx_hgt": 61.0, "lights_out": 0, "address": "1100 WHARTON ST" }, "geometry": { "type": "Polygon", "coordinates": [ [ [ -75.16307844693273, 39.933037632405373 ], [ -75.162787146723758, 39.932830019721081 ], [ -75.16329429322407, 39.932408306146904 ], [ -75.163463940620716, 39.932430928052739 ], [ -75.163392826243367, 39.932723411546974 ], [ -75.163363242501433, 39.932709102865935 ], [ -75.16337745695327, 39.932727307742077 ], [ -75.163351195407017, 39.932749146120145 ], [ -75.163379094607293, 39.932769030127403 ], [ -75.163370830050084, 39.932816028041771 ], [ -75.16335689185928, 39.932806093503636 ], [ -75.16307844693273, 39.933037632405373 ] ] ] } },
{ "type": "Feature", "properties": { "gid": 450350, "building_name": null, "num_birds_near": 1, "approx_hgt": 64.0, "lights_out": 0, "address": "246 FITZWATER ST" }, "geometry": { "type": "Polygon", "coordinates": [ [ [ -75.148104571319777, 39.938847083953476 ], [ -75.147635245244487, 39.938766344532773 ], [ -75.147656285663103, 39.938740715861449 ], [ -75.147662489952637, 39.938682992305033 ], [ -75.147706126415727, 39.938689318337026 ], [ -75.147715398975706, 39.938651421047851 ], [ -75.147686927676588, 39.938647293444461 ], [ -75.147705406222869, 39.938600165981924 ], [ -75.147779311234117, 39.938610879316286 ], [ -75.147762036968828, 39.938681487641681 ], [ -75.147789245263141, 39.938686930887584 ], [ -75.147802261338427, 39.938647528238164 ], [ -75.147874740459187, 39.938657882084847 ], [ -75.147855964418071, 39.938720606669207 ], [ -75.14790927275989, 39.938730632718183 ], [ -75.147922013754595, 39.938681018873851 ], [ -75.147986721973794, 39.93868333223395 ], [ -75.147899960457636, 39.938667350092189 ], [ -75.147918489173833, 39.938591610977831 ], [ -75.148157679858457, 39.938624701035963 ], [ -75.148104571319777, 39.938847083953476 ] ] ] } },
{ "type": "Feature", "properties": { "gid": 451409, "building_name": null, "num_birds_near": 1, "approx_hgt": 33.0, "lights_out": 0, "address": "284 ST JAMES PL" }, "geometry": { "type": "Polygon", "coordinates": [ [ [ -75.145762664911445, 39.945829679700438 ], [ -75.145829976035799, 39.945838324330147 ], [ -75.145804658975479, 39.945953043030947 ], [ -75.145731192763279, 39.945943599080898 ], [ -75.145762664911445, 39.945829679700438 ] ] ] } },
{ "type": "Feature", "properties": { "gid": 452525, "building_name": "Building 12", "num_birds_near": 1, "approx_hgt": 58.0, "lights_out": 0, "address": "1500 KITTY HAWK AVE" }, "geometry": { "type": "Polygon", "coordinates": [ [ [ -75.17759584970679, 39.889477620356061 ], [ -75.177498067645885, 39.888713111503257 ], [ -75.177783449252615, 39.888691450754521 ], [ -75.177882284364287, 39.889464166813973 ], [ -75.17759584970679, 39.889477620356061 ] ] ] } },
{ "type": "Feature", "properties": { "gid": 452713, "building_name": null, "num_birds_near": 1, "approx_hgt": 22.0, "lights_out": 0, "address": "267 ST JOSEPHS WAY" }, "geometry": { "type": "Polygon", "coordinates": [ [ [ -75.14736595690934, 39.945423038917205 ], [ -75.147403683281226, 39.945322560114839 ], [ -75.147387163012738, 39.945320372380287 ], [ -75.147390454074937, 39.945303245708295 ], [ -75.147537867449117, 39.945321623382391 ], [ -75.147525520790737, 39.945376855902552 ], [ -75.147456044535517, 39.94536765495684 ], [ -75.14744124931434, 39.945433847765571 ], [ -75.14736595690934, 39.945423038917205 ] ] ] } },
{ "type": "Feature", "properties": { "gid": 453158, "building_name": null, "num_birds_near": 1, "approx_hgt": 49.0, "lights_out": 0, "address": "239 RACE ST" }, "geometry": { "type": "Polygon", "coordinates": [ [ [ -75.144296375610182, 39.954325166533458 ], [ -75.144360405913929, 39.954025409272539 ], [ -75.144440475792834, 39.95403509402194 ], [ -75.144415197787808, 39.954150790104386 ], [ -75.144372720593125, 39.95414524441798 ], [ -75.144369140218657, 39.954161488662528 ], [ -75.144387711967681, 39.954173552612097 ], [ -75.144352538456644, 39.954331954785154 ], [ -75.144296375610182, 39.954325166533458 ] ] ] } },
{ "type": "Feature", "properties": { "gid": 453390, "building_name": null, "num_birds_near": 1, "approx_hgt": 13.0, "lights_out": 0, "address": "6047-49 BALTIMORE AVE" }, "geometry": { "type": "Polygon", "coordinates": [ [ [ -75.246464562744706, 39.94387854330887 ], [ -75.246176561147266, 39.94386504741896 ], [ -75.246165134928233, 39.943830081867112 ], [ -75.246260689210089, 39.943788954549397 ], [ -75.246271082582169, 39.94380591915975 ], [ -75.246498398525816, 39.943729062300761 ], [ -75.246464562744706, 39.94387854330887 ] ] ] } },
{ "type": "Feature", "properties": { "gid": 453582, "building_name": null, "num_birds_near": 1, "approx_hgt": 21.0, "lights_out": 0, "address": "3501 CIVIC CENTER BLVD" }, "geometry": { "type": "Polygon", "coordinates": [ [ [ -75.195070699525289, 39.948159637548891 ], [ -75.195132225653225, 39.948131858736204 ], [ -75.195146762096144, 39.948150930658876 ], [ -75.195193341674752, 39.948129898980085 ], [ -75.195214112179855, 39.948157150327773 ], [ -75.195106006433562, 39.948205960846401 ], [ -75.195070699525289, 39.948159637548891 ] ] ] } },
{ "type": "Feature", "properties": { "gid": 453917, "building_name": null, "num_birds_near": 1, "approx_hgt": 26.0, "lights_out": 0, "address": "1609 S 19TH ST" }, "geometry": { "type": "Polygon", "coordinates": [ [ [ -75.176313673533954, 39.931261656577618 ], [ -75.176119169751928, 39.931236209908754 ], [ -75.17611728435682, 39.931191398148094 ], [ -75.176323055511986, 39.931217483346323 ], [ -75.176313673533954, 39.931261656577618 ] ] ] } },
{ "type": "Feature", "properties": { "gid": 454972, "building_name": null, "num_birds_near": 1, "approx_hgt": 32.0, "lights_out": 0, "address": "751 S 20TH ST" }, "geometry": { "type": "Polygon", "coordinates": [ [ [ -75.175442449277739, 39.942662096449951 ], [ -75.175268041245602, 39.942628763992559 ], [ -75.175275621211895, 39.942594333532128 ], [ -75.175453365935425, 39.942616124146987 ], [ -75.175442449277739, 39.942662096449951 ] ] ] } },
{ "type": "Feature", "properties": { "gid": 456691, "building_name": null, "num_birds_near": 1, "approx_hgt": 43.0, "lights_out": 0, "address": "2011-41 RANSTEAD ST" }, "geometry": { "type": "Polygon", "coordinates": [ [ [ -75.173697659090834, 39.952960196037516 ], [ -75.173752789387891, 39.952703960359258 ], [ -75.174736920004634, 39.952832252138236 ], [ -75.174720988848705, 39.952907269446058 ], [ -75.174654337999911, 39.952898885675481 ], [ -75.174634838274045, 39.952990705998303 ], [ -75.174686867299101, 39.952997250495457 ], [ -75.174680799443394, 39.953025817772499 ], [ -75.174627619226669, 39.953019127591396 ], [ -75.17461561128988, 39.953075669440516 ], [ -75.173697659090834, 39.952960196037516 ] ] ] } },
{ "type": "Feature", "properties": { "gid": 458074, "building_name": "North Hall", "num_birds_near": 1, "approx_hgt": 76.0, "lights_out": 0, "address": "3200 RACE ST" }, "geometry": { "type": "Polygon", "coordinates": [ [ [ -75.187689423749504, 39.958777227352357 ], [ -75.187687310351649, 39.95872895642924 ], [ -75.18767676176202, 39.95872921906458 ], [ -75.187721069517536, 39.958589527263129 ], [ -75.188370244101804, 39.958573390568787 ], [ -75.18836187347749, 39.958530549063909 ], [ -75.188374543989724, 39.958481897406109 ], [ -75.188351089311041, 39.958470828252914 ], [ -75.188365506390994, 39.95829735852697 ], [ -75.189048461971382, 39.958321260826018 ], [ -75.189075953924416, 39.958515546935089 ], [ -75.188566670958139, 39.958491131427373 ], [ -75.18856834727012, 39.958506294064748 ], [ -75.188604939965401, 39.958507889612385 ], [ -75.188606817237783, 39.958552596254755 ], [ -75.188506666428793, 39.958555086648211 ], [ -75.188524446988637, 39.95876195487341 ], [ -75.187689423749504, 39.958777227352357 ] ] ] } },
{ "type": "Feature", "properties": { "gid": 458337, "building_name": null, "num_birds_near": 1, "approx_hgt": 8.0, "lights_out": 0, "address": "201 N 34TH ST" }, "geometry": { "type": "Polygon", "coordinates": [ [ [ -75.190672428230769, 39.959100448244421 ], [ -75.190672094961982, 39.959045706464167 ], [ -75.190701097100117, 39.959045601175852 ], [ -75.190701430358416, 39.959100343856392 ], [ -75.190672428230769, 39.959100448244421 ] ] ] } },
{ "type": "Feature", "properties": { "gid": 458344, "building_name": null, "num_birds_near": 1, "approx_hgt": 42.0, "lights_out": 0, "address": "1144 LOCUST ST" }, "geometry": { "type": "Polygon", "coordinates": [ [ [ -75.160582550262561, 39.947654392015757 ], [ -75.160597914097309, 39.947585885997363 ], [ -75.160531026980621, 39.947578009326477 ], [ -75.160540195352908, 39.947500145152084 ], [ -75.160424614313044, 39.947484732188911 ], [ -75.160447171351066, 39.94743847968887 ], [ -75.160429510212992, 39.947436132941526 ], [ -75.160461792629405, 39.947292180381666 ], [ -75.160484152685129, 39.947284759889754 ], [ -75.160468993442962, 39.947282746246167 ], [ -75.16047844115775, 39.947240618143155 ], [ -75.160633703387248, 39.947261218457548 ], [ -75.160622628042333, 39.947310609850746 ], [ -75.160558284848747, 39.947302061701258 ], [ -75.160525173358621, 39.947449712253871 ], [ -75.160623908942256, 39.947462876103764 ], [ -75.160660318818344, 39.947300518837039 ], [ -75.160798963902863, 39.947318937237668 ], [ -75.160718537088727, 39.947677582628458 ], [ -75.160582550262561, 39.947654392015757 ] ] ] } },
{ "type": "Feature", "properties": { "gid": 458845, "building_name": null, "num_birds_near": 1, "approx_hgt": 45.0, "lights_out": 0, "address": "325 S 20TH ST" }, "geometry": { "type": "Polygon", "coordinates": [ [ [ -75.174415690034934, 39.947396998934579 ], [ -75.174239314046389, 39.947369382038239 ], [ -75.174244498374506, 39.947343886316084 ], [ -75.174426085223857, 39.947351388011427 ], [ -75.174431139131542, 39.94737015874324 ], [ -75.174415690034934, 39.947396998934579 ] ] ] } },
{ "type": "Feature", "properties": { "gid": 459402, "building_name": null, "num_birds_near": 1, "approx_hgt": 35.0, "lights_out": 0, "address": "3715 LANCASTER AVE" }, "geometry": { "type": "Polygon", "coordinates": [ [ [ -75.195860579135314, 39.959947793194807 ], [ -75.195914035246204, 39.959885111139911 ], [ -75.195976072435599, 39.959917261681262 ], [ -75.195865919081697, 39.960037927900657 ], [ -75.195846092660744, 39.960041020205118 ], [ -75.195819103563977, 39.960013265694606 ], [ -75.195870822083037, 39.959953514682411 ], [ -75.195860579135314, 39.959947793194807 ] ] ] } },
{ "type": "Feature", "properties": { "gid": 460662, "building_name": null, "num_birds_near": 1, "approx_hgt": 41.0, "lights_out": 0, "address": "2015 WAVERLY ST" }, "geometry": { "type": "Polygon", "coordinates": [ [ [ -75.175280487109987, 39.946566678331649 ], [ -75.175228654645991, 39.946559956407739 ], [ -75.175246517367185, 39.946472403408343 ], [ -75.17529978670828, 39.946478553904015 ], [ -75.175280487109987, 39.946566678331649 ] ] ] } },
{ "type": "Feature", "properties": { "gid": 461697, "building_name": "David Rittenhouse Labs", "num_birds_near": 1, "approx_hgt": 65.0, "lights_out": 0, "address": "3200 WALNUT ST" }, "geometry": { "type": "Polygon", "coordinates": [ [ [ -75.189719489929828, 39.952406898908357 ], [ -75.189648218176387, 39.952425082429286 ], [ -75.189651768006598, 39.95240771096438 ], [ -75.189419893663455, 39.952379643040558 ], [ -75.189416958253219, 39.952394005337034 ], [ -75.189382513407324, 39.952389836897972 ], [ -75.189384950707691, 39.952375893262811 ], [ -75.188480454754696, 39.952263198581768 ], [ -75.188477363901811, 39.952278325045235 ], [ -75.188434791692387, 39.952273171121185 ], [ -75.188466149481556, 39.952119741494784 ], [ -75.188541777054851, 39.952128897033468 ], [ -75.188548598867669, 39.952095513882917 ], [ -75.189050670521709, 39.952156292705432 ], [ -75.189043286441844, 39.952192424012949 ], [ -75.189120196100603, 39.952201734834162 ], [ -75.189146152007865, 39.952074731724117 ], [ -75.189116292078481, 39.952071116969165 ], [ -75.189124151171811, 39.952032662654894 ], [ -75.188846396498278, 39.951999039829182 ], [ -75.188848611473503, 39.951988201515782 ], [ -75.188825731171065, 39.95198543180053 ], [ -75.188836872146695, 39.951930915546718 ], [ -75.188861331649946, 39.951933873692759 ], [ -75.188898260587905, 39.951753184055718 ], [ -75.18909790002941, 39.951777351034785 ], [ -75.18910349980186, 39.951749949389914 ], [ -75.1899452867777, 39.951844919748737 ], [ -75.189926199043342, 39.951938327284985 ], [ -75.189997022812676, 39.951946900717218 ], [ -75.189898587737559, 39.952428577769368 ], [ -75.189719489929828, 39.952406898908357 ] ] ] } },
{ "type": "Feature", "properties": { "gid": 461787, "building_name": null, "num_birds_near": 1, "approx_hgt": 61.0, "lights_out": 0, "address": "114-24 S FRONT ST" }, "geometry": { "type": "Polygon", "coordinates": [ [ [ -75.142677913481805, 39.947697696320418 ], [ -75.142750096060468, 39.947377466626023 ], [ -75.143181073125376, 39.947424001993326 ], [ -75.143191679438786, 39.947376946706875 ], [ -75.143232951364297, 39.947382458322686 ], [ -75.143222125038065, 39.947430488921825 ], [ -75.143397423862737, 39.947453896291073 ], [ -75.143395011462133, 39.947464598744673 ], [ -75.143441667832533, 39.94747082912933 ], [ -75.143450239624855, 39.947432799957099 ], [ -75.143526415122224, 39.947442970961191 ], [ -75.143518080482536, 39.947479945927824 ], [ -75.144161443382359, 39.947565848167649 ], [ -75.144088629818157, 39.947888902486348 ], [ -75.142715169017904, 39.947712360382802 ], [ -75.142677913481805, 39.947697696320418 ] ] ] } },
{ "type": "Feature", "properties": { "gid": 461975, "building_name": "Tse & Cheng Sports Center", "num_birds_near": 1, "approx_hgt": 43.0, "lights_out": 0, "address": "3200 WALNUT ST" }, "geometry": { "type": "Polygon", "coordinates": [ [ [ -75.188314570051773, 39.951115945335246 ], [ -75.188349773885321, 39.950947379119398 ], [ -75.188264775317521, 39.950936818496089 ], [ -75.18832919950664, 39.95066464302576 ], [ -75.188519326673202, 39.950688699552295 ], [ -75.188579288850391, 39.950401598245342 ], [ -75.189116332799586, 39.950468034277186 ], [ -75.189070210217238, 39.950688891924187 ], [ -75.188951617968002, 39.950674221891504 ], [ -75.188937544034047, 39.950741613829962 ], [ -75.189237123822977, 39.950779517046875 ], [ -75.18917866159866, 39.951051362941975 ], [ -75.189093283541055, 39.951040397121048 ], [ -75.189058182586649, 39.951208580192741 ], [ -75.188314570051773, 39.951115945335246 ] ] ] } },
{ "type": "Feature", "properties": { "gid": 461976, "building_name": null, "num_birds_near": 1, "approx_hgt": 33.0, "lights_out": 0, "address": "3000 WALNUT ST" }, "geometry": { "type": "Polygon", "coordinates": [ [ [ -75.187735759465482, 39.950045300750681 ], [ -75.187832188594555, 39.950091624935176 ], [ -75.187785668264354, 39.950148984549088 ], [ -75.187689240255267, 39.950102660351618 ], [ -75.187735759465482, 39.950045300750681 ] ] ] } },
{ "type": "Feature", "properties": { "gid": 462880, "building_name": null, "num_birds_near": 1, "approx_hgt": 12.0, "lights_out": 0, "address": "221 S 34TH ST" }, "geometry": { "type": "Polygon", "coordinates": [ [ [ -75.191425925973235, 39.950762210805699 ], [ -75.191484119648578, 39.950751901229005 ], [ -75.191505745588017, 39.950789683483748 ], [ -75.191486970066066, 39.950810759087418 ], [ -75.191442042914844, 39.950813072633927 ], [ -75.191417567272424, 39.950786084828501 ], [ -75.191425925973235, 39.950762210805699 ] ] ] } },
{ "type": "Feature", "properties": { "gid": 462962, "building_name": null, "num_birds_near": 1, "approx_hgt": 36.0, "lights_out": 0, "address": "3417 RACE ST" }, "geometry": { "type": "Polygon", "coordinates": [ [ [ -75.191925369213322, 39.958858793492269 ], [ -75.191940676275564, 39.958959489804499 ], [ -75.191928174354729, 39.958967380439141 ], [ -75.191930179195481, 39.959011276216387 ], [ -75.191905349455283, 39.959028869684502 ], [ -75.191908840650186, 39.959105306010009 ], [ -75.1918575782761, 39.95910669198112 ], [ -75.191844247253471, 39.958860986733434 ], [ -75.191925369213322, 39.958858793492269 ] ] ] } },
{ "type": "Feature", "properties": { "gid": 463406, "building_name": null, "num_birds_near": 1, "approx_hgt": 79.0, "lights_out": 0, "address": "777 S BROAD ST" }, "geometry": { "type": "Polygon", "coordinates": [ [ [ -75.165675258187164, 39.941739689207438 ], [ -75.165125195163256, 39.941669935080846 ], [ -75.164968454405894, 39.94163841311078 ], [ -75.164976721551909, 39.941599007993432 ], [ -75.16498729425274, 39.9416003230155 ], [ -75.165017748176609, 39.941413796738367 ], [ -75.165036796621379, 39.941405730424968 ], [ -75.165436965786014, 39.941464028588925 ], [ -75.165455646453609, 39.941321783928274 ], [ -75.165467575227495, 39.941323267322581 ], [ -75.165495108378593, 39.941141018914117 ], [ -75.165507680241305, 39.941142581670341 ], [ -75.165528802839276, 39.9410419053496 ], [ -75.165122945416257, 39.941000303881822 ], [ -75.165109592354497, 39.940988722218684 ], [ -75.165154003927213, 39.940833870305234 ], [ -75.165157515932975, 39.940766437379175 ], [ -75.165175908395213, 39.940756224462326 ], [ -75.165872530581424, 39.940842744809785 ], [ -75.165904924897163, 39.940877903374172 ], [ -75.165887774887935, 39.940903772487061 ], [ -75.165814628826041, 39.941244490652856 ], [ -75.165827092455416, 39.941257026184701 ], [ -75.16580697953377, 39.941352893165657 ], [ -75.1657908088455, 39.941350882637494 ], [ -75.165776586229924, 39.941468721115932 ], [ -75.165762473140177, 39.941474318257249 ], [ -75.165723715198325, 39.941713841716087 ], [ -75.165675258187164, 39.941739689207438 ] ] ] } },
{ "type": "Feature", "properties": { "gid": 464425, "building_name": null, "num_birds_near": 1, "approx_hgt": 53.0, "lights_out": 0, "address": "3805-07 WALNUT ST" }, "geometry": { "type": "Polygon", "coordinates": [ [ [ -75.198820728135885, 39.954054771905682 ], [ -75.198836024480883, 39.953978433037186 ], [ -75.198824430415357, 39.953969800337447 ], [ -75.198855247661626, 39.953816004040682 ], [ -75.198969221491708, 39.953817984744845 ], [ -75.198999446169736, 39.953836050822574 ], [ -75.198938435295148, 39.954068741536503 ], [ -75.198820728135885, 39.954054771905682 ] ] ] } },
{ "type": "Feature", "properties": { "gid": 464694, "building_name": null, "num_birds_near": 1, "approx_hgt": 20.0, "lights_out": 0, "address": "2043 JOHN F KENNEDY BLVD" }, "geometry": { "type": "Polygon", "coordinates": [ [ [ -75.173115691737024, 39.954860837582672 ], [ -75.173121014880891, 39.954831152606104 ], [ -75.173176460602505, 39.954837041994764 ], [ -75.173171137516533, 39.954866726073668 ], [ -75.173115691737024, 39.954860837582672 ] ] ] } },
{ "type": "Feature", "properties": { "gid": 464844, "building_name": null, "num_birds_near": 1, "approx_hgt": 280.0, "lights_out": 0, "address": "1930-34 CHESTNUT ST" }, "geometry": { "type": "Polygon", "coordinates": [ [ [ -75.173179769199791, 39.9519395937795 ], [ -75.173231630198188, 39.951709674603762 ], [ -75.173470193050079, 39.951741546839479 ], [ -75.17342065508501, 39.951975152068748 ], [ -75.173188794860721, 39.951951617816341 ], [ -75.173179769199791, 39.9519395937795 ] ] ] } },
{ "type": "Feature", "properties": { "gid": 464991, "building_name": null, "num_birds_near": 1, "approx_hgt": 32.0, "lights_out": 0, "address": "3839 PEARL ST" }, "geometry": { "type": "Polygon", "coordinates": [ [ [ -75.198429921965854, 39.960310181771355 ], [ -75.198427403451419, 39.960291383961781 ], [ -75.19840818037521, 39.960292909766245 ], [ -75.198393830700709, 39.960173786858121 ], [ -75.198397104332756, 39.960156207195986 ], [ -75.198452704206659, 39.960151794588398 ], [ -75.198477332994074, 39.960310195645015 ], [ -75.198429921965854, 39.960310181771355 ] ] ] } },
{ "type": "Feature", "properties": { "gid": 465563, "building_name": null, "num_birds_near": 1, "approx_hgt": 32.0, "lights_out": 0, "address": "333 SAUNDERS AVE" }, "geometry": { "type": "Polygon", "coordinates": [ [ [ -75.198570857226628, 39.960476620774195 ], [ -75.198552102990476, 39.960327898345817 ], [ -75.198596282490982, 39.960324544422363 ], [ -75.198600348377596, 39.960356263706828 ], [ -75.198637219639636, 39.960353464423314 ], [ -75.19863408423754, 39.960329018018641 ], [ -75.198695370750514, 39.960324365057467 ], [ -75.198711328488358, 39.960448821584201 ], [ -75.198608309312633, 39.96045664325505 ], [ -75.198610485618559, 39.960473611617701 ], [ -75.198570857226628, 39.960476620774195 ] ] ] } },
{ "type": "Feature", "properties": { "gid": 466040, "building_name": "Alumni Hall", "num_birds_near": 1, "approx_hgt": 118.0, "lights_out": 0, "address": "1008-34 LOCUST ST" }, "geometry": { "type": "Polygon", "coordinates": [ [ [ -75.159261548014157, 39.946977078196277 ], [ -75.159157139517433, 39.947482725868845 ], [ -75.157733344455536, 39.947308556432468 ], [ -75.157837763316721, 39.94680290916628 ], [ -75.159261548014157, 39.946977078196277 ] ], [ [ -75.158236515902317, 39.947222670339443 ], [ -75.158233557869892, 39.947236813417945 ], [ -75.158252506583068, 39.947239160768859 ], [ -75.158303838648763, 39.946993685632371 ], [ -75.158115253414437, 39.946981480715614 ], [ -75.158100735404702, 39.94696818430895 ], [ -75.158049577257671, 39.947212825355479 ], [ -75.158068127250829, 39.947201810670173 ], [ -75.158236515902317, 39.947222670339443 ] ], [ [ -75.158749208872678, 39.947049400432206 ], [ -75.15869547132074, 39.94729254812372 ], [ -75.158714455610067, 39.947281930584595 ], [ -75.158884742454958, 39.947304381025994 ], [ -75.1588819903738, 39.947316749265099 ], [ -75.158897309748809, 39.947318768538793 ], [ -75.158951744583604, 39.94707417056761 ], [ -75.158932150509955, 39.947071587102293 ], [ -75.158929456666442, 39.947083687254292 ], [ -75.158749208872678, 39.947049400432206 ] ] ] } },
{ "type": "Feature", "properties": { "gid": 466795, "building_name": null, "num_birds_near": 1, "approx_hgt": 143.0, "lights_out": 0, "address": "400-14 WALNUT ST" }, "geometry": { "type": "Polygon", "coordinates": [ [ [ -75.148066276627048, 39.947107937364692 ], [ -75.148342083964963, 39.947139827971583 ], [ -75.148354980105623, 39.947077451045381 ], [ -75.148567321049953, 39.947104164031153 ], [ -75.148512899375092, 39.947340312026107 ], [ -75.148031115002794, 39.947282979811078 ], [ -75.148066276627048, 39.947107937364692 ] ] ] } },
{ "type": "Feature", "properties": { "gid": 467249, "building_name": "Church of the Living God", "num_birds_near": 1, "approx_hgt": 42.0, "lights_out": 0, "address": "801-03 S 11TH ST" }, "geometry": { "type": "Polygon", "coordinates": [ [ [ -75.160387222717759, 39.939942572285396 ], [ -75.160685042887295, 39.939977723034758 ], [ -75.16066766700321, 39.940063692138182 ], [ -75.160369377209392, 39.940030872486197 ], [ -75.160387222717759, 39.939942572285396 ] ] ] } },
{ "type": "Feature", "properties": { "gid": 467536, "building_name": "Philadelphia City Institute Library", "num_birds_near": 1, "approx_hgt": 261.0, "lights_out": 0, "address": "220 W RITTENHOUSE SQ" }, "geometry": { "type": "Polygon", "coordinates": [ [ [ -75.173412233742269, 39.949600344253767 ], [ -75.173195257602089, 39.949571837239247 ], [ -75.173189978818201, 39.949595641405878 ], [ -75.173044896711716, 39.949576579950026 ], [ -75.173017962507984, 39.949550012155832 ], [ -75.173015241307411, 39.949469249202302 ], [ -75.173035808202926, 39.9494684985277 ], [ -75.173050896919392, 39.94940047327033 ], [ -75.173078552221625, 39.949404106689428 ], [ -75.173085440787474, 39.949373046806947 ], [ -75.173116721143842, 39.949377157205369 ], [ -75.173122372510804, 39.949351678322714 ], [ -75.173415918574975, 39.949389754305855 ], [ -75.173410573539215, 39.94941385702937 ], [ -75.173457977020774, 39.949420084696058 ], [ -75.173412233742269, 39.949600344253767 ] ] ] } },
{ "type": "Feature", "properties": { "gid": 468225, "building_name": null, "num_birds_near": 1, "approx_hgt": 30.0, "lights_out": 0, "address": "1651 S CHRIS COLUMBUS BLV" }, "geometry": { "type": "Polygon", "coordinates": [ [ [ -75.142805641781266, 39.926808532964856 ], [ -75.142181057963342, 39.925848885459601 ], [ -75.143116177962838, 39.925483876235056 ], [ -75.14310561464724, 39.925467836671594 ], [ -75.143348449129689, 39.925373046010883 ], [ -75.143384387802641, 39.925427621520932 ], [ -75.143577339838899, 39.92535230179913 ], [ -75.143623100033849, 39.925421790729743 ], [ -75.143496658109413, 39.925471146786236 ], [ -75.143672875820641, 39.925738748770094 ], [ -75.143542677848032, 39.925789571067135 ], [ -75.143646453063539, 39.925947161454687 ], [ -75.143903327811657, 39.925846891586446 ], [ -75.143979637820848, 39.925962774471884 ], [ -75.14392240616084, 39.925985114649485 ], [ -75.143970548092113, 39.926058220192353 ], [ -75.143986741492967, 39.926051899065968 ], [ -75.14400093572003, 39.926073453316867 ], [ -75.143983833464588, 39.926080128613009 ], [ -75.144001998944461, 39.926107714450801 ], [ -75.143728887111365, 39.926214322678689 ], [ -75.143850847746009, 39.926399526218546 ], [ -75.143167036528084, 39.926666445253844 ], [ -75.143186687203965, 39.926696282402048 ], [ -75.143078046064403, 39.926738689524392 ], [ -75.143058931828335, 39.926709665560757 ], [ -75.142805641781266, 39.926808532964856 ] ] ] } },
{ "type": "Feature", "properties": { "gid": 468651, "building_name": null, "num_birds_near": 1, "approx_hgt": 37.0, "lights_out": 0, "address": "531 CYPRESS ST" }, "geometry": { "type": "Polygon", "coordinates": [ [ [ -75.151212136595973, 39.944944064438452 ], [ -75.151232942479822, 39.944844451709926 ], [ -75.151316818102728, 39.944854698351087 ], [ -75.151296713279308, 39.944954103524765 ], [ -75.151212136595973, 39.944944064438452 ] ] ] } },
{ "type": "Feature", "properties": { "gid": 469844, "building_name": "Gulf Gasoline Station", "num_birds_near": 1, "approx_hgt": 18.0, "lights_out": 0, "address": "2000-24 ARCH ST" }, "geometry": { "type": "Polygon", "coordinates": [ [ [ -75.173030929243922, 39.955300027176563 ], [ -75.173092224555205, 39.955308015821679 ], [ -75.173073463705251, 39.955393276950197 ], [ -75.173012167149409, 39.955385288268687 ], [ -75.173030929243922, 39.955300027176563 ] ] ] } },
{ "type": "Feature", "properties": { "gid": 470024, "building_name": null, "num_birds_near": 1, "approx_hgt": 33.0, "lights_out": 0, "address": "3601 LANCASTER AVE" }, "geometry": { "type": "Polygon", "coordinates": [ [ [ -75.193733775366226, 39.958926878832038 ], [ -75.193695379460252, 39.958916317579352 ], [ -75.193686997935316, 39.958869288417667 ], [ -75.193781356194805, 39.958776821539779 ], [ -75.193838662529544, 39.958806354954831 ], [ -75.193733775366226, 39.958926878832038 ] ] ] } },
{ "type": "Feature", "properties": { "gid": 470983, "building_name": null, "num_birds_near": 1, "approx_hgt": 22.0, "lights_out": 0, "address": "1709-17 CHESTNUT ST" }, "geometry": { "type": "Polygon", "coordinates": [ [ [ -75.169371007880642, 39.951630014814448 ], [ -75.16930409666405, 39.951948340951468 ], [ -75.169058883855882, 39.951922662535402 ], [ -75.169125315182072, 39.951600048611873 ], [ -75.169371007880642, 39.951630014814448 ] ] ] } },
{ "type": "Feature", "properties": { "gid": 470993, "building_name": null, "num_birds_near": 1, "approx_hgt": 32.0, "lights_out": 0, "address": "1601 ELLSWORTH ST" }, "geometry": { "type": "Polygon", "coordinates": [ [ [ -75.170275329222264, 39.937504287293009 ], [ -75.170292840424281, 39.937362213087482 ], [ -75.17037017355662, 39.937361473995942 ], [ -75.170339679953798, 39.937512049157931 ], [ -75.170275329222264, 39.937504287293009 ] ] ] } },
{ "type": "Feature", "properties": { "gid": 472064, "building_name": "Pottruck Center", "num_birds_near": 1, "approx_hgt": 73.0, "lights_out": 0, "address": "3701-23 WALNUT ST" }, "geometry": { "type": "Polygon", "coordinates": [ [ [ -75.19707602466606, 39.954160299062103 ], [ -75.196718371742733, 39.954123189163624 ], [ -75.196841242836896, 39.953520021754073 ], [ -75.197199397398734, 39.95356323419329 ], [ -75.197177730948283, 39.953669596752611 ], [ -75.197190221189416, 39.95367110369979 ], [ -75.197197441663576, 39.953635662990798 ], [ -75.197303816848489, 39.953650051569333 ], [ -75.197307890853935, 39.953630051629133 ], [ -75.197430560778628, 39.953625952798212 ], [ -75.197448968065586, 39.953628173440471 ], [ -75.197440182583961, 39.953671307253721 ], [ -75.197503928633324, 39.953678998588956 ], [ -75.197406006947418, 39.954159710323232 ], [ -75.19734075348714, 39.954151837632224 ], [ -75.19733723813907, 39.954169089327522 ], [ -75.197219598956778, 39.954174283035115 ], [ -75.197132631527296, 39.954163824934149 ], [ -75.197092551202118, 39.954151227052535 ], [ -75.197096066611337, 39.954133975364797 ], [ -75.197081738353447, 39.954132246399752 ], [ -75.19707602466606, 39.954160299062103 ] ] ] } },
{ "type": "Feature", "properties": { "gid": 473178, "building_name": "The Ellington", "num_birds_near": 1, "approx_hgt": 245.0, "lights_out": 0, "address": "1500 CHESTNUT ST" }, "geometry": { "type": "Polygon", "coordinates": [ [ [ -75.166008172375896, 39.951053407268404 ], [ -75.165726219428393, 39.951015643880829 ], [ -75.165813225443614, 39.950630860244587 ], [ -75.166092692922746, 39.950679604876839 ], [ -75.166008172375896, 39.951053407268404 ] ], [ [ -75.166004929605847, 39.950780240585097 ], [ -75.165984996101258, 39.950855623525904 ], [ -75.166025064896274, 39.950861898952724 ], [ -75.166044998323983, 39.950786516905154 ], [ -75.166004929605847, 39.950780240585097 ] ] ] } }
]
}
